CREATE DATABASE 88heyTest;

USE 88heyTest;

-- MySQL dump 10.13  Distrib 8.0.33, for macos13.3 (arm64)
--
-- Host: 13.124.252.160    Database: 88hey
-- ------------------------------------------------------
-- Server version	8.0.34-0ubuntu0.22.04.1

/*!40101 SET @OLD_CHARACTER_SET_CLIENT = @@CHARACTER_SET_CLIENT */;
/*!40101 SET @OLD_CHARACTER_SET_RESULTS = @@CHARACTER_SET_RESULTS */;
/*!40101 SET @OLD_COLLATION_CONNECTION = @@COLLATION_CONNECTION */;
/*!50503 SET NAMES utf8mb4 */;
/*!40103 SET @OLD_TIME_ZONE = @@TIME_ZONE */;
/*!40103 SET TIME_ZONE = '+00:00' */;
/*!40014 SET @OLD_UNIQUE_CHECKS = @@UNIQUE_CHECKS, UNIQUE_CHECKS = 0 */;
/*!40014 SET @OLD_FOREIGN_KEY_CHECKS = @@FOREIGN_KEY_CHECKS, FOREIGN_KEY_CHECKS = 0 */;
/*!40101 SET @OLD_SQL_MODE = @@SQL_MODE, SQL_MODE = 'NO_AUTO_VALUE_ON_ZERO' */;
/*!40111 SET @OLD_SQL_NOTES = @@SQL_NOTES, SQL_NOTES = 0 */;

--
-- Table structure for table `archiving`
--

DROP TABLE IF EXISTS `archiving`;
/*!40101 SET @saved_cs_client = @@character_set_client */;
/*!50503 SET character_set_client = utf8mb4 */;
CREATE TABLE `archiving`
(
    `id`                  bigint      NOT NULL,
    `name`                varchar(255) DEFAULT NULL,
    `review`              text,
    `created_at`          datetime    NOT NULL,
    `is_purchase`         tinyint(1)  NOT NULL,
    `car_normal_types_id` varchar(50) NOT NULL,
    PRIMARY KEY (`id`),
    KEY `FK_carNormalTypes_TO_archiving_1` (`car_normal_types_id`),
    CONSTRAINT `FK_carNormalTypes_TO_archiving_1` FOREIGN KEY (`car_normal_types_id`) REFERENCES `carNormalTypes` (`id`)
) ENGINE = InnoDB
  DEFAULT CHARSET = utf8mb4
  COLLATE = utf8mb4_0900_ai_ci;
/*!40101 SET character_set_client = @saved_cs_client */;

--
-- Dumping data for table `archiving`
--

LOCK TABLES `archiving` WRITE;
/*!40000 ALTER TABLE `archiving`
    DISABLE KEYS */;
INSERT INTO `archiving`
VALUES (479893076429349279, '황규태', '브레이크 반응이 아주 빠르며, 안전하게 느껴집니다.', '2019-01-04 16:54:19', 1, 'LXJJ7DST5'),
       (479893076429349281, '문선화', '자동 와이퍼 기능 덕분에 비오는 날 운전이 편리해요.', '2019-01-15 21:10:16', 0, 'LXJJ7DST5'),
       (479893076429349282, '표대한', '주행 중에도 차내에서는 꽤나 조용해요. 고급진 느낌!', '2019-02-07 21:57:22', 1, 'LXJJ8MSA5'),
       (479893076429349283, '탁남선', '엑셀러레이션이 꽤나 빠른 편이에요. 파워감 느껴져요!', '2019-02-10 18:13:51', 1, 'LXJJ7DSA5'),
       (479893076429349284, '남혜지', '적당한 크기로 도심 주행하기에도 아주 좋아요.', '2019-02-17 04:12:46', 1, 'LXJJ8MSA5'),
       (479893076429349285, '장승미', '승차감이 아주 좋고, 충격 흡수도 뛰어나게 느껴져요.', '2019-02-27 00:51:20', 0, 'LXJJ8DSA5'),
       (479893076429349286, '최신우', '통풍 좌석 기능이 생각보다 아주 유용하네요.', '2019-04-05 23:04:59', 1, 'LXJJ7DST5'),
       (479893076429349287, '복민용', '후방 센서와 카메라 덕분에 주차가 정말 쉬워졌어요.', '2019-05-14 18:46:28', 0, 'LXJJ7MSA5'),
       (479893076429349288, '최유현', '다른 차들과 비교했을 때, 이 차의 내장 기능이 더욱 풍부해요.', '2019-06-04 13:14:11', 1, 'LXJJ8DST5'),
       (479893076429349289, '오준우', '음악을 좋아하는 저에게는 스피커의 사운드가 최고!', '2019-07-15 20:47:49', 1, 'LXJJ7MST5'),
       (479893076429349290, '박서언', '디자인이 세련되어 있고, 핸들링이 아주 부드럽습니다.', '2019-08-12 09:42:11', 0, 'LXJJ7MSA5'),
       (479893076429349291, '정시정', '주차 어시스턴트 기능이 좁은 공간에서도 수월하게 주차할 수 있게 해줍니다.', '2019-08-22 21:44:31', 0, 'LXJJ8MSA5'),
       (479893076429349293, '한희윤', '차량의 연료 효율이 좋아 주유비 걱정이 크게 줄었습니다.', '2019-08-24 00:51:48', 1, 'LXJJ7DSA5'),
       (479893076429349294, '고연정', '차량의 스포티한 디자인이 도로에서 눈에 띄어 자주 칭찬을 받아요.', '2019-08-27 08:25:52', 1, 'LXJJ8MSA5'),
       (479893076429349296, '정기정', '뒷좌석이 넓어서 긴 여행 중에도 편안하게 지낼 수 있었습니다.', '2019-09-13 01:47:25', 0, 'LXJJ8DST5'),
       (479893076429349314, '신광준', '가족들과 여행 갈 때 이만한 차량이 없어요. 넉넉한 스페이스!', '2019-10-04 06:12:25', 1, 'LXJJ7DSA5'),
       (479893076429349323, '이예은', '차량의 헤드라이트 조절 기능이 밤에 운전할 때 큰 도움이 되네요.', '2019-10-29 09:16:04', 0, 'LXJJ8MSA5'),
       (479893076429349330, '오선민', '차량 스피커의 음질이 생각보다 훨씬 좋아, 드라이브 중 음악 감상이 즐겁습니다.', '2019-11-25 20:00:09', 1,
        'LXJJ7DSA5'),
       (479893076429349334, '하성원', '가격 대비 성능이 아주 만족스럽습니다. 추천합니다.', '2019-12-04 04:41:24', 0, 'LXJJ8DSA5'),
       (479893076429349340, '류기철', '편리한 리모트 스타트 기능으로 차량을 미리 시동 걸 수 있어요.', '2019-12-14 04:20:00', 0, 'LXJJ8DST5'),
       (479893076429349351, '양은희', '헤드업 디스플레이 기능으로 주행 정보를 바로바로 확인하며 안전하게 운전할 수 있습니다.', '2020-01-15 20:17:22', 1,
        'LXJJ7DSA5'),
       (479893076429349355, '강현철', '후방 카메라 화질이 좋아 주차가 편리해졌습니다.', '2020-02-06 20:13:09', 1, 'LXJJ7DST5'),
       (479893076429349366, '추시준', '무게 중심이 낮아 고속 주행 시에도 안정감이 뛰어나요.', '2020-02-07 22:15:01', 0, 'LXJJ7MSA5'),
       (479893076429349369, '봉병준', '자동 차선 변경 어시스턴트가 복잡한 도로에서도 안전한 주행을 도와줍니다.', '2020-02-23 06:03:20', 0, 'LXJJ7MST5'),
       (479893076429349372, '하영아', '차량의 BSM (Blind Spot Monitor) 기능으로 주변 환경을 더욱 잘 인지할 수 있어요.', '2020-04-06 05:27:39', 1,
        'LXJJ7DST5'),
       (479893076429349397, '설호성', '차량의 파노라마 썬루프로 넓은 하늘을 감상할 수 있어 좋아요.', '2020-04-21 21:01:01', 1, 'LXJJ7MST5'),
       (479893076429349399, '배도연', '차량 내부에 있는 공기청정기 기능으로 항상 신선한 공기를 느낄 수 있어요.', '2020-04-25 19:38:39', 0, 'LXJJ8MSA5'),
       (479893076429349402, '양시아', '자동 브레이크 홀드 기능이 경사로에서의 운전을 편리하게 해줍니다.', '2020-05-09 01:25:52', 1, 'LXJJ7DST5'),
       (479893076429349408, '손남일', '차의 라인 키프 어시스트로 고속도로 주행이 더욱 안정적입니다.', '2020-05-29 22:20:04', 1, 'LXJJ8DST5'),
       (479893076429349411, '양우선', '다양한 음성 명령 기능으로 운전 중에도 다양한 조작이 가능합니다.', '2020-08-12 11:10:32', 0, 'LXJJ8MSA5'),
       (479893076429349415, '서영준', '하이브리드 모델의 연비와 성능 둘 다 만족스럽습니다.', '2020-08-14 00:55:23', 1, 'LXJJ8DST5'),
       (479893076429349424, '신희윤', '안전 기능이 풍부해서 가족들을 태울 때 더 안심이 됩니다.', '2020-08-15 17:17:38', 0, 'LXJJ7DST5'),
       (479893076429349455, '서민태', '지금까지 타본 차 중에서 제일 좋아요. 후회 없는 선택!', '2020-09-06 17:06:13', 0, 'LXJJ8DSA5'),
       (479893076429349467, '정수아', '차의 무선 충전판이 휴대폰 배터리 걱정을 덜어줍니다.', '2020-09-30 07:08:21', 0, 'LXJJ7MSA5'),
       (479893076429349471, '노보아', '후석에 충전 포트가 있어서 휴대폰 충전이 편리합니다.', '2020-10-13 22:05:38', 1, 'LXJJ8DST5'),
       (479893076429349514, '탁수혁', 'LED 헤드라이트가 밤에 주행할 때 더욱 밝고 선명해요.', '2020-11-05 18:56:31', 0, 'LXJJ8DSA5'),
       (479893076429349519, '탁해윤', '자동 차량 높이 조절 기능으로 도로 상황에 맞게 운행할 수 있어요.', '2020-11-21 02:21:48', 1, 'LXJJ7DSA5'),
       (479893076429349520, '풍민지', '내비게이션 반응 속도가 빨라서 사용하기 편리합니다.', '2020-12-31 01:05:21', 0, 'LXJJ8DSA5'),
       (479893076429349521, '탁호영', '차량의 적응형 크루즈 컨트롤이 고속도로 주행 시 더욱 안전하게 해줘요.', '2021-01-02 22:33:07', 0, 'LXJJ7MSA5'),
       (479893076429349533, '노우현', '조수석에도 시트 메모리 기능이 있어서 다양한 운전자에게 편리합니다.', '2021-01-19 05:35:49', 1, 'LXJJ7DSA5'),
       (479893076429349537, '류정철', '안드로이드 오토와 애플 카플레이 연동이 휴대폰과 차를 완벽하게 연결해줍니다.', '2021-02-09 14:10:46', 0, 'LXJJ7DSA5'),
       (479893076429349541, '최성하', '코너링이 특히 잘 돼서 드라이브하는 재미가 있네요.', '2021-02-11 00:51:55', 1, 'LXJJ8MSA5'),
       (479893076429349544, '강성환', '차량의 360도 카메라 시스템으로 빈틈없는 주변 환경 확인이 가능합니다.', '2021-02-19 00:24:24', 0, 'LXJJ7DSA5'),
       (479893076429349545, '백경민', '경제적인 연료 소모로 장거리 드라이브하기 좋습니다.', '2021-04-26 15:22:27', 0, 'LXJJ7DSA5'),
       (479893076429349558, '송승근', '차의 에어컨 필터링 기능이 알레르기 환자인 저에게 아주 좋습니다.', '2021-05-29 13:57:49', 1, 'LXJJ7DST5'),
       (479893076429349561, '전재주', '차량 스타트/스톱 시스템이 연비 절약에 큰 도움이 되네요.', '2021-06-11 08:03:35', 0, 'LXJJ8DSA5'),
       (479893076429349595, '노도진', '풀 LED 테일 라이트가 야간 주행 시 다른 차량에게 더욱 잘 보이게 해줍니다.', '2021-06-24 07:09:49', 0,
        'LXJJ8DST5'),
       (479893076429349641, '노태지', '차량의 토크와 파워 밸런스가 좋아서 가속이 부드럽게 느껴집니다.', '2021-06-28 10:14:16', 1, 'LXJJ7DST5'),
       (479893076429349645, '추민선', '외관 컬러와 내부 재질 조합이 참 마음에 듭니다.', '2021-08-11 12:23:50', 1, 'LXJJ8DST5'),
       (479893076429349647, '손민재', '스마트 키 시스템 덕분에 차량 문을 열고 잠그는 게 간편해졌어요.', '2021-10-08 05:25:49', 1, 'LXJJ8MSA5'),
       (479893076429349670, '백민경', '멀티 정보 디스플레이가 운전 정보를 한눈에 보여주어 편리합니다.', '2021-10-23 11:38:05', 1, 'LXJJ7DST5'),
       (479893076433545643, '전철진', '레인 센서와 연동된 와이퍼가 비가 올 때 자동으로 활성화되는 점이 좋아요.', '2021-11-16 23:42:14', 1, 'LXJJ8DST5'),
       (479893076433545648, '윤주원', '크루즈 컨트롤 기능이 도로 여행을 더욱 편안하게 해줘요.', '2021-12-08 10:46:44', 1, 'LXJJ7MSA5'),
       (479893076433545650, '표영우', '자동 주차 기능이 초보 운전자에게도 주차를 쉽게 해줍니다.', '2022-02-12 04:16:09', 0, 'LXJJ8MSA5'),
       (479893076433545654, '최윤숙', '시트 히터와 시트 벤tilation 기능이 계절에 상관없이 편안함을 제공해요.', '2022-03-10 18:00:45', 0,
        'LXJJ7MST5'),
       (479893076433545668, '홍영진', '차량 내부의 컵 홀더 위치와 수가 생각보다 많아 유용합니다.', '2022-03-13 22:55:15', 0, 'LXJJ8DSA5'),
       (479893076433545670, '고성아', '전방 충돌 경고 시스템이 운전자의 안전을 크게 도와줍니다.', '2022-03-25 19:12:46', 0, 'LXJJ8DST5'),
       (479893076433545672, '안현희', '하이빔 어시스트 기능이 밤에 운전할 때 아주 편리하게 작동해요.', '2022-04-04 14:45:37', 0, 'LXJJ7DSA5'),
       (479893076433545673, '서철우', '휠 디자인이 독특하고, 고급스러워 전체 외관의 포인트가 되네요.', '2022-04-29 09:53:42', 1, 'LXJJ8DSA5'),
       (479893076433545674, '남광혁', '다양한 운전 모드 선택으로 다양한 주행 스타일을 즐길 수 있습니다.', '2022-05-12 12:44:25', 0, 'LXJJ8DST5'),
       (479893076433545675, '이현선', '후석 스페이스가 넓어서 다리를 편안하게 뻗을 수 있어요.', '2022-05-14 16:55:51', 0, 'LXJJ8DSA5'),
       (479893076433545676, '배문용', '자동차의 타이어 품질이 좋아서 노면 소음이 거의 없네요.', '2022-05-16 19:38:17', 1, 'LXJJ8DST5'),
       (479893076433545677, '노혜진', '에어컨의 냉각 성능이 매우 좋아서 더운 여름에도 시원하게 주행할 수 있습니다.', '2022-05-20 20:01:27', 1,
        'LXJJ8MSA5'),
       (479893076433545683, '문희주', '서스펜션의 편안함이 돋보여 긴 주행도 부담 없어요.', '2022-05-26 13:40:33', 0, 'LXJJ7MST5'),
       (479893076433545686, '남현진', '내부 LED 조명 덕분에 야간 주행 시 차내 분위기가 좋아요.', '2022-05-28 23:29:33', 1, 'LXJJ7DST5'),
       (479893076433545704, '이혜영', '차량의 디지털 대시보드 디스플레이가 선명해서 한눈에 정보를 파악할 수 있었습니다.', '2022-08-08 02:43:14', 1,
        'LXJJ7DST5'),
       (479893076433545710, '안규현', '차량의 공기청정기 기능이 내부 공기를 상쾌하게 유지해줍니다.', '2022-08-18 13:20:30', 1, 'LXJJ7DST5'),
       (479893076433545728, '송창수', '차량의 펜로마틱 선루프로 밤하늘을 감상하는 것이 좋았습니다.', '2022-09-02 00:23:54', 0, 'LXJJ8DSA5'),
       (479893076433545751, '설승민', '무선 충전 패드가 편리해서 스마트폰 충전 걱정이 없네요.', '2022-09-07 16:55:44', 1, 'LXJJ8DSA5'),
       (479893076433545762, '송은영', '차량의 패달 반응이 민첩해서 가속과 감속이 자연스럽게 이루어집니다.', '2022-11-07 15:12:59', 1, 'LXJJ7MST5'),
       (479893076433545771, '정세은', '통풍 좋은 시트가 여름철 더운 날씨에도 시원하게 주행할 수 있게 도와줍니다.', '2022-11-08 21:27:28', 1, 'LXJJ7MSA5'),
       (479893076433545782, '허승혁', '차량이 가볍게 반응해서 시내 주행이 상당히 편리합니다.', '2022-12-11 23:38:06', 0, 'LXJJ7DSA5'),
       (479893076433545792, '류희웅', '차량의 후방 카메라 화질이 깨끗해서 주차 시 큰 도움이 되었습니다.', '2023-02-10 09:26:01', 0, 'LXJJ7MST5'),
       (479893076433545796, '신도환', '차량 문 잠금 소리가 작아서 조용한 주택가에서도 눈치 보지 않아도 돼요.', '2023-02-26 09:18:12', 1, 'LXJJ7DSA5'),
       (479893076433545797, '문인태', '차량의 빠른 가속력으로 도로에서의 추월이 더욱 수월했습니다.', '2023-03-03 13:52:12', 1, 'LXJJ7MST5'),
       (479893076433545799, '노광현', '차량의 HUD(Head-Up Display) 기능으로 운전 중 정보 확인이 편리하네요.', '2023-03-17 23:48:35', 1,
        'LXJJ7DST5'),
       (479893076433545802, '윤현숙', '풍성한 차량 내부 공간으로 짐을 많이 실을 때도 공간 부족을 느끼지 않았습니다.', '2023-03-31 04:02:12', 1,
        'LXJJ7DST5'),
       (479893076433545867, '황선재', '사이드 미러의 접이 기능이 주차 시 더욱 편리하게 작동합니다.', '2023-04-02 17:19:23', 1, 'LXJJ7DST5'),
       (479893076437740194, '풍유빈', '뒷좌석에도 전기 플러그가 있어서 노트북 충전하기 좋아요.', '2023-05-09 15:26:06', 1, 'LXJJ8DSA5'),
       (479893076441933714, '송동근', '차량의 다양한 안전 기능이 운전자로서 안심이 되네요.', '2023-05-12 02:33:05', 0, 'LXJJ7MST5'),
       (479893076441934137, '강미정', '차량의 조용한 주행 소음으로 편안한 운전 환경을 느꼈습니다.', '2023-05-18 10:34:20', 1, 'LXJJ8DSA5'),
       (479893076441934714, '배명희', '차량의 스마트 크루즈 컨트롤이 장거리 운전 시 편리했습니다.', '2023-05-30 08:39:14', 0, 'LXJJ8DST5'),
       (479893076446129334, '이은미', '차량의 무선 업데이트 기능으로 최신 기능들을 쉽게 받을 수 있었습니다.', '2023-06-20 17:13:36', 1, 'LXJJ8DST5'),
       (479893076446129676, '한선웅', '차량의 자동 브레이크 시스템이 긴급 상황에서 큰 도움이 되었습니다.', '2023-07-02 19:23:50', 0, 'LXJJ8DST5'),
       (479893076446129702, '추선숙', '차량의 오토 홀드 기능으로 경사진 길에서의 출발이 수월했습니다.', '2023-08-09 09:01:51', 1, 'LXJJ7DSA5');
/*!40000 ALTER TABLE `archiving`
    ENABLE KEYS */;
UNLOCK TABLES;

--
-- Table structure for table `archiving_exteriorColor`
--

DROP TABLE IF EXISTS `archiving_exteriorColor`;
/*!40101 SET @saved_cs_client = @@character_set_client */;
/*!50503 SET character_set_client = utf8mb4 */;
CREATE TABLE `archiving_exteriorColor`
(
    `id`                int    NOT NULL AUTO_INCREMENT,
    `archiving_id`      bigint NOT NULL,
    `exterior_color_id` int    NOT NULL,
    `review`            text,
    PRIMARY KEY (`id`),
    KEY `FK_exteriorColor_TO_archiving_exteriorColor_1` (`exterior_color_id`),
    KEY `FK_archiving_TO_archiving_exteriorColor_1` (`archiving_id`),
    CONSTRAINT `FK_archiving_TO_archiving_exteriorColor_1` FOREIGN KEY (`archiving_id`) REFERENCES `archiving` (`id`),
    CONSTRAINT `FK_exteriorColor_TO_archiving_exteriorColor_1` FOREIGN KEY (`exterior_color_id`) REFERENCES `exteriorColor` (`id`)
) ENGINE = InnoDB
  AUTO_INCREMENT = 101
  DEFAULT CHARSET = utf8mb4
  COLLATE = utf8mb4_0900_ai_ci;
/*!40101 SET character_set_client = @saved_cs_client */;

--
-- Dumping data for table `archiving_exteriorColor`
--

LOCK TABLES `archiving_exteriorColor` WRITE;
/*!40000 ALTER TABLE `archiving_exteriorColor`
    DISABLE KEYS */;
INSERT INTO `archiving_exteriorColor`
VALUES (2, 479893076429349290, 6, NULL),
       (3, 479893076429349314, 3, NULL),
       (4, 479893076429349334, 1, NULL),
       (6, 479893076429349355, 3, NULL),
       (7, 479893076429349366, 6, NULL),
       (8, 479893076429349289, 5, NULL),
       (9, 479893076429349286, 1, NULL),
       (10, 479893076429349415, 3, NULL),
       (11, 479893076429349424, 4, NULL),
       (12, 479893076429349283, 3, NULL),
       (13, 479893076429349455, 6, NULL),
       (14, 479893076429349471, 4, NULL),
       (15, 479893076429349282, 1, NULL),
       (16, 479893076429349514, 6, NULL),
       (17, 479893076429349520, 5, NULL),
       (18, 479893076429349284, 2, NULL),
       (19, 479893076429349541, 5, NULL),
       (20, 479893076429349545, 6, NULL),
       (21, 479893076429349285, 5, NULL),
       (22, 479893076429349288, 3, NULL),
       (23, 479893076429349645, 4, NULL),
       (24, 479893076429349287, 4, NULL),
       (26, 479893076429349279, 2, NULL),
       (27, 479893076433545648, 2, NULL),
       (28, 479893076429349281, 2, NULL),
       (29, 479893076433545677, 1, NULL),
       (30, 479893076433545686, 6, NULL),
       (32, 479893076433545683, 1, NULL),
       (35, 479893076433545676, 3, NULL),
       (36, 479893076433545674, 1, NULL),
       (37, 479893076433545796, 6, NULL),
       (38, 479893076433545675, 5, NULL),
       (39, 479893076433545673, 4, NULL),
       (40, 479893076433545867, 1, NULL),
       (41, 479893076433545672, 2, NULL),
       (42, 479893076433545668, 2, NULL),
       (43, 479893076433545670, 5, NULL),
       (44, 479893076433545654, 5, NULL),
       (45, 479893076433545650, 5, NULL),
       (46, 479893076433545643, 6, NULL),
       (47, 479893076429349670, 4, NULL),
       (48, 479893076429349647, 5, NULL),
       (49, 479893076429349641, 1, NULL),
       (50, 479893076429349595, 6, NULL),
       (51, 479893076429349561, 5, NULL),
       (52, 479893076429349558, 3, NULL),
       (53, 479893076437740194, 1, NULL),
       (54, 479893076429349544, 4, NULL),
       (55, 479893076429349537, 6, NULL),
       (56, 479893076429349521, 3, NULL),
       (57, 479893076429349533, 2, NULL),
       (58, 479893076429349519, 6, NULL),
       (59, 479893076429349467, 2, NULL),
       (61, 479893076429349408, 5, NULL),
       (62, 479893076429349411, 6, NULL),
       (63, 479893076429349399, 6, NULL),
       (64, 479893076429349402, 2, NULL),
       (65, 479893076429349397, 4, NULL),
       (66, 479893076429349369, 4, NULL),
       (67, 479893076429349372, 1, NULL),
       (68, 479893076429349351, 5, NULL),
       (70, 479893076429349340, 5, NULL),
       (71, 479893076429349330, 6, NULL),
       (72, 479893076429349323, 6, NULL),
       (73, 479893076429349296, 5, NULL),
       (74, 479893076429349294, 1, NULL),
       (75, 479893076429349291, 1, NULL),
       (76, 479893076429349293, 5, NULL),
       (78, 479893076441933714, 1, NULL),
       (81, 479893076433545802, 6, NULL),
       (82, 479893076433545799, 2, NULL),
       (83, 479893076433545797, 1, NULL),
       (84, 479893076433545792, 4, NULL),
       (86, 479893076433545782, 2, NULL),
       (87, 479893076433545771, 3, NULL),
       (88, 479893076433545762, 4, NULL),
       (90, 479893076433545751, 6, NULL),
       (91, 479893076433545728, 6, NULL),
       (92, 479893076433545710, 4, NULL),
       (93, 479893076433545704, 5, NULL),
       (94, 479893076441934137, 1, NULL),
       (95, 479893076441934714, 5, NULL),
       (96, 479893076446129334, 4, NULL),
       (97, 479893076446129676, 2, NULL),
       (98, 479893076446129702, 4, NULL);
/*!40000 ALTER TABLE `archiving_exteriorColor`
    ENABLE KEYS */;
UNLOCK TABLES;

--
-- Table structure for table `archiving_interiorColor`
--

DROP TABLE IF EXISTS `archiving_interiorColor`;
/*!40101 SET @saved_cs_client = @@character_set_client */;
/*!50503 SET character_set_client = utf8mb4 */;
CREATE TABLE `archiving_interiorColor`
(
    `id`                int    NOT NULL AUTO_INCREMENT,
    `archiving_id`      bigint NOT NULL,
    `interior_color_id` int    NOT NULL,
    `review`            text,
    PRIMARY KEY (`id`),
    KEY `FK_interiorColor_TO_archiving_interiorColor_1` (`interior_color_id`),
    KEY `FK_archiving_TO_archiving_interiorColor_1` (`archiving_id`),
    CONSTRAINT `FK_archiving_TO_archiving_interiorColor_1` FOREIGN KEY (`archiving_id`) REFERENCES `archiving` (`id`),
    CONSTRAINT `FK_interiorColor_TO_archiving_interiorColor_1` FOREIGN KEY (`interior_color_id`) REFERENCES `interiorColor` (`id`)
) ENGINE = InnoDB
  AUTO_INCREMENT = 101
  DEFAULT CHARSET = utf8mb4
  COLLATE = utf8mb4_0900_ai_ci;
/*!40101 SET character_set_client = @saved_cs_client */;

--
-- Dumping data for table `archiving_interiorColor`
--

LOCK TABLES `archiving_interiorColor` WRITE;
/*!40000 ALTER TABLE `archiving_interiorColor`
    DISABLE KEYS */;
INSERT INTO `archiving_interiorColor`
VALUES (2, 479893076429349279, 2, NULL),
       (4, 479893076429349281, 2, NULL),
       (5, 479893076429349282, 1, NULL),
       (6, 479893076429349283, 2, NULL),
       (7, 479893076429349284, 2, NULL),
       (8, 479893076429349285, 1, NULL),
       (9, 479893076429349286, 1, NULL),
       (10, 479893076429349287, 2, NULL),
       (11, 479893076429349288, 2, NULL),
       (12, 479893076429349289, 1, NULL),
       (13, 479893076429349290, 1, NULL),
       (14, 479893076429349291, 2, NULL),
       (15, 479893076429349293, 2, NULL),
       (16, 479893076429349294, 2, NULL),
       (17, 479893076429349296, 1, NULL),
       (18, 479893076429349314, 2, NULL),
       (19, 479893076429349323, 2, NULL),
       (20, 479893076429349330, 1, NULL),
       (21, 479893076429349334, 1, NULL),
       (22, 479893076429349340, 2, NULL),
       (25, 479893076429349351, 2, NULL),
       (26, 479893076429349355, 2, NULL),
       (27, 479893076429349366, 2, NULL),
       (28, 479893076429349369, 2, NULL),
       (29, 479893076429349372, 1, NULL),
       (30, 479893076429349397, 2, NULL),
       (31, 479893076429349399, 2, NULL),
       (32, 479893076429349402, 2, NULL),
       (33, 479893076429349408, 1, NULL),
       (34, 479893076429349411, 2, NULL),
       (35, 479893076429349415, 1, NULL),
       (36, 479893076429349424, 1, NULL),
       (38, 479893076429349455, 1, NULL),
       (39, 479893076429349467, 1, NULL),
       (40, 479893076429349471, 1, NULL),
       (41, 479893076429349514, 2, NULL),
       (42, 479893076429349519, 1, NULL),
       (43, 479893076429349520, 1, NULL),
       (44, 479893076429349521, 1, NULL),
       (45, 479893076429349533, 2, NULL),
       (46, 479893076429349537, 2, NULL),
       (47, 479893076429349541, 1, NULL),
       (48, 479893076429349544, 1, NULL),
       (49, 479893076429349545, 2, NULL),
       (50, 479893076429349558, 1, NULL),
       (51, 479893076429349561, 2, NULL),
       (52, 479893076429349595, 1, NULL),
       (53, 479893076429349641, 2, NULL),
       (54, 479893076429349645, 1, NULL),
       (55, 479893076429349647, 2, NULL),
       (56, 479893076429349670, 2, NULL),
       (57, 479893076433545643, 1, NULL),
       (58, 479893076433545648, 2, NULL),
       (59, 479893076433545650, 2, NULL),
       (60, 479893076433545654, 2, NULL),
       (61, 479893076433545668, 1, NULL),
       (62, 479893076433545670, 2, NULL),
       (63, 479893076433545672, 2, NULL),
       (64, 479893076433545673, 1, NULL),
       (65, 479893076433545674, 2, NULL),
       (66, 479893076433545675, 1, NULL),
       (67, 479893076433545676, 2, NULL),
       (68, 479893076433545677, 1, NULL),
       (69, 479893076433545683, 2, NULL),
       (70, 479893076433545686, 2, NULL),
       (72, 479893076433545704, 2, NULL),
       (73, 479893076433545710, 1, NULL),
       (74, 479893076433545728, 1, NULL),
       (77, 479893076433545751, 2, NULL),
       (79, 479893076433545762, 2, NULL),
       (80, 479893076433545771, 2, NULL),
       (81, 479893076433545782, 1, NULL),
       (83, 479893076433545792, 2, NULL),
       (84, 479893076433545796, 2, NULL),
       (85, 479893076433545797, 2, NULL),
       (86, 479893076433545799, 1, NULL),
       (87, 479893076433545802, 2, NULL),
       (90, 479893076433545867, 1, NULL),
       (91, 479893076437740194, 2, NULL),
       (92, 479893076441933714, 1, NULL),
       (94, 479893076441934137, 2, NULL),
       (95, 479893076441934714, 1, NULL),
       (96, 479893076446129334, 2, NULL),
       (97, 479893076446129676, 1, NULL),
       (98, 479893076446129702, 2, NULL);
/*!40000 ALTER TABLE `archiving_interiorColor`
    ENABLE KEYS */;
UNLOCK TABLES;

--
-- Table structure for table `archiving_selectOption`
--

DROP TABLE IF EXISTS `archiving_selectOption`;
/*!40101 SET @saved_cs_client = @@character_set_client */;
/*!50503 SET character_set_client = utf8mb4 */;
CREATE TABLE `archiving_selectOption`
(
    `id`               int         NOT NULL AUTO_INCREMENT,
    `archiving_id`     bigint      NOT NULL,
    `select_option_id` varchar(50) NOT NULL,
    `review`           text,
    PRIMARY KEY (`id`),
    KEY `FK_selectOption_TO_archiving_selectOption_1` (`select_option_id`),
    KEY `FK_archiving_TO_archiving_selectOption_1` (`archiving_id`),
    CONSTRAINT `FK_archiving_TO_archiving_selectOption_1` FOREIGN KEY (`archiving_id`) REFERENCES `archiving` (`id`),
    CONSTRAINT `FK_selectOption_TO_archiving_selectOption_1` FOREIGN KEY (`select_option_id`) REFERENCES `selectOption` (`id`)
) ENGINE = InnoDB
  AUTO_INCREMENT = 612
  DEFAULT CHARSET = utf8mb4
  COLLATE = utf8mb4_0900_ai_ci;
/*!40101 SET character_set_client = @saved_cs_client */;

--
-- Dumping data for table `archiving_selectOption`
--

LOCK TABLES `archiving_selectOption` WRITE;
/*!40000 ALTER TABLE `archiving_selectOption`
    DISABLE KEYS */;
INSERT INTO `archiving_selectOption`
VALUES (10, 479893076429349314, 'CO2', '컴포트 Ⅱ를 체험해 본 후 다른 차량에서는 이 편안함을 느끼기 힘들 정도였습니다.'),
       (11, 479893076429349314, 'LX0010', '보호 필름을 설치한 지 한 달이 지났는데, 이미 여러 차례의 작은 스크래치로부터 차량을 보호받았어요.'),
       (12, 479893076429349314, 'LX3232', '듀얼 머플러 패키지로 업그레이드한 후 차량의 외관이 훨씬 스포티해진 것 같아요. 많은 사람들이 이 옵션에 대해 물어보더라구요!'),
       (13, 479893076429349314, 'LX3233',
        '무릎을 따뜻하게 해주는 이 기능 덕분에 겨울 운전이 훨씬 더 즐거워졌습니다. 특히 눈 내리는 날에는 이 기능 없이는 못 살 것 같아요!'),
       (14, 479893076429349314, '2VS', '뒷좌석에서도 여름에 시원하게 이용할 수 있어서 좋아요!'),
       (15, 479893076429349314, 'LX3220', '빌트인 공기청정기 덕분에 운전 중에도 항상 신선한 공기를 숨쉴 수 있어 너무 좋아요.'),
       (16, 479893076429349314, 'LX0009', '비나 눈이 올 때 승하차 시 미끄러질 걱정이 없어진 게 사이드스텝 덕분입니다.'),
       (17, 479893076433545796, 'LX0010', '처음에는 보호 필름의 필요성을 몰랐는데, 한 번 설치해보니 차량 관리에 있어서 꼭 필요한 아이템이라는 걸 깨달았습니다.'),
       (18, 479893076433545796, 'PA2', '주차보조 시스템 Ⅱ를 사용한 후로, 주변 사람들에게도 이 기능을 강력 추천하고 있습니다. 진짜 주차가 한결 쉬워졌답니다.'),
       (19, 479893076433545796, 'LX3220', '알레르기가 있는데, 차 안에서도 공기청정기가 돌아가니까 훨씬 쾌적하게 느껴져요. 확실히 차이가 나더라구요!'),
       (20, 479893076433545796, 'LX0004', '매트가 차량 바닥에 딱 맞아서 미끄럼 없이 안전하게 운전할 수 있어서 만족스럽습니다.'),
       (21, 479893076433545796, 'CO2', '긴 여행 중에도 피로감을 크게 느끼지 않아서 기분이 좋았어요. 컴포트 Ⅱ는 정말 최고!'),
       (22, 479893076433545796, 'LX3233',
        '처음 이 기능을 알게 됐을 때는 조금 의심스러웠는데, 실제로 사용해보니 차안이 훨씬 더 포근해진 느낌입니다. 특히 적외선의 따뜻함이 직접 느껴져서 좋네요.'),
       (23, 479893076433545796, 'LX3232', '차량의 뒷모습이 듀얼 머플러 패키지로 인해 강렬하게 변했어요. 스포티한 디자인을 좋아하는 분들에게는 강력 추천하고 싶습니다.'),
       (24, 479893076433545796, 'DUP', '듀얼 와이드 선루프로 천장을 열면 차 안의 분위기가 완전히 달라져서 너무 좋았습니다.'),
       (25, 479893076429349330, 'LX3233',
        '무릎을 따뜻하게 해주는 이 기능 덕분에 겨울 운전이 훨씬 더 즐거워졌습니다. 특히 눈 내리는 날에는 이 기능 없이는 못 살 것 같아요!'),
       (26, 479893076429349330, 'LX3220', '차량용 공기청정기를 따로 사려고 했는데, 빌트인으로 설치된 이 공기청정기는 디자인적으로도 깔끔하고 효율적이어서 만족스럽네요.'),
       (27, 479893076429349330, 'LX0004', '프로텍션 매트 패키지 I의 품질이 정말 좋아서 오래 사용할 것 같아요. 가성비 최고입니다.'),
       (28, 479893076429349293, 'LX0009', '사이드스텝 덕분에 차량 출입이 훨씬 편리해졌습니다. 특히 아이들이나 노약자에게 추천하고 싶어요.'),
       (29, 479893076429349293, 'PA2', '어려운 각도에서의 주차도 주차보조 시스템 Ⅱ의 도움으로 문제없이 해결하고 있습니다. 특히 좁은 공간에서의 주차가 훨씬 쉬워졌어요.'),
       (30, 479893076429349293, 'BIC', '안전 운전에 필수적인 옵션이라 생각합니다. 확실히 안심이 되요.'),
       (31, 479893076429349293, 'LX3232', '소리부터가 확연히 다르다는 것을 느낄 수 있어요. 듀얼 머플러 패키지 덕분에 운전하는 재미가 더해진 것 같습니다.'),
       (32, 479893076429349293, 'LX0004', '프로텍션 매트 패키지 I를 설치한 후로 차량 내부 청소하기가 훨씬 수월해졌습니다.'),
       (33, 479893076429349293, 'CO2', '긴 여행 중에도 피로감을 크게 느끼지 않아서 기분이 좋았어요. 컴포트 Ⅱ는 정말 최고!'),
       (34, 479893076429349293, 'LX0010', '차량 보호 필름은 내 차량의 가장 효과적인 보험 중 하나라고 생각합니다.'),
       (35, 479893076429349293, 'DUP', '듀얼 와이드 선루프 덕분에 여름에도 차 내부가 밝고 환기도 잘 돼서 시원하게 운행할 수 있었습니다.'),
       (36, 479893076429349293, 'LX3233', '아침 일찍 출발할 때 차안이 차가웠는데, 이제는 적외선 무릎워머로 따뜻하게 시작할 수 있어서 하루가 기분 좋게 시작됩니다.'),
       (37, 479893076429349293, 'HSS', '처음엔 그저 편의 기능 정도로 생각했는데, 현대스마트센스 Ⅰ는 운전의 신뢰성을 크게 높여주는 필수 옵션으로 느껴졌습니다.'),
       (38, 479893076429349293, '2VS', '뒷좌석에서도 여름에 시원하게 이용할 수 있어서 좋아요!'),
       (39, 479893076429349519, 'CO2', '컴포트 Ⅱ 옵션은 운전자와 승객 모두를 위한 최상의 선택이라고 생각합니다.'),
       (40, 479893076429349519, 'BIC', '안전 운전에 필수적인 옵션이라 생각합니다. 확실히 안심이 되요.'),
       (41, 479893076433545672, 'CO2', '긴 여행 중에도 피로감을 크게 느끼지 않아서 기분이 좋았어요. 컴포트 Ⅱ는 정말 최고!'),
       (42, 479893076433545672, 'PA2',
        '블라인드 스팟이나 뒤쪽 장애물을 훨씬 쉽게 확인할 수 있어 안전성이 크게 향상된 느낌입니다. 주차보조 시스템 Ⅱ 없이는 주차를 할 수 없을 것 같아요.'),
       (43, 479893076433545672, 'LX3220', '실외의 미세먼지 수치가 높을 때도 차 안에서는 깨끗한 공기를 마실 수 있어서 너무 좋아요. 건강에도 좋을 것 같아요.'),
       (44, 479893076433545672, 'LX0009', '비나 눈이 올 때 승하차 시 미끄러질 걱정이 없어진 게 사이드스텝 덕분입니다.'),
       (45, 479893076433545672, 'HSS', '도로 위의 불시의 상황에서도 현대스마트센스 Ⅰ가 빠르게 반응해 안전을 최우선으로 보호해 주었습니다.'),
       (46, 479893076429349537, 'LX3232', '소리부터가 확연히 다르다는 것을 느낄 수 있어요. 듀얼 머플러 패키지 덕분에 운전하는 재미가 더해진 것 같습니다.'),
       (47, 479893076429349537, '2VS', '가족들이 뒷좌석 통풍 기능을 아주 좋아해요. 여름 드라이브에 필수!'),
       (48, 479893076429349537, 'LX0009', '사이드스텝 설치 후 안정감이 느껴져서 차량을 사용할 때마다 만족스럽습니다.'),
       (49, 479893076429349537, 'BIC', '안전 운전에 필수적인 옵션이라 생각합니다. 확실히 안심이 되요.'),
       (50, 479893076429349537, 'LX0004', '프로텍션 매트 패키지 I를 설치한 후로 차량 내부 청소하기가 훨씬 수월해졌습니다.'),
       (51, 479893076429349537, 'LX0010', '비나 눈에 의한 얼룩이나 물자국이 생기기 어려워져, 차량 청소하기도 더 쉬워졌습니다.'),
       (52, 479893076429349537, 'LX3220', '알레르기가 있는데, 차 안에서도 공기청정기가 돌아가니까 훨씬 쾌적하게 느껴져요. 확실히 차이가 나더라구요!'),
       (53, 479893076429349537, 'DUP', '듀얼 와이드 선루프로 천장을 열면 차 안의 분위기가 완전히 달라져서 너무 좋았습니다.'),
       (54, 479893076429349537, 'CO2', '긴 여행 중에도 피로감을 크게 느끼지 않아서 기분이 좋았어요. 컴포트 Ⅱ는 정말 최고!'),
       (55, 479893076429349537, 'LX3233',
        '처음 이 기능을 알게 됐을 때는 조금 의심스러웠는데, 실제로 사용해보니 차안이 훨씬 더 포근해진 느낌입니다. 특히 적외선의 따뜻함이 직접 느껴져서 좋네요.'),
       (56, 479893076429349537, 'HSS', '현대스마트센스 Ⅰ 덕분에 복잡한 도로에서도 차량의 주변 상황을 쉽게 파악할 수 있어서 정말 편리했습니다.'),
       (57, 479893076429349537, 'PA2', '어려운 각도에서의 주차도 주차보조 시스템 Ⅱ의 도움으로 문제없이 해결하고 있습니다. 특히 좁은 공간에서의 주차가 훨씬 쉬워졌어요.'),
       (58, 479893076429349545, 'LX0010', '보호 필름을 설치한 지 한 달이 지났는데, 이미 여러 차례의 작은 스크래치로부터 차량을 보호받았어요.'),
       (59, 479893076429349283, 'LX3233',
        '적외선 무릎워머 기능을 처음 들었을 때는 \'진짜 효과가 있을까?\' 싶었는데, 사용해보니 진짜로 무릎 부분이 따뜻해져서 길게 운전해도 피로감이 줄어든 것 같아요.'),
       (60, 479893076429349283, 'PA2',
        '주차보조 시스템 Ⅱ의 정확도와 반응 속도에 정말 만족하고 있습니다. 주차 시간도 단축되었고, 주차 중에 발생할 수 있는 사고 위험도 크게 줄인 것 같아요.'),
       (61, 479893076429349283, 'LX0004', '프로텍션 매트 패키지 I를 설치한 후로 차량 내부 청소하기가 훨씬 수월해졌습니다.'),
       (62, 479893076429349283, 'LX3232', '소리부터가 확연히 다르다는 것을 느낄 수 있어요. 듀얼 머플러 패키지 덕분에 운전하는 재미가 더해진 것 같습니다.'),
       (63, 479893076429349283, 'LX0010', '보호 필름을 붙인 후로 태양 빛에 의한 페이드아웃 현상이 줄어들었어요. 차량의 색상이 오래 지속될 것 같습니다.'),
       (64, 479893076429349283, 'BIC', '안전 운전에 필수적인 옵션이라 생각합니다. 확실히 안심이 되요.'),
       (65, 479893076446129702, 'LX0004', '프로텍션 매트 패키지 I의 품질이 정말 좋아서 오래 사용할 것 같아요. 가성비 최고입니다.'),
       (66, 479893076433545686, 'LX0004', '지속적인 운전으로 발밑이 더러워질 때마다 고민이었는데, 프로텍션 매트 패키지 I 덕분에 내부 보호가 잘 되고 있어요.'),
       (67, 479893076429349402, 'CO2', '긴 여행 중에도 피로감을 크게 느끼지 않아서 기분이 좋았어요. 컴포트 Ⅱ는 정말 최고!'),
       (68, 479893076429349402, 'LX0009', '비나 눈이 올 때 승하차 시 미끄러질 걱정이 없어진 게 사이드스텝 덕분입니다.'),
       (69, 479893076429349402, 'LX0010', '보호 필름을 붙인 후로 태양 빛에 의한 페이드아웃 현상이 줄어들었어요. 차량의 색상이 오래 지속될 것 같습니다.'),
       (70, 479893076429349402, 'PA2',
        '주차보조 시스템 Ⅱ 덕분에 복잡한 주차장에서도 스트레스 없이 주차를 마칠 수 있게 되었습니다. 이제는 이 기능 없이는 주차하기 어려울 것 같아요.'),
       (71, 479893076429349402, 'DUP', '운전 중에도 듀얼 와이드 선루프로 밤하늘의 별을 볼 수 있어서 아주 특별한 경험이었습니다.'),
       (72, 479893076429349402, 'LX3220', '차량용 공기청정기를 따로 사려고 했는데, 빌트인으로 설치된 이 공기청정기는 디자인적으로도 깔끔하고 효율적이어서 만족스럽네요.'),
       (73, 479893076429349372, 'LX0004', '비나 눈, 진흙 등 악조건에서도 프로텍션 매트 패키지 I가 차량 내부를 깔끔하게 보호해 주어서 너무 감사하게 생각하고 있습니다.'),
       (74, 479893076429349372, 'DUP', '듀얼 와이드 선루프 덕분에 여름에도 차 내부가 밝고 환기도 잘 돼서 시원하게 운행할 수 있었습니다.'),
       (75, 479893076429349372, 'HSS', '현대스마트센스 Ⅰ 기능이 차량에 탑재되어 있어서 안전 운전에 큰 도움이 되었습니다.'),
       (76, 479893076429349372, 'BIC', '주차할 때나 복잡한 길에서 정말 도움이 되는 기능입니다.'),
       (77, 479893076429349355, 'CO2', '긴 여행 중에도 피로감을 크게 느끼지 않아서 기분이 좋았어요. 컴포트 Ⅱ는 정말 최고!'),
       (78, 479893076429349355, 'LX3232', '소리부터가 확연히 다르다는 것을 느낄 수 있어요. 듀얼 머플러 패키지 덕분에 운전하는 재미가 더해진 것 같습니다.'),
       (79, 479893076429349355, 'LX0004', '지속적인 운전으로 발밑이 더러워질 때마다 고민이었는데, 프로텍션 매트 패키지 I 덕분에 내부 보호가 잘 되고 있어요.'),
       (80, 479893076429349355, '2VS', '뒷좌석에서도 여름에 시원하게 이용할 수 있어서 좋아요!'),
       (81, 479893076429349355, 'LX0009', '내구성이 뛰어난 사이드스텝으로 오랜 시간 동안 사용해도 문제 없을 것 같습니다.'),
       (82, 479893076429349355, 'BIC', '빌트인 캠 덕분에 더 넓은 시야를 얻을 수 있어서 편리해요.'),
       (83, 479893076429349355, 'LX3233', '겨울철 운전이 이렇게 편안한 것이었다니! 적외선 무릎워머 덕분에 길게 운전해도 무릎이 따뜻해서 정말 좋아요.'),
       (84, 479893076429349355, 'LX3220', '실외의 미세먼지 수치가 높을 때도 차 안에서는 깨끗한 공기를 마실 수 있어서 너무 좋아요. 건강에도 좋을 것 같아요.'),
       (85, 479893076429349355, 'HSS', '현대스마트센스 Ⅰ 기능이 차량에 탑재되어 있어서 안전 운전에 큰 도움이 되었습니다.'),
       (86, 479893076429349355, 'LX0010', '처음에는 보호 필름의 필요성을 몰랐는데, 한 번 설치해보니 차량 관리에 있어서 꼭 필요한 아이템이라는 걸 깨달았습니다.'),
       (87, 479893076429349355, 'DUP', '운전 중에도 듀얼 와이드 선루프로 밤하늘의 별을 볼 수 있어서 아주 특별한 경험이었습니다.'),
       (88, 479893076433545710, '2VS', '뒷좌석에서도 여름에 시원하게 이용할 수 있어서 좋아요!'),
       (89, 479893076433545710, 'DUP', '듀얼 와이드 선루프 덕분에 여름에도 차 내부가 밝고 환기도 잘 돼서 시원하게 운행할 수 있었습니다.'),
       (90, 479893076433545710, 'LX0010', '처음에는 보호 필름의 필요성을 몰랐는데, 한 번 설치해보니 차량 관리에 있어서 꼭 필요한 아이템이라는 걸 깨달았습니다.'),
       (91, 479893076433545710, 'LX0009', '높은 차량을 오래 운전하다가 사이드스텝을 설치한 후, 왜 이제서야 설치했는지 후회될 정도로 편리함을 느꼈습니다.'),
       (92, 479893076433545710, 'LX0004', '비나 눈, 진흙 등 악조건에서도 프로텍션 매트 패키지 I가 차량 내부를 깔끔하게 보호해 주어서 너무 감사하게 생각하고 있습니다.'),
       (93, 479893076433545704, 'LX0010', '차량 보호 필름의 투명도가 높아 외관에 전혀 눈에 띄지 않아요. 디자인을 해치지 않는 보호 방법이라 좋네요.'),
       (94, 479893076433545704, 'DUP', '듀얼 와이드 선루프로 천장을 열면 차 안의 분위기가 완전히 달라져서 너무 좋았습니다.'),
       (95, 479893076433545704, '2VS', '이 기능이 있으니 뒤쪽에 타는 친구들도 편안함을 느낄 수 있어요.'),
       (96, 479893076433545704, 'HSS', '처음엔 그저 편의 기능 정도로 생각했는데, 현대스마트센스 Ⅰ는 운전의 신뢰성을 크게 높여주는 필수 옵션으로 느껴졌습니다.'),
       (97, 479893076433545704, 'LX3232', '듀얼 머플러 패키지를 장착한 후로 주변에서 차량에 대한 호평이 늘었어요. 특히 젊은 세대들에게 인기가 많아진 것 같아요.'),
       (98, 479893076433545704, 'BIC', '빌트인 캠 덕분에 더 넓은 시야를 얻을 수 있어서 편리해요.'),
       (99, 479893076433545704, 'LX3233',
        '적외선 무릎워머 기능을 처음 들었을 때는 \'진짜 효과가 있을까?\' 싶었는데, 사용해보니 진짜로 무릎 부분이 따뜻해져서 길게 운전해도 피로감이 줄어든 것 같아요.'),
       (100, 479893076433545704, 'LX3220', '차량용 공기청정기를 따로 사려고 했는데, 빌트인으로 설치된 이 공기청정기는 디자인적으로도 깔끔하고 효율적이어서 만족스럽네요.'),
       (101, 479893076433545704, 'PA2', '어려운 각도에서의 주차도 주차보조 시스템 Ⅱ의 도움으로 문제없이 해결하고 있습니다. 특히 좁은 공간에서의 주차가 훨씬 쉬워졌어요.'),
       (102, 479893076433545704, 'LX0009', '차량의 측면에서도 감각적인 디자인의 사이드스텝이 돋보여서 만족스럽습니다.'),
       (103, 479893076433545704, 'LX0004', '비나 눈, 진흙 등 악조건에서도 프로텍션 매트 패키지 I가 차량 내부를 깔끔하게 보호해 주어서 너무 감사하게 생각하고 있습니다.'),
       (104, 479893076429349424, 'LX0004', '매트가 차량 바닥에 딱 맞아서 미끄럼 없이 안전하게 운전할 수 있어서 만족스럽습니다.'),
       (105, 479893076429349424, 'DUP', '듀얼 와이드 선루프 덕분에 여름에도 차 내부가 밝고 환기도 잘 돼서 시원하게 운행할 수 있었습니다.'),
       (106, 479893076429349424, 'LX3232', '차량의 뒷모습이 듀얼 머플러 패키지로 인해 강렬하게 변했어요. 스포티한 디자인을 좋아하는 분들에게는 강력 추천하고 싶습니다.'),
       (107, 479893076429349424, '2VS', '이 기능이 있으니 뒤쪽에 타는 친구들도 편안함을 느낄 수 있어요.'),
       (108, 479893076429349424, 'LX3233', '적외선 무릎워머를 사용한 후로는 다른 차량에서 운전하기가 힘들 정도로 만족스럽습니다. 꼭 겨울철에 추천하고 싶은 기능이에요.'),
       (109, 479893076429349424, 'BIC', '주차할 때나 복잡한 길에서 정말 도움이 되는 기능입니다.'),
       (110, 479893076429349424, 'LX3220', '빌트인 공기청정기 덕분에 운전 중에도 항상 신선한 공기를 숨쉴 수 있어 너무 좋아요.'),
       (111, 479893076429349424, 'HSS', '현대스마트센스 Ⅰ 덕분에 복잡한 도로에서도 차량의 주변 상황을 쉽게 파악할 수 있어서 정말 편리했습니다.'),
       (112, 479893076429349424, 'LX0009', '사이드스텝 설치 후 안정감이 느껴져서 차량을 사용할 때마다 만족스럽습니다.'),
       (113, 479893076429349424, 'CO2', '컴포트 Ⅱ를 체험해 본 후 다른 차량에서는 이 편안함을 느끼기 힘들 정도였습니다.'),
       (114, 479893076429349424, 'LX0010', '차량 보호 필름은 내 차량의 가장 효과적인 보험 중 하나라고 생각합니다.'),
       (115, 479893076429349279, 'CO2', '컴포트 Ⅱ 옵션은 운전자와 승객 모두를 위한 최상의 선택이라고 생각합니다.'),
       (116, 479893076429349279, 'LX0010', '보호 필름을 붙인 후로 태양 빛에 의한 페이드아웃 현상이 줄어들었어요. 차량의 색상이 오래 지속될 것 같습니다.'),
       (117, 479893076429349279, 'DUP', '운전 중에도 듀얼 와이드 선루프로 밤하늘의 별을 볼 수 있어서 아주 특별한 경험이었습니다.'),
       (118, 479893076429349279, 'LX3232', '듀얼 머플러 패키지로 업그레이드한 후 차량의 외관이 훨씬 스포티해진 것 같아요. 많은 사람들이 이 옵션에 대해 물어보더라구요!'),
       (119, 479893076429349279, 'BIC', '주차할 때나 복잡한 길에서 정말 도움이 되는 기능입니다.'),
       (120, 479893076429349279, 'LX0004', '프로텍션 매트 패키지 I의 품질이 정말 좋아서 오래 사용할 것 같아요. 가성비 최고입니다.'),
       (121, 479893076429349279, 'LX3233', '적외선 무릎워머를 사용한 후로는 다른 차량에서 운전하기가 힘들 정도로 만족스럽습니다. 꼭 겨울철에 추천하고 싶은 기능이에요.'),
       (122, 479893076429349279, 'LX3220', '빌트인 공기청정기 덕분에 운전 중에도 항상 신선한 공기를 숨쉴 수 있어 너무 좋아요.'),
       (123, 479893076429349279, '2VS', '가족들이 뒷좌석 통풍 기능을 아주 좋아해요. 여름 드라이브에 필수!'),
       (124, 479893076429349279, 'LX0009', '스포티한 디자인의 사이드스텝으로 차량의 이미지가 한층 업그레이드 되었네요.'),
       (125, 479893076429349279, 'HSS', '길을 잃을 뻔한 순간에도 현대스마트센스 Ⅰ의 안내 덕분에 안전하게 목적지까지 도착할 수 있었습니다.'),
       (126, 479893076429349558, 'LX0010', '차량 보호 필름의 투명도가 높아 외관에 전혀 눈에 띄지 않아요. 디자인을 해치지 않는 보호 방법이라 좋네요.'),
       (127, 479893076429349558, 'LX0009', '사이드스텝 설치 후 안정감이 느껴져서 차량을 사용할 때마다 만족스럽습니다.'),
       (128, 479893076429349558, 'LX3233',
        '무릎을 따뜻하게 해주는 이 기능 덕분에 겨울 운전이 훨씬 더 즐거워졌습니다. 특히 눈 내리는 날에는 이 기능 없이는 못 살 것 같아요!'),
       (129, 479893076429349558, 'HSS', '길을 잃을 뻔한 순간에도 현대스마트센스 Ⅰ의 안내 덕분에 안전하게 목적지까지 도착할 수 있었습니다.'),
       (130, 479893076429349558, 'LX3220',
        '빌트인 공기청정기를 사용한 후로는 차량 내부의 냄새가 확연히 줄었어요. 특히 음식물 냄새나 담배 냄새가 금방 사라져서 만족스럽습니다.'),
       (131, 479893076429349558, 'LX3232', '듀얼 머플러 패키지를 장착한 후로 주변에서 차량에 대한 호평이 늘었어요. 특히 젊은 세대들에게 인기가 많아진 것 같아요.'),
       (132, 479893076429349558, 'CO2', '컴포트 Ⅱ를 체험해 본 후 다른 차량에서는 이 편안함을 느끼기 힘들 정도였습니다.'),
       (133, 479893076429349558, 'LX0004', '매트가 차량 바닥에 딱 맞아서 미끄럼 없이 안전하게 운전할 수 있어서 만족스럽습니다.'),
       (134, 479893076429349558, '2VS', '뒷좌석에서도 여름에 시원하게 이용할 수 있어서 좋아요!'),
       (135, 479893076429349558, 'BIC', '주차할 때나 복잡한 길에서 정말 도움이 되는 기능입니다.'),
       (136, 479893076429349558, 'PA2', '주차보조 시스템 Ⅱ를 사용한 후로, 주변 사람들에게도 이 기능을 강력 추천하고 있습니다. 진짜 주차가 한결 쉬워졌답니다.'),
       (137, 479893076429349641, 'DUP', '듀얼 와이드 선루프로 천장을 열면 차 안의 분위기가 완전히 달라져서 너무 좋았습니다.'),
       (138, 479893076429349641, 'LX0010', '차량 보호 필름은 내 차량의 가장 효과적인 보험 중 하나라고 생각합니다.'),
       (139, 479893076429349641, 'CO2', '긴 여행 중에도 피로감을 크게 느끼지 않아서 기분이 좋았어요. 컴포트 Ⅱ는 정말 최고!'),
       (140, 479893076429349641, 'LX0009', '사이드스텝 설치 후로는 주차장에서도 자주 차량을 쳐다보게 되네요. 디자인과 기능성 모두 만족입니다.'),
       (141, 479893076429349670, 'PA2', '주차보조 시스템 Ⅱ를 사용한 후로, 주변 사람들에게도 이 기능을 강력 추천하고 있습니다. 진짜 주차가 한결 쉬워졌답니다.'),
       (142, 479893076429349670, 'LX0009', '스포티한 디자인의 사이드스텝으로 차량의 이미지가 한층 업그레이드 되었네요.'),
       (143, 479893076429349670, '2VS', '이 기능이 있으니 뒤쪽에 타는 친구들도 편안함을 느낄 수 있어요.'),
       (144, 479893076429349670, 'CO2', '컴포트 Ⅱ를 체험해 본 후 다른 차량에서는 이 편안함을 느끼기 힘들 정도였습니다.'),
       (145, 479893076429349670, 'BIC', '주차할 때나 복잡한 길에서 정말 도움이 되는 기능입니다.'),
       (146, 479893076429349286, 'LX0009', '차량의 외관을 업그레이드하고 싶을 때 사이드스텝은 꼭 필요한 옵션이라고 생각합니다.'),
       (147, 479893076429349286, 'HSS', '현대스마트센스 Ⅰ 기능이 차량에 탑재되어 있어서 안전 운전에 큰 도움이 되었습니다.'),
       (148, 479893076429349286, 'LX0004', '매트가 차량 바닥에 딱 맞아서 미끄럼 없이 안전하게 운전할 수 있어서 만족스럽습니다.'),
       (149, 479893076433545867, 'DUP', '듀얼 와이드 선루프로 천장을 열면 차 안의 분위기가 완전히 달라져서 너무 좋았습니다.'),
       (150, 479893076433545867, 'CO2', '컴포트 Ⅱ 옵션은 운전자와 승객 모두를 위한 최상의 선택이라고 생각합니다.'),
       (151, 479893076433545867, 'BIC', '빌트인 캠 덕분에 더 넓은 시야를 얻을 수 있어서 편리해요.'),
       (152, 479893076433545867, '2VS', '가족들이 뒷좌석 통풍 기능을 아주 좋아해요. 여름 드라이브에 필수!'),
       (153, 479893076433545867, 'LX0009', '내구성이 뛰어난 사이드스텝으로 오랜 시간 동안 사용해도 문제 없을 것 같습니다.'),
       (154, 479893076433545867, 'LX3220', '실외의 미세먼지 수치가 높을 때도 차 안에서는 깨끗한 공기를 마실 수 있어서 너무 좋아요. 건강에도 좋을 것 같아요.'),
       (155, 479893076433545867, 'LX3232', '처음엔 외관만을 위해 선택했는데, 실제로 운전 중에도 차량의 성능과 소음 부분에서도 개선이 느껴져서 만족스럽네요.'),
       (156, 479893076429349281, 'BIC', '안전 운전에 필수적인 옵션이라 생각합니다. 확실히 안심이 되요.'),
       (157, 479893076429349281, 'CO2', '컴포트 Ⅱ를 체험해 본 후 다른 차량에서는 이 편안함을 느끼기 힘들 정도였습니다.'),
       (158, 479893076429349281, 'HSS', '도로 위의 불시의 상황에서도 현대스마트센스 Ⅰ가 빠르게 반응해 안전을 최우선으로 보호해 주었습니다.'),
       (159, 479893076429349281, 'PA2',
        '블라인드 스팟이나 뒤쪽 장애물을 훨씬 쉽게 확인할 수 있어 안전성이 크게 향상된 느낌입니다. 주차보조 시스템 Ⅱ 없이는 주차를 할 수 없을 것 같아요.'),
       (160, 479893076429349281, 'LX0004', '비나 눈, 진흙 등 악조건에서도 프로텍션 매트 패키지 I가 차량 내부를 깔끔하게 보호해 주어서 너무 감사하게 생각하고 있습니다.'),
       (161, 479893076433545802, 'LX0009', '사이드스텝 덕분에 차량 출입이 훨씬 편리해졌습니다. 특히 아이들이나 노약자에게 추천하고 싶어요.'),
       (162, 479893076433545802, 'PA2', '어려운 각도에서의 주차도 주차보조 시스템 Ⅱ의 도움으로 문제없이 해결하고 있습니다. 특히 좁은 공간에서의 주차가 훨씬 쉬워졌어요.'),
       (163, 479893076433545802, 'LX3232', '듀얼 머플러 패키지로 업그레이드한 후 차량의 외관이 훨씬 스포티해진 것 같아요. 많은 사람들이 이 옵션에 대해 물어보더라구요!'),
       (164, 479893076433545802, 'LX0004', '지속적인 운전으로 발밑이 더러워질 때마다 고민이었는데, 프로텍션 매트 패키지 I 덕분에 내부 보호가 잘 되고 있어요.'),
       (165, 479893076433545802, 'LX3220', '차량용 공기청정기를 따로 사려고 했는데, 빌트인으로 설치된 이 공기청정기는 디자인적으로도 깔끔하고 효율적이어서 만족스럽네요.'),
       (166, 479893076433545802, 'BIC', '안전 운전에 필수적인 옵션이라 생각합니다. 확실히 안심이 되요.'),
       (167, 479893076433545802, 'DUP', '운전 중에도 듀얼 와이드 선루프로 밤하늘의 별을 볼 수 있어서 아주 특별한 경험이었습니다.'),
       (168, 479893076433545802, 'LX3233', '겨울철 운전이 이렇게 편안한 것이었다니! 적외선 무릎워머 덕분에 길게 운전해도 무릎이 따뜻해서 정말 좋아요.'),
       (169, 479893076433545802, 'LX0010', '보호 필름을 붙인 후로 태양 빛에 의한 페이드아웃 현상이 줄어들었어요. 차량의 색상이 오래 지속될 것 같습니다.'),
       (170, 479893076433545802, '2VS', '가족들이 뒷좌석 통풍 기능을 아주 좋아해요. 여름 드라이브에 필수!'),
       (171, 479893076433545802, 'CO2', '컴포트 Ⅱ를 체험해 본 후 다른 차량에서는 이 편안함을 느끼기 힘들 정도였습니다.'),
       (172, 479893076433545802, 'HSS', '현대스마트센스 Ⅰ 덕분에 복잡한 도로에서도 차량의 주변 상황을 쉽게 파악할 수 있어서 정말 편리했습니다.'),
       (173, 479893076429349366, 'DUP', '듀얼 와이드 선루프 덕분에 여름에도 차 내부가 밝고 환기도 잘 돼서 시원하게 운행할 수 있었습니다.'),
       (174, 479893076429349366, 'PA2',
        '이전 차량에서는 주차할 때마다 스트레스를 많이 받았는데, 이 차량에서는 주차보조 시스템 Ⅱ 덕분에 걱정 없이 주차를 할 수 있어서 정말 좋아요.'),
       (175, 479893076429349366, 'LX0009', '사이드스텝 없이는 높은 차량 출입이 어려웠는데, 이제는 훨씬 편안하게 이용할 수 있어요.'),
       (176, 479893076429349287, 'LX3233',
        '처음 이 기능을 알게 됐을 때는 조금 의심스러웠는데, 실제로 사용해보니 차안이 훨씬 더 포근해진 느낌입니다. 특히 적외선의 따뜻함이 직접 느껴져서 좋네요.'),
       (177, 479893076429349521, 'LX3233', '아침 일찍 출발할 때 차안이 차가웠는데, 이제는 적외선 무릎워머로 따뜻하게 시작할 수 있어서 하루가 기분 좋게 시작됩니다.'),
       (178, 479893076429349521, 'LX0004', '비나 눈, 진흙 등 악조건에서도 프로텍션 매트 패키지 I가 차량 내부를 깔끔하게 보호해 주어서 너무 감사하게 생각하고 있습니다.'),
       (179, 479893076433545648, 'LX3232', '이전 차량에 비해 확실히 소리와 성능 모두에서 업그레이드 된 느낌입니다. 듀얼 머플러 패키지 선택은 후회 없는 결정이었어요.'),
       (180, 479893076429349467, '2VS', '뒷좌석에서도 여름에 시원하게 이용할 수 있어서 좋아요!'),
       (181, 479893076429349467, 'LX3232', '차량의 뒷모습이 듀얼 머플러 패키지로 인해 강렬하게 변했어요. 스포티한 디자인을 좋아하는 분들에게는 강력 추천하고 싶습니다.'),
       (182, 479893076429349467, 'BIC', '빌트인 캠 덕분에 더 넓은 시야를 얻을 수 있어서 편리해요.'),
       (183, 479893076429349467, 'PA2',
        '주차보조 시스템 Ⅱ 덕분에 복잡한 주차장에서도 스트레스 없이 주차를 마칠 수 있게 되었습니다. 이제는 이 기능 없이는 주차하기 어려울 것 같아요.'),
       (184, 479893076429349467, 'LX0009', '차량의 외관을 업그레이드하고 싶을 때 사이드스텝은 꼭 필요한 옵션이라고 생각합니다.'),
       (185, 479893076429349467, 'LX0010', '차량 보호 필름 덕분에 외부 스크래치로부터 내 차를 보호받을 수 있어 너무 만족스럽습니다.'),
       (186, 479893076429349467, 'LX0004', '지속적인 운전으로 발밑이 더러워질 때마다 고민이었는데, 프로텍션 매트 패키지 I 덕분에 내부 보호가 잘 되고 있어요.'),
       (187, 479893076429349467, 'HSS', '도로 위의 불시의 상황에서도 현대스마트센스 Ⅰ가 빠르게 반응해 안전을 최우선으로 보호해 주었습니다.'),
       (188, 479893076429349467, 'CO2', '긴 여행 중에도 피로감을 크게 느끼지 않아서 기분이 좋았어요. 컴포트 Ⅱ는 정말 최고!'),
       (189, 479893076429349467, 'LX3233',
        '무릎을 따뜻하게 해주는 이 기능 덕분에 겨울 운전이 훨씬 더 즐거워졌습니다. 특히 눈 내리는 날에는 이 기능 없이는 못 살 것 같아요!'),
       (190, 479893076429349467, 'LX3220', '차량 구매 시 빌트인 공기청정기 옵션을 선택한 것은 진짜 탁월한 선택이었다고 생각합니다.'),
       (191, 479893076429349290, 'LX0010', '차량 보호 필름의 투명도가 높아 외관에 전혀 눈에 띄지 않아요. 디자인을 해치지 않는 보호 방법이라 좋네요.'),
       (192, 479893076429349290, 'DUP', '듀얼 와이드 선루프로 천장을 열면 차 안의 분위기가 완전히 달라져서 너무 좋았습니다.'),
       (193, 479893076429349290, 'LX0004', '프로텍션 매트 패키지 I의 품질이 정말 좋아서 오래 사용할 것 같아요. 가성비 최고입니다.'),
       (194, 479893076429349290, 'BIC', '주차할 때나 복잡한 길에서 정말 도움이 되는 기능입니다.'),
       (195, 479893076429349290, 'LX0009', '사이드스텝 덕분에 차량 출입이 훨씬 편리해졌습니다. 특히 아이들이나 노약자에게 추천하고 싶어요.'),
       (196, 479893076433545771, 'CO2', '컴포트 Ⅱ 옵션은 운전자와 승객 모두를 위한 최상의 선택이라고 생각합니다.'),
       (197, 479893076433545771, 'LX0009', '차량의 외관을 업그레이드하고 싶을 때 사이드스텝은 꼭 필요한 옵션이라고 생각합니다.'),
       (198, 479893076433545771, 'LX3232', '차량의 뒷모습이 듀얼 머플러 패키지로 인해 강렬하게 변했어요. 스포티한 디자인을 좋아하는 분들에게는 강력 추천하고 싶습니다.'),
       (199, 479893076433545771, '2VS', '뒷좌석에서도 여름에 시원하게 이용할 수 있어서 좋아요!'),
       (200, 479893076433545771, 'LX0010', '처음에는 보호 필름의 필요성을 몰랐는데, 한 번 설치해보니 차량 관리에 있어서 꼭 필요한 아이템이라는 걸 깨달았습니다.'),
       (201, 479893076433545771, 'PA2',
        '이전 차량에서는 주차할 때마다 스트레스를 많이 받았는데, 이 차량에서는 주차보조 시스템 Ⅱ 덕분에 걱정 없이 주차를 할 수 있어서 정말 좋아요.'),
       (202, 479893076433545797, 'PA2',
        '주차보조 시스템 Ⅱ의 정확도와 반응 속도에 정말 만족하고 있습니다. 주차 시간도 단축되었고, 주차 중에 발생할 수 있는 사고 위험도 크게 줄인 것 같아요.'),
       (203, 479893076433545797, 'HSS', '도로 위의 불시의 상황에서도 현대스마트센스 Ⅰ가 빠르게 반응해 안전을 최우선으로 보호해 주었습니다.'),
       (204, 479893076433545683, 'PA2',
        '블라인드 스팟이나 뒤쪽 장애물을 훨씬 쉽게 확인할 수 있어 안전성이 크게 향상된 느낌입니다. 주차보조 시스템 Ⅱ 없이는 주차를 할 수 없을 것 같아요.'),
       (205, 479893076433545683, 'BIC', '안전 운전에 필수적인 옵션이라 생각합니다. 확실히 안심이 되요.'),
       (206, 479893076433545683, 'HSS', '처음엔 그저 편의 기능 정도로 생각했는데, 현대스마트센스 Ⅰ는 운전의 신뢰성을 크게 높여주는 필수 옵션으로 느껴졌습니다.'),
       (207, 479893076433545683, 'DUP', '운전 중에도 듀얼 와이드 선루프로 밤하늘의 별을 볼 수 있어서 아주 특별한 경험이었습니다.'),
       (208, 479893076433545683, 'LX3233', '겨울철 운전이 이렇게 편안한 것이었다니! 적외선 무릎워머 덕분에 길게 운전해도 무릎이 따뜻해서 정말 좋아요.'),
       (209, 479893076433545683, 'LX0009', '사이드스텝 덕분에 차량 출입이 훨씬 편리해졌습니다. 특히 아이들이나 노약자에게 추천하고 싶어요.'),
       (210, 479893076433545683, 'LX0004', '비나 눈, 진흙 등 악조건에서도 프로텍션 매트 패키지 I가 차량 내부를 깔끔하게 보호해 주어서 너무 감사하게 생각하고 있습니다.'),
       (211, 479893076433545683, '2VS', '이 기능이 있으니 뒤쪽에 타는 친구들도 편안함을 느낄 수 있어요.'),
       (212, 479893076433545683, 'CO2', '컴포트 Ⅱ 옵션은 운전자와 승객 모두를 위한 최상의 선택이라고 생각합니다.'),
       (213, 479893076433545683, 'LX3220',
        '운전하면서도 항상 깨끗한 공기를 느낄 수 있어서 기분이 좋아요. 특히 트래픽이 많은 도심에서는 그 효과를 더 크게 느낄 수 있었어요.'),
       (214, 479893076433545792, 'LX0010', '보호 필름을 설치한 지 한 달이 지났는데, 이미 여러 차례의 작은 스크래치로부터 차량을 보호받았어요.'),
       (215, 479893076433545792, 'LX3233', '겨울철 운전이 이렇게 편안한 것이었다니! 적외선 무릎워머 덕분에 길게 운전해도 무릎이 따뜻해서 정말 좋아요.'),
       (216, 479893076433545792, 'LX3232', '처음엔 외관만을 위해 선택했는데, 실제로 운전 중에도 차량의 성능과 소음 부분에서도 개선이 느껴져서 만족스럽네요.'),
       (217, 479893076433545792, 'LX0009', '사이드스텝 설치 후로는 주차장에서도 자주 차량을 쳐다보게 되네요. 디자인과 기능성 모두 만족입니다.'),
       (218, 479893076433545792, 'DUP', '운전 중에도 듀얼 와이드 선루프로 밤하늘의 별을 볼 수 있어서 아주 특별한 경험이었습니다.'),
       (219, 479893076433545762, 'LX3220',
        '빌트인 공기청정기를 사용한 후로는 차량 내부의 냄새가 확연히 줄었어요. 특히 음식물 냄새나 담배 냄새가 금방 사라져서 만족스럽습니다.'),
       (220, 479893076433545762, 'LX3232', '듀얼 머플러 패키지를 장착한 후로 주변에서 차량에 대한 호평이 늘었어요. 특히 젊은 세대들에게 인기가 많아진 것 같아요.'),
       (221, 479893076433545762, 'DUP', '듀얼 와이드 선루프로 천장을 열면 차 안의 분위기가 완전히 달라져서 너무 좋았습니다.'),
       (222, 479893076433545762, 'LX0004', '프로텍션 매트 패키지 I를 설치한 후로 차량 내부 청소하기가 훨씬 수월해졌습니다.'),
       (223, 479893076433545654, 'PA2', '주차보조 시스템 Ⅱ를 사용한 후로, 주변 사람들에게도 이 기능을 강력 추천하고 있습니다. 진짜 주차가 한결 쉬워졌답니다.'),
       (224, 479893076433545654, 'LX0004', '프로텍션 매트 패키지 I의 품질이 정말 좋아서 오래 사용할 것 같아요. 가성비 최고입니다.'),
       (225, 479893076433545654, 'DUP', '듀얼 와이드 선루프 덕분에 여름에도 차 내부가 밝고 환기도 잘 돼서 시원하게 운행할 수 있었습니다.'),
       (226, 479893076429349289, '2VS', '이 기능이 있으니 뒤쪽에 타는 친구들도 편안함을 느낄 수 있어요.'),
       (227, 479893076429349289, 'LX0009', '사이드스텝 설치 후 안정감이 느껴져서 차량을 사용할 때마다 만족스럽습니다.'),
       (228, 479893076429349289, 'HSS', '길을 잃을 뻔한 순간에도 현대스마트센스 Ⅰ의 안내 덕분에 안전하게 목적지까지 도착할 수 있었습니다.'),
       (229, 479893076429349289, 'DUP', '듀얼 와이드 선루프로 천장을 열면 차 안의 분위기가 완전히 달라져서 너무 좋았습니다.'),
       (230, 479893076429349289, 'LX0010', '차량 보호 필름 덕분에 외부 스크래치로부터 내 차를 보호받을 수 있어 너무 만족스럽습니다.'),
       (231, 479893076429349397, 'PA2',
        '주차보조 시스템 Ⅱ의 정확도와 반응 속도에 정말 만족하고 있습니다. 주차 시간도 단축되었고, 주차 중에 발생할 수 있는 사고 위험도 크게 줄인 것 같아요.'),
       (232, 479893076429349397, 'DUP', '운전 중에도 듀얼 와이드 선루프로 밤하늘의 별을 볼 수 있어서 아주 특별한 경험이었습니다.'),
       (233, 479893076429349397, 'CO2', '컴포트 Ⅱ를 체험해 본 후 다른 차량에서는 이 편안함을 느끼기 힘들 정도였습니다.'),
       (234, 479893076429349397, '2VS', '이 기능이 있으니 뒤쪽에 타는 친구들도 편안함을 느낄 수 있어요.'),
       (235, 479893076429349369, 'LX0010', '초기 투자비용이 있었지만, 장기적으로 봤을 때 스크래치로 인한 수리 비용을 절약할 수 있을 것 같아요.'),
       (236, 479893076429349369, 'CO2', '긴 여행 중에도 피로감을 크게 느끼지 않아서 기분이 좋았어요. 컴포트 Ⅱ는 정말 최고!'),
       (237, 479893076429349369, 'BIC', '주차할 때나 복잡한 길에서 정말 도움이 되는 기능입니다.'),
       (238, 479893076429349369, 'LX3233',
        '적외선 무릎워머 기능을 처음 들었을 때는 \'진짜 효과가 있을까?\' 싶었는데, 사용해보니 진짜로 무릎 부분이 따뜻해져서 길게 운전해도 피로감이 줄어든 것 같아요.'),
       (239, 479893076441933714, 'HSS', '도로 위의 불시의 상황에서도 현대스마트센스 Ⅰ가 빠르게 반응해 안전을 최우선으로 보호해 주었습니다.'),
       (240, 479893076441933714, 'LX0009', '높은 차량을 오래 운전하다가 사이드스텝을 설치한 후, 왜 이제서야 설치했는지 후회될 정도로 편리함을 느꼈습니다.'),
       (241, 479893076441933714, 'LX0010', '차량 보호 필름 덕분에 외부 스크래치로부터 내 차를 보호받을 수 있어 너무 만족스럽습니다.'),
       (242, 479893076441933714, 'LX0004', '매트가 차량 바닥에 딱 맞아서 미끄럼 없이 안전하게 운전할 수 있어서 만족스럽습니다.'),
       (243, 479893076441933714, 'LX3232', '처음엔 외관만을 위해 선택했는데, 실제로 운전 중에도 차량의 성능과 소음 부분에서도 개선이 느껴져서 만족스럽네요.'),
       (244, 479893076441933714, 'BIC', '주차할 때나 복잡한 길에서 정말 도움이 되는 기능입니다.'),
       (245, 479893076429349561, 'LX3220', '빌트인 공기청정기가 있는 차량을 운전하니, 가족들도 더욱 건강하게 이동할 수 있게 되었어요. 특히 아이들에게 안심이 됩니다.'),
       (246, 479893076429349561, 'HSS', '길을 잃을 뻔한 순간에도 현대스마트센스 Ⅰ의 안내 덕분에 안전하게 목적지까지 도착할 수 있었습니다.'),
       (247, 479893076429349561, 'DUP', '듀얼 와이드 선루프 덕분에 여름에도 차 내부가 밝고 환기도 잘 돼서 시원하게 운행할 수 있었습니다.'),
       (248, 479893076429349561, 'LX3233',
        '처음 이 기능을 알게 됐을 때는 조금 의심스러웠는데, 실제로 사용해보니 차안이 훨씬 더 포근해진 느낌입니다. 특히 적외선의 따뜻함이 직접 느껴져서 좋네요.'),
       (249, 479893076429349561, 'PA2',
        '주차보조 시스템 Ⅱ의 정확도와 반응 속도에 정말 만족하고 있습니다. 주차 시간도 단축되었고, 주차 중에 발생할 수 있는 사고 위험도 크게 줄인 것 같아요.'),
       (250, 479893076429349561, 'LX0009', '스포티한 디자인의 사이드스텝으로 차량의 이미지가 한층 업그레이드 되었네요.'),
       (251, 479893076429349561, 'LX3232', '듀얼 머플러 패키지로 업그레이드한 후 차량의 외관이 훨씬 스포티해진 것 같아요. 많은 사람들이 이 옵션에 대해 물어보더라구요!'),
       (252, 479893076429349561, 'CO2', '긴 여행 중에도 피로감을 크게 느끼지 않아서 기분이 좋았어요. 컴포트 Ⅱ는 정말 최고!'),
       (253, 479893076429349561, 'BIC', '안전 운전에 필수적인 옵션이라 생각합니다. 확실히 안심이 되요.'),
       (254, 479893076429349561, 'LX0010', '차량 보호 필름의 투명도가 높아 외관에 전혀 눈에 띄지 않아요. 디자인을 해치지 않는 보호 방법이라 좋네요.'),
       (255, 479893076441934137, 'LX3233',
        '적외선 무릎워머 기능을 처음 들었을 때는 \'진짜 효과가 있을까?\' 싶었는데, 사용해보니 진짜로 무릎 부분이 따뜻해져서 길게 운전해도 피로감이 줄어든 것 같아요.'),
       (256, 479893076441934137, 'HSS', '현대스마트센스 Ⅰ 덕분에 복잡한 도로에서도 차량의 주변 상황을 쉽게 파악할 수 있어서 정말 편리했습니다.'),
       (257, 479893076441934137, 'LX0010', '초기 투자비용이 있었지만, 장기적으로 봤을 때 스크래치로 인한 수리 비용을 절약할 수 있을 것 같아요.'),
       (258, 479893076441934137, 'LX3232', '듀얼 머플러 패키지를 장착한 후로 주변에서 차량에 대한 호평이 늘었어요. 특히 젊은 세대들에게 인기가 많아진 것 같아요.'),
       (259, 479893076437740194, 'LX3233', '아침 일찍 출발할 때 차안이 차가웠는데, 이제는 적외선 무릎워머로 따뜻하게 시작할 수 있어서 하루가 기분 좋게 시작됩니다.'),
       (260, 479893076437740194, 'LX0004', '지속적인 운전으로 발밑이 더러워질 때마다 고민이었는데, 프로텍션 매트 패키지 I 덕분에 내부 보호가 잘 되고 있어요.'),
       (261, 479893076437740194, 'LX3232', '소리부터가 확연히 다르다는 것을 느낄 수 있어요. 듀얼 머플러 패키지 덕분에 운전하는 재미가 더해진 것 같습니다.'),
       (262, 479893076437740194, 'LX0010', '보호 필름을 붙인 후로 태양 빛에 의한 페이드아웃 현상이 줄어들었어요. 차량의 색상이 오래 지속될 것 같습니다.'),
       (263, 479893076437740194, 'PA2',
        '주차보조 시스템 Ⅱ 덕분에 복잡한 주차장에서도 스트레스 없이 주차를 마칠 수 있게 되었습니다. 이제는 이 기능 없이는 주차하기 어려울 것 같아요.'),
       (264, 479893076437740194, 'HSS', '길을 잃을 뻔한 순간에도 현대스마트센스 Ⅰ의 안내 덕분에 안전하게 목적지까지 도착할 수 있었습니다.'),
       (265, 479893076437740194, '2VS', '가족들이 뒷좌석 통풍 기능을 아주 좋아해요. 여름 드라이브에 필수!'),
       (266, 479893076437740194, 'DUP', '듀얼 와이드 선루프로 천장을 열면 차 안의 분위기가 완전히 달라져서 너무 좋았습니다.'),
       (267, 479893076433545668, 'DUP', '듀얼 와이드 선루프 덕분에 여름에도 차 내부가 밝고 환기도 잘 돼서 시원하게 운행할 수 있었습니다.'),
       (268, 479893076433545668, '2VS', '뒷좌석에서도 여름에 시원하게 이용할 수 있어서 좋아요!'),
       (269, 479893076433545668, 'CO2', '긴 여행 중에도 피로감을 크게 느끼지 않아서 기분이 좋았어요. 컴포트 Ⅱ는 정말 최고!'),
       (270, 479893076433545673, 'DUP', '운전 중에도 듀얼 와이드 선루프로 밤하늘의 별을 볼 수 있어서 아주 특별한 경험이었습니다.'),
       (271, 479893076433545673, 'LX3232', '이전 차량에 비해 확실히 소리와 성능 모두에서 업그레이드 된 느낌입니다. 듀얼 머플러 패키지 선택은 후회 없는 결정이었어요.'),
       (272, 479893076433545673, 'HSS', '길을 잃을 뻔한 순간에도 현대스마트센스 Ⅰ의 안내 덕분에 안전하게 목적지까지 도착할 수 있었습니다.'),
       (273, 479893076433545673, 'CO2', '컴포트 Ⅱ를 체험해 본 후 다른 차량에서는 이 편안함을 느끼기 힘들 정도였습니다.'),
       (274, 479893076433545673, 'LX0004', '프로텍션 매트 패키지 I의 품질이 정말 좋아서 오래 사용할 것 같아요. 가성비 최고입니다.'),
       (275, 479893076433545673, 'LX0010', '비나 눈에 의한 얼룩이나 물자국이 생기기 어려워져, 차량 청소하기도 더 쉬워졌습니다.'),
       (276, 479893076433545673, 'LX0009', '차량의 측면에서도 감각적인 디자인의 사이드스텝이 돋보여서 만족스럽습니다.'),
       (277, 479893076433545673, '2VS', '가족들이 뒷좌석 통풍 기능을 아주 좋아해요. 여름 드라이브에 필수!'),
       (278, 479893076433545673, 'PA2',
        '이전 차량에서는 주차할 때마다 스트레스를 많이 받았는데, 이 차량에서는 주차보조 시스템 Ⅱ 덕분에 걱정 없이 주차를 할 수 있어서 정말 좋아요.'),
       (279, 479893076433545673, 'LX3233',
        '적외선 무릎워머 기능을 처음 들었을 때는 \'진짜 효과가 있을까?\' 싶었는데, 사용해보니 진짜로 무릎 부분이 따뜻해져서 길게 운전해도 피로감이 줄어든 것 같아요.'),
       (280, 479893076433545675, 'LX0009', '높은 차량을 오래 운전하다가 사이드스텝을 설치한 후, 왜 이제서야 설치했는지 후회될 정도로 편리함을 느꼈습니다.'),
       (281, 479893076433545675, 'LX0010', '보호 필름을 설치한 지 한 달이 지났는데, 이미 여러 차례의 작은 스크래치로부터 차량을 보호받았어요.'),
       (282, 479893076433545675, 'LX0004', '프로텍션 매트 패키지 I를 설치한 후로 차량 내부 청소하기가 훨씬 수월해졌습니다.'),
       (283, 479893076433545675, 'CO2', '컴포트 Ⅱ 옵션은 운전자와 승객 모두를 위한 최상의 선택이라고 생각합니다.'),
       (284, 479893076433545675, 'BIC', '안전 운전에 필수적인 옵션이라 생각합니다. 확실히 안심이 되요.'),
       (285, 479893076433545728, 'LX3220', '알레르기가 있는데, 차 안에서도 공기청정기가 돌아가니까 훨씬 쾌적하게 느껴져요. 확실히 차이가 나더라구요!'),
       (286, 479893076433545728, 'HSS', '현대스마트센스 Ⅰ 기능이 차량에 탑재되어 있어서 안전 운전에 큰 도움이 되었습니다.'),
       (287, 479893076433545751, 'LX0010', '처음에는 보호 필름의 필요성을 몰랐는데, 한 번 설치해보니 차량 관리에 있어서 꼭 필요한 아이템이라는 걸 깨달았습니다.'),
       (288, 479893076433545751, 'LX3220',
        '운전하면서도 항상 깨끗한 공기를 느낄 수 있어서 기분이 좋아요. 특히 트래픽이 많은 도심에서는 그 효과를 더 크게 느낄 수 있었어요.'),
       (289, 479893076433545751, 'PA2',
        '주차보조 시스템 Ⅱ의 정확도와 반응 속도에 정말 만족하고 있습니다. 주차 시간도 단축되었고, 주차 중에 발생할 수 있는 사고 위험도 크게 줄인 것 같아요.'),
       (290, 479893076429349285, '2VS', '이 기능이 있으니 뒤쪽에 타는 친구들도 편안함을 느낄 수 있어요.'),
       (291, 479893076429349285, 'LX3233',
        '처음 이 기능을 알게 됐을 때는 조금 의심스러웠는데, 실제로 사용해보니 차안이 훨씬 더 포근해진 느낌입니다. 특히 적외선의 따뜻함이 직접 느껴져서 좋네요.'),
       (292, 479893076429349285, 'PA2', '어려운 각도에서의 주차도 주차보조 시스템 Ⅱ의 도움으로 문제없이 해결하고 있습니다. 특히 좁은 공간에서의 주차가 훨씬 쉬워졌어요.'),
       (293, 479893076429349285, 'BIC', '주차할 때나 복잡한 길에서 정말 도움이 되는 기능입니다.'),
       (294, 479893076429349285, 'LX0004', '프로텍션 매트 패키지 I를 설치한 후로 차량 내부 청소하기가 훨씬 수월해졌습니다.'),
       (295, 479893076429349285, 'CO2', '컴포트 Ⅱ를 체험해 본 후 다른 차량에서는 이 편안함을 느끼기 힘들 정도였습니다.'),
       (296, 479893076429349285, 'LX3232', '듀얼 머플러 패키지로 업그레이드한 후 차량의 외관이 훨씬 스포티해진 것 같아요. 많은 사람들이 이 옵션에 대해 물어보더라구요!'),
       (297, 479893076429349285, 'HSS', '현대스마트센스 Ⅰ 덕분에 복잡한 도로에서도 차량의 주변 상황을 쉽게 파악할 수 있어서 정말 편리했습니다.'),
       (298, 479893076429349285, 'DUP', '듀얼 와이드 선루프로 천장을 열면 차 안의 분위기가 완전히 달라져서 너무 좋았습니다.'),
       (299, 479893076429349334, 'LX3232', '이전 차량에 비해 확실히 소리와 성능 모두에서 업그레이드 된 느낌입니다. 듀얼 머플러 패키지 선택은 후회 없는 결정이었어요.'),
       (300, 479893076429349334, 'LX3233', '적외선 무릎워머를 사용한 후로는 다른 차량에서 운전하기가 힘들 정도로 만족스럽습니다. 꼭 겨울철에 추천하고 싶은 기능이에요.'),
       (301, 479893076429349334, 'LX3220', '차량용 공기청정기를 따로 사려고 했는데, 빌트인으로 설치된 이 공기청정기는 디자인적으로도 깔끔하고 효율적이어서 만족스럽네요.'),
       (302, 479893076429349334, 'DUP', '듀얼 와이드 선루프 덕분에 여름에도 차 내부가 밝고 환기도 잘 돼서 시원하게 운행할 수 있었습니다.'),
       (303, 479893076429349334, 'BIC', '안전 운전에 필수적인 옵션이라 생각합니다. 확실히 안심이 되요.'),
       (304, 479893076429349334, 'CO2', '컴포트 Ⅱ 옵션은 운전자와 승객 모두를 위한 최상의 선택이라고 생각합니다.'),
       (305, 479893076429349334, 'LX0009', '사이드스텝 설치 후 안정감이 느껴져서 차량을 사용할 때마다 만족스럽습니다.'),
       (306, 479893076429349334, 'PA2',
        '주차보조 시스템 Ⅱ 덕분에 복잡한 주차장에서도 스트레스 없이 주차를 마칠 수 있게 되었습니다. 이제는 이 기능 없이는 주차하기 어려울 것 같아요.'),
       (307, 479893076429349334, 'LX0004', '매트가 차량 바닥에 딱 맞아서 미끄럼 없이 안전하게 운전할 수 있어서 만족스럽습니다.'),
       (308, 479893076429349520, 'BIC', '빌트인 캠 덕분에 더 넓은 시야를 얻을 수 있어서 편리해요.'),
       (309, 479893076429349520, 'PA2',
        '주차보조 시스템 Ⅱ의 정확도와 반응 속도에 정말 만족하고 있습니다. 주차 시간도 단축되었고, 주차 중에 발생할 수 있는 사고 위험도 크게 줄인 것 같아요.'),
       (310, 479893076429349520, 'LX0010', '비나 눈에 의한 얼룩이나 물자국이 생기기 어려워져, 차량 청소하기도 더 쉬워졌습니다.'),
       (311, 479893076429349520, 'CO2', '컴포트 Ⅱ를 체험해 본 후 다른 차량에서는 이 편안함을 느끼기 힘들 정도였습니다.'),
       (312, 479893076429349520, 'LX0004', '프로텍션 매트 패키지 I를 설치한 후로 차량 내부 청소하기가 훨씬 수월해졌습니다.'),
       (313, 479893076429349520, 'LX3232', '처음엔 외관만을 위해 선택했는데, 실제로 운전 중에도 차량의 성능과 소음 부분에서도 개선이 느껴져서 만족스럽네요.'),
       (314, 479893076429349520, 'LX3220', '빌트인 공기청정기가 있는 차량을 운전하니, 가족들도 더욱 건강하게 이동할 수 있게 되었어요. 특히 아이들에게 안심이 됩니다.'),
       (315, 479893076429349520, 'LX0009', '사이드스텝 설치 후로는 주차장에서도 자주 차량을 쳐다보게 되네요. 디자인과 기능성 모두 만족입니다.'),
       (316, 479893076429349520, 'LX3233',
        '처음 이 기능을 알게 됐을 때는 조금 의심스러웠는데, 실제로 사용해보니 차안이 훨씬 더 포근해진 느낌입니다. 특히 적외선의 따뜻함이 직접 느껴져서 좋네요.'),
       (317, 479893076429349520, 'HSS', '도로 위의 불시의 상황에서도 현대스마트센스 Ⅰ가 빠르게 반응해 안전을 최우선으로 보호해 주었습니다.'),
       (318, 479893076429349520, 'DUP', '듀얼 와이드 선루프로 천장을 열면 차 안의 분위기가 완전히 달라져서 너무 좋았습니다.'),
       (319, 479893076429349514, 'LX3232', '차량의 뒷모습이 듀얼 머플러 패키지로 인해 강렬하게 변했어요. 스포티한 디자인을 좋아하는 분들에게는 강력 추천하고 싶습니다.'),
       (320, 479893076429349514, 'LX3233', '겨울철 운전이 이렇게 편안한 것이었다니! 적외선 무릎워머 덕분에 길게 운전해도 무릎이 따뜻해서 정말 좋아요.'),
       (321, 479893076429349514, 'LX0010', '초기 투자비용이 있었지만, 장기적으로 봤을 때 스크래치로 인한 수리 비용을 절약할 수 있을 것 같아요.'),
       (322, 479893076429349514, '2VS', '이 기능이 있으니 뒤쪽에 타는 친구들도 편안함을 느낄 수 있어요.'),
       (323, 479893076429349514, 'PA2', '어려운 각도에서의 주차도 주차보조 시스템 Ⅱ의 도움으로 문제없이 해결하고 있습니다. 특히 좁은 공간에서의 주차가 훨씬 쉬워졌어요.'),
       (324, 479893076429349514, 'CO2', '긴 여행 중에도 피로감을 크게 느끼지 않아서 기분이 좋았어요. 컴포트 Ⅱ는 정말 최고!'),
       (325, 479893076429349514, 'LX0009', '스포티한 디자인의 사이드스텝으로 차량의 이미지가 한층 업그레이드 되었네요.'),
       (326, 479893076429349514, 'LX0004', '비나 눈, 진흙 등 악조건에서도 프로텍션 매트 패키지 I가 차량 내부를 깔끔하게 보호해 주어서 너무 감사하게 생각하고 있습니다.'),
       (327, 479893076429349514, 'LX3220', '차량 구매 시 빌트인 공기청정기 옵션을 선택한 것은 진짜 탁월한 선택이었다고 생각합니다.'),
       (328, 479893076429349514, 'BIC', '빌트인 캠 덕분에 더 넓은 시야를 얻을 수 있어서 편리해요.'),
       (329, 479893076429349514, 'DUP', '듀얼 와이드 선루프 덕분에 여름에도 차 내부가 밝고 환기도 잘 돼서 시원하게 운행할 수 있었습니다.'),
       (330, 479893076429349455, 'HSS', '도로 위의 불시의 상황에서도 현대스마트센스 Ⅰ가 빠르게 반응해 안전을 최우선으로 보호해 주었습니다.'),
       (331, 479893076429349455, 'LX0004', '프로텍션 매트 패키지 I를 설치한 후로 차량 내부 청소하기가 훨씬 수월해졌습니다.'),
       (332, 479893076429349645, 'LX3233', '적외선 무릎워머를 사용한 후로는 다른 차량에서 운전하기가 힘들 정도로 만족스럽습니다. 꼭 겨울철에 추천하고 싶은 기능이에요.'),
       (333, 479893076429349645, 'BIC', '안전 운전에 필수적인 옵션이라 생각합니다. 확실히 안심이 되요.'),
       (334, 479893076429349645, 'PA2',
        '블라인드 스팟이나 뒤쪽 장애물을 훨씬 쉽게 확인할 수 있어 안전성이 크게 향상된 느낌입니다. 주차보조 시스템 Ⅱ 없이는 주차를 할 수 없을 것 같아요.'),
       (335, 479893076429349645, 'LX0009', '높은 차량을 오래 운전하다가 사이드스텝을 설치한 후, 왜 이제서야 설치했는지 후회될 정도로 편리함을 느꼈습니다.'),
       (336, 479893076429349645, 'LX3232', '차량의 뒷모습이 듀얼 머플러 패키지로 인해 강렬하게 변했어요. 스포티한 디자인을 좋아하는 분들에게는 강력 추천하고 싶습니다.'),
       (337, 479893076429349645, 'LX3220', '실외의 미세먼지 수치가 높을 때도 차 안에서는 깨끗한 공기를 마실 수 있어서 너무 좋아요. 건강에도 좋을 것 같아요.'),
       (338, 479893076429349645, 'LX0004', '지속적인 운전으로 발밑이 더러워질 때마다 고민이었는데, 프로텍션 매트 패키지 I 덕분에 내부 보호가 잘 되고 있어요.'),
       (339, 479893076429349645, 'DUP', '운전 중에도 듀얼 와이드 선루프로 밤하늘의 별을 볼 수 있어서 아주 특별한 경험이었습니다.'),
       (340, 479893076429349288, 'BIC', '빌트인 캠 덕분에 더 넓은 시야를 얻을 수 있어서 편리해요.'),
       (341, 479893076429349288, '2VS', '이 기능이 있으니 뒤쪽에 타는 친구들도 편안함을 느낄 수 있어요.'),
       (342, 479893076429349288, 'DUP', '듀얼 와이드 선루프 덕분에 여름에도 차 내부가 밝고 환기도 잘 돼서 시원하게 운행할 수 있었습니다.'),
       (343, 479893076429349288, 'LX0009', '사이드스텝 없이는 높은 차량 출입이 어려웠는데, 이제는 훨씬 편안하게 이용할 수 있어요.'),
       (344, 479893076429349288, 'PA2', '어려운 각도에서의 주차도 주차보조 시스템 Ⅱ의 도움으로 문제없이 해결하고 있습니다. 특히 좁은 공간에서의 주차가 훨씬 쉬워졌어요.'),
       (345, 479893076429349288, 'LX3233', '아침 일찍 출발할 때 차안이 차가웠는데, 이제는 적외선 무릎워머로 따뜻하게 시작할 수 있어서 하루가 기분 좋게 시작됩니다.'),
       (346, 479893076429349288, 'LX0010', '차량 보호 필름은 내 차량의 가장 효과적인 보험 중 하나라고 생각합니다.'),
       (347, 479893076429349288, 'CO2', '컴포트 Ⅱ를 체험해 본 후 다른 차량에서는 이 편안함을 느끼기 힘들 정도였습니다.'),
       (348, 479893076429349288, 'LX3232', '이전 차량에 비해 확실히 소리와 성능 모두에서 업그레이드 된 느낌입니다. 듀얼 머플러 패키지 선택은 후회 없는 결정이었어요.'),
       (349, 479893076429349288, 'LX3220', '실외의 미세먼지 수치가 높을 때도 차 안에서는 깨끗한 공기를 마실 수 있어서 너무 좋아요. 건강에도 좋을 것 같아요.'),
       (350, 479893076429349296, 'LX0009', '내구성이 뛰어난 사이드스텝으로 오랜 시간 동안 사용해도 문제 없을 것 같습니다.'),
       (351, 479893076429349296, 'CO2', '컴포트 Ⅱ 옵션은 운전자와 승객 모두를 위한 최상의 선택이라고 생각합니다.'),
       (352, 479893076429349296, 'HSS', '처음엔 그저 편의 기능 정도로 생각했는데, 현대스마트센스 Ⅰ는 운전의 신뢰성을 크게 높여주는 필수 옵션으로 느껴졌습니다.'),
       (353, 479893076429349296, 'LX0010', '차량 보호 필름 덕분에 외부 스크래치로부터 내 차를 보호받을 수 있어 너무 만족스럽습니다.'),
       (354, 479893076429349296, 'BIC', '안전 운전에 필수적인 옵션이라 생각합니다. 확실히 안심이 되요.'),
       (355, 479893076429349296, 'LX3233', '겨울철 운전이 이렇게 편안한 것이었다니! 적외선 무릎워머 덕분에 길게 운전해도 무릎이 따뜻해서 정말 좋아요.'),
       (356, 479893076429349296, 'LX3232', '듀얼 머플러 패키지를 장착한 후로 주변에서 차량에 대한 호평이 늘었어요. 특히 젊은 세대들에게 인기가 많아진 것 같아요.'),
       (357, 479893076429349296, 'LX0004', '지속적인 운전으로 발밑이 더러워질 때마다 고민이었는데, 프로텍션 매트 패키지 I 덕분에 내부 보호가 잘 되고 있어요.'),
       (358, 479893076429349296, 'PA2',
        '블라인드 스팟이나 뒤쪽 장애물을 훨씬 쉽게 확인할 수 있어 안전성이 크게 향상된 느낌입니다. 주차보조 시스템 Ⅱ 없이는 주차를 할 수 없을 것 같아요.'),
       (359, 479893076429349296, 'DUP', '운전 중에도 듀얼 와이드 선루프로 밤하늘의 별을 볼 수 있어서 아주 특별한 경험이었습니다.'),
       (360, 479893076429349296, '2VS', '이 기능이 있으니 뒤쪽에 타는 친구들도 편안함을 느낄 수 있어요.'),
       (361, 479893076429349296, 'LX3220', '차량 구매 시 빌트인 공기청정기 옵션을 선택한 것은 진짜 탁월한 선택이었다고 생각합니다.'),
       (362, 479893076429349340, 'LX0004', '프로텍션 매트 패키지 I의 품질이 정말 좋아서 오래 사용할 것 같아요. 가성비 최고입니다.'),
       (363, 479893076429349340, 'CO2', '컴포트 Ⅱ를 체험해 본 후 다른 차량에서는 이 편안함을 느끼기 힘들 정도였습니다.'),
       (364, 479893076429349340, 'LX3220',
        '빌트인 공기청정기를 사용한 후로는 차량 내부의 냄새가 확연히 줄었어요. 특히 음식물 냄새나 담배 냄새가 금방 사라져서 만족스럽습니다.'),
       (365, 479893076429349340, '2VS', '뒷좌석에서도 여름에 시원하게 이용할 수 있어서 좋아요!'),
       (366, 479893076441934714, '2VS', '가족들이 뒷좌석 통풍 기능을 아주 좋아해요. 여름 드라이브에 필수!'),
       (367, 479893076441934714, 'HSS', '현대스마트센스 Ⅰ 기능이 차량에 탑재되어 있어서 안전 운전에 큰 도움이 되었습니다.'),
       (368, 479893076441934714, 'LX3220', '알레르기가 있는데, 차 안에서도 공기청정기가 돌아가니까 훨씬 쾌적하게 느껴져요. 확실히 차이가 나더라구요!'),
       (369, 479893076441934714, 'CO2', '컴포트 Ⅱ 옵션은 운전자와 승객 모두를 위한 최상의 선택이라고 생각합니다.'),
       (370, 479893076441934714, 'LX3233',
        '적외선 무릎워머 기능을 처음 들었을 때는 \'진짜 효과가 있을까?\' 싶었는데, 사용해보니 진짜로 무릎 부분이 따뜻해져서 길게 운전해도 피로감이 줄어든 것 같아요.'),
       (371, 479893076441934714, 'LX0010', '차량 보호 필름은 내 차량의 가장 효과적인 보험 중 하나라고 생각합니다.'),
       (372, 479893076441934714, 'BIC', '빌트인 캠 덕분에 더 넓은 시야를 얻을 수 있어서 편리해요.'),
       (373, 479893076441934714, 'PA2',
        '이전 차량에서는 주차할 때마다 스트레스를 많이 받았는데, 이 차량에서는 주차보조 시스템 Ⅱ 덕분에 걱정 없이 주차를 할 수 있어서 정말 좋아요.'),
       (374, 479893076446129334, 'LX0010', '보호 필름을 설치한 지 한 달이 지났는데, 이미 여러 차례의 작은 스크래치로부터 차량을 보호받았어요.'),
       (375, 479893076446129334, 'LX0009', '사이드스텝 덕분에 차량 출입이 훨씬 편리해졌습니다. 특히 아이들이나 노약자에게 추천하고 싶어요.'),
       (376, 479893076446129334, '2VS', '이 기능이 있으니 뒤쪽에 타는 친구들도 편안함을 느낄 수 있어요.'),
       (377, 479893076446129334, 'LX3232', '듀얼 머플러 패키지로 업그레이드한 후 차량의 외관이 훨씬 스포티해진 것 같아요. 많은 사람들이 이 옵션에 대해 물어보더라구요!'),
       (378, 479893076446129334, 'DUP', '듀얼 와이드 선루프로 천장을 열면 차 안의 분위기가 완전히 달라져서 너무 좋았습니다.'),
       (379, 479893076446129334, 'CO2', '컴포트 Ⅱ를 체험해 본 후 다른 차량에서는 이 편안함을 느끼기 힘들 정도였습니다.'),
       (380, 479893076446129334, 'LX3233',
        '무릎을 따뜻하게 해주는 이 기능 덕분에 겨울 운전이 훨씬 더 즐거워졌습니다. 특히 눈 내리는 날에는 이 기능 없이는 못 살 것 같아요!'),
       (381, 479893076446129334, 'HSS', '처음엔 그저 편의 기능 정도로 생각했는데, 현대스마트센스 Ⅰ는 운전의 신뢰성을 크게 높여주는 필수 옵션으로 느껴졌습니다.'),
       (382, 479893076446129334, 'PA2',
        '이전 차량에서는 주차할 때마다 스트레스를 많이 받았는데, 이 차량에서는 주차보조 시스템 Ⅱ 덕분에 걱정 없이 주차를 할 수 있어서 정말 좋아요.'),
       (383, 479893076446129334, 'BIC', '빌트인 캠 덕분에 더 넓은 시야를 얻을 수 있어서 편리해요.'),
       (384, 479893076446129334, 'LX0004', '비나 눈, 진흙 등 악조건에서도 프로텍션 매트 패키지 I가 차량 내부를 깔끔하게 보호해 주어서 너무 감사하게 생각하고 있습니다.'),
       (385, 479893076446129334, 'LX3220',
        '빌트인 공기청정기를 사용한 후로는 차량 내부의 냄새가 확연히 줄었어요. 특히 음식물 냄새나 담배 냄새가 금방 사라져서 만족스럽습니다.'),
       (386, 479893076446129676, 'LX3220', '빌트인 공기청정기 덕분에 운전 중에도 항상 신선한 공기를 숨쉴 수 있어 너무 좋아요.'),
       (387, 479893076446129676, 'BIC', '주차할 때나 복잡한 길에서 정말 도움이 되는 기능입니다.'),
       (388, 479893076446129676, 'CO2', '컴포트 Ⅱ를 체험해 본 후 다른 차량에서는 이 편안함을 느끼기 힘들 정도였습니다.'),
       (389, 479893076446129676, '2VS', '뒷좌석에서도 여름에 시원하게 이용할 수 있어서 좋아요!'),
       (390, 479893076429349408, 'BIC', '주차할 때나 복잡한 길에서 정말 도움이 되는 기능입니다.'),
       (391, 479893076429349408, 'HSS', '현대스마트센스 Ⅰ 덕분에 복잡한 도로에서도 차량의 주변 상황을 쉽게 파악할 수 있어서 정말 편리했습니다.'),
       (392, 479893076429349415, 'LX0010', '초기 투자비용이 있었지만, 장기적으로 봤을 때 스크래치로 인한 수리 비용을 절약할 수 있을 것 같아요.'),
       (393, 479893076429349415, 'DUP', '듀얼 와이드 선루프로 천장을 열면 차 안의 분위기가 완전히 달라져서 너무 좋았습니다.'),
       (394, 479893076429349415, 'LX0009', '내구성이 뛰어난 사이드스텝으로 오랜 시간 동안 사용해도 문제 없을 것 같습니다.'),
       (395, 479893076429349415, 'LX0004', '지속적인 운전으로 발밑이 더러워질 때마다 고민이었는데, 프로텍션 매트 패키지 I 덕분에 내부 보호가 잘 되고 있어요.'),
       (396, 479893076429349415, 'LX3233',
        '무릎을 따뜻하게 해주는 이 기능 덕분에 겨울 운전이 훨씬 더 즐거워졌습니다. 특히 눈 내리는 날에는 이 기능 없이는 못 살 것 같아요!'),
       (397, 479893076429349415, 'BIC', '안전 운전에 필수적인 옵션이라 생각합니다. 확실히 안심이 되요.'),
       (398, 479893076429349415, 'LX3220',
        '빌트인 공기청정기를 사용한 후로는 차량 내부의 냄새가 확연히 줄었어요. 특히 음식물 냄새나 담배 냄새가 금방 사라져서 만족스럽습니다.'),
       (399, 479893076433545643, 'DUP', '듀얼 와이드 선루프 덕분에 여름에도 차 내부가 밝고 환기도 잘 돼서 시원하게 운행할 수 있었습니다.'),
       (400, 479893076433545643, 'BIC', '빌트인 캠 덕분에 더 넓은 시야를 얻을 수 있어서 편리해요.'),
       (401, 479893076433545643, 'LX0004', '프로텍션 매트 패키지 I를 설치한 후로 차량 내부 청소하기가 훨씬 수월해졌습니다.'),
       (402, 479893076433545643, 'LX0009', '차량의 외관을 업그레이드하고 싶을 때 사이드스텝은 꼭 필요한 옵션이라고 생각합니다.'),
       (403, 479893076433545643, 'LX3232', '소리부터가 확연히 다르다는 것을 느낄 수 있어요. 듀얼 머플러 패키지 덕분에 운전하는 재미가 더해진 것 같습니다.'),
       (404, 479893076433545643, 'PA2',
        '주차보조 시스템 Ⅱ 덕분에 복잡한 주차장에서도 스트레스 없이 주차를 마칠 수 있게 되었습니다. 이제는 이 기능 없이는 주차하기 어려울 것 같아요.'),
       (405, 479893076433545643, 'HSS', '현대스마트센스 Ⅰ 기능이 차량에 탑재되어 있어서 안전 운전에 큰 도움이 되었습니다.'),
       (406, 479893076433545643, '2VS', '가족들이 뒷좌석 통풍 기능을 아주 좋아해요. 여름 드라이브에 필수!'),
       (407, 479893076433545643, 'LX0010', '초기 투자비용이 있었지만, 장기적으로 봤을 때 스크래치로 인한 수리 비용을 절약할 수 있을 것 같아요.'),
       (408, 479893076433545643, 'LX3233', '아침 일찍 출발할 때 차안이 차가웠는데, 이제는 적외선 무릎워머로 따뜻하게 시작할 수 있어서 하루가 기분 좋게 시작됩니다.'),
       (409, 479893076433545676, 'LX3233', '적외선 무릎워머를 사용한 후로는 다른 차량에서 운전하기가 힘들 정도로 만족스럽습니다. 꼭 겨울철에 추천하고 싶은 기능이에요.'),
       (410, 479893076433545676, '2VS', '뒷좌석에서도 여름에 시원하게 이용할 수 있어서 좋아요!'),
       (411, 479893076433545676, 'DUP', '운전 중에도 듀얼 와이드 선루프로 밤하늘의 별을 볼 수 있어서 아주 특별한 경험이었습니다.'),
       (412, 479893076433545676, 'LX3232', '처음엔 외관만을 위해 선택했는데, 실제로 운전 중에도 차량의 성능과 소음 부분에서도 개선이 느껴져서 만족스럽네요.'),
       (413, 479893076433545676, 'CO2', '컴포트 Ⅱ 옵션은 운전자와 승객 모두를 위한 최상의 선택이라고 생각합니다.'),
       (414, 479893076433545676, 'LX0004', '매트가 차량 바닥에 딱 맞아서 미끄럼 없이 안전하게 운전할 수 있어서 만족스럽습니다.'),
       (415, 479893076433545676, 'LX0009', '차량의 측면에서도 감각적인 디자인의 사이드스텝이 돋보여서 만족스럽습니다.'),
       (416, 479893076429349471, '2VS', '가족들이 뒷좌석 통풍 기능을 아주 좋아해요. 여름 드라이브에 필수!'),
       (417, 479893076429349471, 'HSS', '처음엔 그저 편의 기능 정도로 생각했는데, 현대스마트센스 Ⅰ는 운전의 신뢰성을 크게 높여주는 필수 옵션으로 느껴졌습니다.'),
       (418, 479893076429349471, 'LX0004', '프로텍션 매트 패키지 I의 품질이 정말 좋아서 오래 사용할 것 같아요. 가성비 최고입니다.'),
       (419, 479893076429349471, 'LX3232', '듀얼 머플러 패키지로 업그레이드한 후 차량의 외관이 훨씬 스포티해진 것 같아요. 많은 사람들이 이 옵션에 대해 물어보더라구요!'),
       (420, 479893076429349471, 'BIC', '빌트인 캠 덕분에 더 넓은 시야를 얻을 수 있어서 편리해요.'),
       (421, 479893076429349471, 'LX3233', '겨울철 운전이 이렇게 편안한 것이었다니! 적외선 무릎워머 덕분에 길게 운전해도 무릎이 따뜻해서 정말 좋아요.'),
       (422, 479893076429349471, 'LX0009', '사이드스텝 설치 후로는 주차장에서도 자주 차량을 쳐다보게 되네요. 디자인과 기능성 모두 만족입니다.'),
       (423, 479893076429349471, 'LX3220', '빌트인 공기청정기가 있는 차량을 운전하니, 가족들도 더욱 건강하게 이동할 수 있게 되었어요. 특히 아이들에게 안심이 됩니다.'),
       (424, 479893076433545674, 'BIC', '주차할 때나 복잡한 길에서 정말 도움이 되는 기능입니다.'),
       (425, 479893076433545674, 'LX0010', '초기 투자비용이 있었지만, 장기적으로 봤을 때 스크래치로 인한 수리 비용을 절약할 수 있을 것 같아요.'),
       (426, 479893076433545674, 'LX3220',
        '운전하면서도 항상 깨끗한 공기를 느낄 수 있어서 기분이 좋아요. 특히 트래픽이 많은 도심에서는 그 효과를 더 크게 느낄 수 있었어요.'),
       (427, 479893076433545674, 'HSS', '현대스마트센스 Ⅰ 덕분에 복잡한 도로에서도 차량의 주변 상황을 쉽게 파악할 수 있어서 정말 편리했습니다.'),
       (428, 479893076433545670, 'CO2', '컴포트 Ⅱ 옵션은 운전자와 승객 모두를 위한 최상의 선택이라고 생각합니다.'),
       (429, 479893076433545670, 'PA2',
        '블라인드 스팟이나 뒤쪽 장애물을 훨씬 쉽게 확인할 수 있어 안전성이 크게 향상된 느낌입니다. 주차보조 시스템 Ⅱ 없이는 주차를 할 수 없을 것 같아요.'),
       (430, 479893076433545670, 'LX3220', '차량 구매 시 빌트인 공기청정기 옵션을 선택한 것은 진짜 탁월한 선택이었다고 생각합니다.'),
       (431, 479893076433545670, 'LX0010', '차량 보호 필름의 투명도가 높아 외관에 전혀 눈에 띄지 않아요. 디자인을 해치지 않는 보호 방법이라 좋네요.'),
       (432, 479893076433545670, 'LX0009', '사이드스텝 없이는 높은 차량 출입이 어려웠는데, 이제는 훨씬 편안하게 이용할 수 있어요.'),
       (433, 479893076433545670, 'LX3232', '처음엔 외관만을 위해 선택했는데, 실제로 운전 중에도 차량의 성능과 소음 부분에서도 개선이 느껴져서 만족스럽네요.'),
       (434, 479893076433545670, '2VS', '뒷좌석에서도 여름에 시원하게 이용할 수 있어서 좋아요!'),
       (435, 479893076433545670, 'BIC', '빌트인 캠 덕분에 더 넓은 시야를 얻을 수 있어서 편리해요.'),
       (436, 479893076429349595, 'LX0009', '차량의 외관을 업그레이드하고 싶을 때 사이드스텝은 꼭 필요한 옵션이라고 생각합니다.'),
       (437, 479893076429349595, 'CO2', '컴포트 Ⅱ 옵션은 운전자와 승객 모두를 위한 최상의 선택이라고 생각합니다.'),
       (438, 479893076429349595, 'LX3220', '차량 구매 시 빌트인 공기청정기 옵션을 선택한 것은 진짜 탁월한 선택이었다고 생각합니다.'),
       (439, 479893076429349595, 'LX0004', '매트가 차량 바닥에 딱 맞아서 미끄럼 없이 안전하게 운전할 수 있어서 만족스럽습니다.'),
       (440, 479893076429349595, '2VS', '가족들이 뒷좌석 통풍 기능을 아주 좋아해요. 여름 드라이브에 필수!'),
       (441, 479893076429349595, 'LX3233',
        '적외선 무릎워머 기능을 처음 들었을 때는 \'진짜 효과가 있을까?\' 싶었는데, 사용해보니 진짜로 무릎 부분이 따뜻해져서 길게 운전해도 피로감이 줄어든 것 같아요.'),
       (442, 479893076429349595, 'LX3232', '이전 차량에 비해 확실히 소리와 성능 모두에서 업그레이드 된 느낌입니다. 듀얼 머플러 패키지 선택은 후회 없는 결정이었어요.'),
       (443, 479893076429349282, 'BIC', '주차할 때나 복잡한 길에서 정말 도움이 되는 기능입니다.'),
       (444, 479893076429349282, 'HSS', '현대스마트센스 Ⅰ 기능이 차량에 탑재되어 있어서 안전 운전에 큰 도움이 되었습니다.'),
       (445, 479893076429349282, 'LX0004', '지속적인 운전으로 발밑이 더러워질 때마다 고민이었는데, 프로텍션 매트 패키지 I 덕분에 내부 보호가 잘 되고 있어요.'),
       (446, 479893076429349282, 'LX0009', '내구성이 뛰어난 사이드스텝으로 오랜 시간 동안 사용해도 문제 없을 것 같습니다.'),
       (447, 479893076429349291, 'LX3233', '적외선 무릎워머를 사용한 후로는 다른 차량에서 운전하기가 힘들 정도로 만족스럽습니다. 꼭 겨울철에 추천하고 싶은 기능이에요.'),
       (448, 479893076429349291, 'PA2', '주차보조 시스템 Ⅱ를 사용한 후로, 주변 사람들에게도 이 기능을 강력 추천하고 있습니다. 진짜 주차가 한결 쉬워졌답니다.'),
       (449, 479893076429349291, 'LX0009', '비나 눈이 올 때 승하차 시 미끄러질 걱정이 없어진 게 사이드스텝 덕분입니다.'),
       (450, 479893076429349291, 'CO2', '긴 여행 중에도 피로감을 크게 느끼지 않아서 기분이 좋았어요. 컴포트 Ⅱ는 정말 최고!'),
       (451, 479893076429349291, '2VS', '가족들이 뒷좌석 통풍 기능을 아주 좋아해요. 여름 드라이브에 필수!'),
       (452, 479893076429349291, 'LX3220', '알레르기가 있는데, 차 안에서도 공기청정기가 돌아가니까 훨씬 쾌적하게 느껴져요. 확실히 차이가 나더라구요!'),
       (453, 479893076429349291, 'HSS', '도로 위의 불시의 상황에서도 현대스마트센스 Ⅰ가 빠르게 반응해 안전을 최우선으로 보호해 주었습니다.'),
       (454, 479893076429349291, 'LX0010', '비나 눈에 의한 얼룩이나 물자국이 생기기 어려워져, 차량 청소하기도 더 쉬워졌습니다.'),
       (455, 479893076429349291, 'LX3232', '듀얼 머플러 패키지를 장착한 후로 주변에서 차량에 대한 호평이 늘었어요. 특히 젊은 세대들에게 인기가 많아진 것 같아요.'),
       (456, 479893076429349291, 'LX0004', '매트가 차량 바닥에 딱 맞아서 미끄럼 없이 안전하게 운전할 수 있어서 만족스럽습니다.'),
       (457, 479893076429349291, 'BIC', '주차할 때나 복잡한 길에서 정말 도움이 되는 기능입니다.'),
       (458, 479893076429349294, '2VS', '가족들이 뒷좌석 통풍 기능을 아주 좋아해요. 여름 드라이브에 필수!'),
       (459, 479893076429349294, 'BIC', '빌트인 캠 덕분에 더 넓은 시야를 얻을 수 있어서 편리해요.'),
       (460, 479893076429349294, 'HSS', '현대스마트센스 Ⅰ 덕분에 복잡한 도로에서도 차량의 주변 상황을 쉽게 파악할 수 있어서 정말 편리했습니다.'),
       (461, 479893076429349294, 'PA2',
        '이전 차량에서는 주차할 때마다 스트레스를 많이 받았는데, 이 차량에서는 주차보조 시스템 Ⅱ 덕분에 걱정 없이 주차를 할 수 있어서 정말 좋아요.'),
       (462, 479893076429349294, 'LX3232', '이전 차량에 비해 확실히 소리와 성능 모두에서 업그레이드 된 느낌입니다. 듀얼 머플러 패키지 선택은 후회 없는 결정이었어요.'),
       (463, 479893076429349294, 'LX0010', '비나 눈에 의한 얼룩이나 물자국이 생기기 어려워져, 차량 청소하기도 더 쉬워졌습니다.'),
       (464, 479893076429349294, 'LX3233',
        '처음 이 기능을 알게 됐을 때는 조금 의심스러웠는데, 실제로 사용해보니 차안이 훨씬 더 포근해진 느낌입니다. 특히 적외선의 따뜻함이 직접 느껴져서 좋네요.'),
       (465, 479893076429349294, 'LX0004', '프로텍션 매트 패키지 I를 설치한 후로 차량 내부 청소하기가 훨씬 수월해졌습니다.'),
       (466, 479893076429349323, 'LX3233', '적외선 무릎워머를 사용한 후로는 다른 차량에서 운전하기가 힘들 정도로 만족스럽습니다. 꼭 겨울철에 추천하고 싶은 기능이에요.'),
       (467, 479893076429349323, 'DUP', '운전 중에도 듀얼 와이드 선루프로 밤하늘의 별을 볼 수 있어서 아주 특별한 경험이었습니다.'),
       (468, 479893076429349323, 'LX3220',
        '운전하면서도 항상 깨끗한 공기를 느낄 수 있어서 기분이 좋아요. 특히 트래픽이 많은 도심에서는 그 효과를 더 크게 느낄 수 있었어요.'),
       (469, 479893076429349323, 'CO2', '컴포트 Ⅱ를 체험해 본 후 다른 차량에서는 이 편안함을 느끼기 힘들 정도였습니다.'),
       (470, 479893076429349323, '2VS', '이 기능이 있으니 뒤쪽에 타는 친구들도 편안함을 느낄 수 있어요.'),
       (471, 479893076429349323, 'PA2',
        '주차보조 시스템 Ⅱ 덕분에 복잡한 주차장에서도 스트레스 없이 주차를 마칠 수 있게 되었습니다. 이제는 이 기능 없이는 주차하기 어려울 것 같아요.'),
       (472, 479893076429349323, 'LX0010', '차량 보호 필름 덕분에 외부 스크래치로부터 내 차를 보호받을 수 있어 너무 만족스럽습니다.'),
       (473, 479893076429349323, 'LX0004', '프로텍션 매트 패키지 I의 품질이 정말 좋아서 오래 사용할 것 같아요. 가성비 최고입니다.'),
       (474, 479893076429349323, 'LX0009', '차량의 측면에서도 감각적인 디자인의 사이드스텝이 돋보여서 만족스럽습니다.'),
       (475, 479893076433545650, 'DUP', '듀얼 와이드 선루프 덕분에 여름에도 차 내부가 밝고 환기도 잘 돼서 시원하게 운행할 수 있었습니다.'),
       (476, 479893076429349284, 'LX0010', '차량 보호 필름의 투명도가 높아 외관에 전혀 눈에 띄지 않아요. 디자인을 해치지 않는 보호 방법이라 좋네요.'),
       (477, 479893076429349284, 'LX3232', '소리부터가 확연히 다르다는 것을 느낄 수 있어요. 듀얼 머플러 패키지 덕분에 운전하는 재미가 더해진 것 같습니다.'),
       (478, 479893076429349284, 'LX0009', '사이드스텝 없이는 높은 차량 출입이 어려웠는데, 이제는 훨씬 편안하게 이용할 수 있어요.'),
       (479, 479893076429349284, 'LX3233',
        '무릎을 따뜻하게 해주는 이 기능 덕분에 겨울 운전이 훨씬 더 즐거워졌습니다. 특히 눈 내리는 날에는 이 기능 없이는 못 살 것 같아요!'),
       (480, 479893076429349284, 'LX3220', '빌트인 공기청정기 덕분에 운전 중에도 항상 신선한 공기를 숨쉴 수 있어 너무 좋아요.'),
       (481, 479893076429349284, 'CO2', '긴 여행 중에도 피로감을 크게 느끼지 않아서 기분이 좋았어요. 컴포트 Ⅱ는 정말 최고!'),
       (482, 479893076429349647, 'LX0004', '지속적인 운전으로 발밑이 더러워질 때마다 고민이었는데, 프로텍션 매트 패키지 I 덕분에 내부 보호가 잘 되고 있어요.'),
       (483, 479893076433545677, 'PA2',
        '주차보조 시스템 Ⅱ 덕분에 복잡한 주차장에서도 스트레스 없이 주차를 마칠 수 있게 되었습니다. 이제는 이 기능 없이는 주차하기 어려울 것 같아요.'),
       (484, 479893076433545677, 'LX0010', '보호 필름을 붙인 후로 태양 빛에 의한 페이드아웃 현상이 줄어들었어요. 차량의 색상이 오래 지속될 것 같습니다.'),
       (485, 479893076433545677, 'HSS', '길을 잃을 뻔한 순간에도 현대스마트센스 Ⅰ의 안내 덕분에 안전하게 목적지까지 도착할 수 있었습니다.'),
       (486, 479893076433545677, 'LX0009', '스포티한 디자인의 사이드스텝으로 차량의 이미지가 한층 업그레이드 되었네요.'),
       (487, 479893076433545677, 'CO2', '컴포트 Ⅱ 옵션은 운전자와 승객 모두를 위한 최상의 선택이라고 생각합니다.'),
       (488, 479893076433545677, 'BIC', '빌트인 캠 덕분에 더 넓은 시야를 얻을 수 있어서 편리해요.'),
       (489, 479893076433545677, 'LX0004', '비나 눈, 진흙 등 악조건에서도 프로텍션 매트 패키지 I가 차량 내부를 깔끔하게 보호해 주어서 너무 감사하게 생각하고 있습니다.'),
       (490, 479893076429349541, 'HSS', '현대스마트센스 Ⅰ 기능이 차량에 탑재되어 있어서 안전 운전에 큰 도움이 되었습니다.'),
       (491, 479893076429349541, 'LX0004', '매트가 차량 바닥에 딱 맞아서 미끄럼 없이 안전하게 운전할 수 있어서 만족스럽습니다.'),
       (492, 479893076429349399, 'LX3220', '빌트인 공기청정기가 있는 차량을 운전하니, 가족들도 더욱 건강하게 이동할 수 있게 되었어요. 특히 아이들에게 안심이 됩니다.'),
       (493, 479893076429349399, 'LX3233', '아침 일찍 출발할 때 차안이 차가웠는데, 이제는 적외선 무릎워머로 따뜻하게 시작할 수 있어서 하루가 기분 좋게 시작됩니다.'),
       (494, 479893076429349399, 'LX0004', '프로텍션 매트 패키지 I의 품질이 정말 좋아서 오래 사용할 것 같아요. 가성비 최고입니다.'),
       (495, 479893076429349411, 'PA2', '주차보조 시스템 Ⅱ를 사용한 후로, 주변 사람들에게도 이 기능을 강력 추천하고 있습니다. 진짜 주차가 한결 쉬워졌답니다.'),
       (496, 479893076429349411, 'LX0010', '차량 보호 필름 덕분에 외부 스크래치로부터 내 차를 보호받을 수 있어 너무 만족스럽습니다.'),
       (497, 479893076429349411, 'BIC', '주차할 때나 복잡한 길에서 정말 도움이 되는 기능입니다.'),
       (498, 479893076429349411, 'LX3233', '아침 일찍 출발할 때 차안이 차가웠는데, 이제는 적외선 무릎워머로 따뜻하게 시작할 수 있어서 하루가 기분 좋게 시작됩니다.'),
       (499, 479893076429349411, 'HSS', '처음엔 그저 편의 기능 정도로 생각했는데, 현대스마트센스 Ⅰ는 운전의 신뢰성을 크게 높여주는 필수 옵션으로 느껴졌습니다.'),
       (500, 479893076429349411, 'CO2', '컴포트 Ⅱ 옵션은 운전자와 승객 모두를 위한 최상의 선택이라고 생각합니다.'),
       (501, 479893076429349411, 'DUP', '운전 중에도 듀얼 와이드 선루프로 밤하늘의 별을 볼 수 있어서 아주 특별한 경험이었습니다.');
/*!40000 ALTER TABLE `archiving_selectOption`
    ENABLE KEYS */;
UNLOCK TABLES;

--
-- Table structure for table `archiving_selectedTag`
--

DROP TABLE IF EXISTS `archiving_selectedTag`;
/*!40101 SET @saved_cs_client = @@character_set_client */;
/*!50503 SET character_set_client = utf8mb4 */;
CREATE TABLE `archiving_selectedTag`
(
    `id`           int    NOT NULL AUTO_INCREMENT,
    `archiving_id` bigint NOT NULL,
    `tag_id`       int    NOT NULL,
    PRIMARY KEY (`id`),
    KEY `FK_tag_TO_archiving_selectedTag_1` (`tag_id`),
    KEY `FK_archiving_TO_archiving_selectedTag_1` (`archiving_id`),
    CONSTRAINT `FK_archiving_TO_archiving_selectedTag_1` FOREIGN KEY (`archiving_id`) REFERENCES `archiving` (`id`),
    CONSTRAINT `FK_tag_TO_archiving_selectedTag_1` FOREIGN KEY (`tag_id`) REFERENCES `tag` (`id`)
) ENGINE = InnoDB
  AUTO_INCREMENT = 301
  DEFAULT CHARSET = utf8mb4
  COLLATE = utf8mb4_0900_ai_ci;
/*!40101 SET character_set_client = @saved_cs_client */;

--
-- Dumping data for table `archiving_selectedTag`
--

LOCK TABLES `archiving_selectedTag` WRITE;
/*!40000 ALTER TABLE `archiving_selectedTag`
    DISABLE KEYS */;
INSERT INTO `archiving_selectedTag`
VALUES (2, 479893076429349279, 36),
       (4, 479893076429349281, 29),
       (5, 479893076429349282, 30),
       (6, 479893076429349283, 24),
       (7, 479893076429349284, 16),
       (8, 479893076429349285, 51),
       (9, 479893076429349286, 6),
       (10, 479893076429349287, 24),
       (11, 479893076429349288, 30),
       (12, 479893076429349289, 17),
       (13, 479893076429349290, 41),
       (14, 479893076429349291, 13),
       (15, 479893076429349293, 5),
       (16, 479893076429349294, 1),
       (17, 479893076429349296, 22),
       (18, 479893076429349314, 10),
       (19, 479893076429349323, 20),
       (20, 479893076429349330, 16),
       (21, 479893076429349334, 17),
       (22, 479893076429349340, 20),
       (25, 479893076429349351, 58),
       (26, 479893076429349355, 38),
       (27, 479893076429349366, 64),
       (28, 479893076429349369, 24),
       (29, 479893076429349372, 8),
       (30, 479893076429349397, 57),
       (31, 479893076429349399, 53),
       (32, 479893076429349402, 33),
       (33, 479893076429349408, 65),
       (34, 479893076429349411, 39),
       (35, 479893076429349415, 40),
       (36, 479893076429349424, 48),
       (38, 479893076429349455, 30),
       (39, 479893076429349467, 9),
       (40, 479893076429349471, 48),
       (41, 479893076429349514, 37),
       (42, 479893076429349519, 48),
       (43, 479893076429349520, 20),
       (44, 479893076429349521, 39),
       (45, 479893076429349533, 32),
       (46, 479893076429349537, 12),
       (47, 479893076429349541, 40),
       (48, 479893076429349544, 21),
       (49, 479893076429349545, 40),
       (50, 479893076429349558, 64),
       (51, 479893076429349561, 48),
       (52, 479893076429349595, 43),
       (53, 479893076429349641, 33),
       (54, 479893076429349645, 66),
       (55, 479893076429349647, 17),
       (56, 479893076429349670, 36),
       (57, 479893076433545643, 16),
       (58, 479893076433545648, 52),
       (59, 479893076433545650, 30),
       (60, 479893076433545654, 18),
       (61, 479893076433545668, 42),
       (62, 479893076433545670, 58),
       (63, 479893076433545672, 50),
       (64, 479893076433545673, 31),
       (65, 479893076433545674, 30),
       (66, 479893076433545675, 26),
       (67, 479893076433545676, 48),
       (68, 479893076433545677, 35),
       (69, 479893076433545683, 26),
       (70, 479893076433545686, 47),
       (72, 479893076433545704, 34),
       (73, 479893076433545710, 44),
       (74, 479893076433545728, 18),
       (77, 479893076433545751, 23),
       (79, 479893076433545762, 28),
       (80, 479893076433545771, 30),
       (81, 479893076433545782, 9),
       (83, 479893076433545792, 22),
       (84, 479893076433545796, 55),
       (85, 479893076433545797, 33),
       (86, 479893076433545799, 55),
       (87, 479893076433545802, 36),
       (90, 479893076433545867, 23),
       (91, 479893076437740194, 21),
       (92, 479893076441933714, 28),
       (94, 479893076441934137, 22),
       (95, 479893076441934714, 24),
       (96, 479893076446129334, 40),
       (97, 479893076446129676, 22),
       (98, 479893076446129702, 19),
       (102, 479893076429349279, 57),
       (104, 479893076429349281, 18),
       (105, 479893076429349282, 42),
       (106, 479893076429349283, 55),
       (107, 479893076429349284, 62),
       (108, 479893076429349285, 37),
       (109, 479893076429349286, 52),
       (110, 479893076429349287, 44),
       (111, 479893076429349288, 23),
       (112, 479893076429349289, 28),
       (113, 479893076429349290, 66),
       (114, 479893076429349291, 49),
       (115, 479893076429349293, 61),
       (116, 479893076429349294, 61),
       (117, 479893076429349296, 50),
       (118, 479893076429349314, 63),
       (119, 479893076429349323, 7),
       (120, 479893076429349330, 29),
       (121, 479893076429349334, 50),
       (122, 479893076429349340, 19),
       (125, 479893076429349351, 20),
       (126, 479893076429349355, 64),
       (127, 479893076429349366, 1),
       (128, 479893076429349369, 39),
       (129, 479893076429349372, 6),
       (130, 479893076429349397, 64),
       (131, 479893076429349399, 3),
       (132, 479893076429349402, 24),
       (133, 479893076429349408, 8),
       (134, 479893076429349411, 3),
       (135, 479893076429349415, 50),
       (136, 479893076429349424, 55),
       (138, 479893076429349455, 5),
       (139, 479893076429349467, 36),
       (140, 479893076429349471, 56),
       (141, 479893076429349514, 27),
       (142, 479893076429349519, 30),
       (143, 479893076429349520, 35),
       (144, 479893076429349521, 10),
       (145, 479893076429349533, 41),
       (146, 479893076429349537, 34),
       (147, 479893076429349541, 17),
       (148, 479893076429349544, 67),
       (149, 479893076429349545, 33),
       (150, 479893076429349558, 1),
       (151, 479893076429349561, 38),
       (152, 479893076429349595, 60),
       (153, 479893076429349641, 31),
       (154, 479893076429349645, 49),
       (155, 479893076429349647, 16),
       (156, 479893076429349670, 5),
       (157, 479893076433545643, 34),
       (158, 479893076433545648, 21),
       (159, 479893076433545650, 27),
       (160, 479893076433545654, 43),
       (161, 479893076433545668, 7),
       (162, 479893076433545670, 45),
       (163, 479893076433545672, 31),
       (164, 479893076433545673, 56),
       (165, 479893076433545674, 1),
       (166, 479893076433545675, 63),
       (167, 479893076433545676, 19),
       (168, 479893076433545677, 2),
       (169, 479893076433545683, 44),
       (170, 479893076433545686, 26),
       (172, 479893076433545704, 11),
       (173, 479893076433545710, 51),
       (174, 479893076433545728, 41),
       (177, 479893076433545751, 41),
       (179, 479893076433545762, 28),
       (180, 479893076433545771, 25),
       (181, 479893076433545782, 46),
       (183, 479893076433545792, 6),
       (184, 479893076433545796, 42),
       (185, 479893076433545797, 42),
       (186, 479893076433545799, 61),
       (187, 479893076433545802, 10),
       (190, 479893076433545867, 45),
       (191, 479893076437740194, 2),
       (192, 479893076441933714, 19),
       (194, 479893076441934137, 44),
       (195, 479893076441934714, 26),
       (196, 479893076446129334, 31),
       (197, 479893076446129676, 19),
       (198, 479893076446129702, 61),
       (202, 479893076429349279, 43),
       (204, 479893076429349281, 17),
       (205, 479893076429349282, 61),
       (206, 479893076429349283, 21),
       (207, 479893076429349284, 32),
       (208, 479893076429349285, 37),
       (209, 479893076429349286, 44),
       (210, 479893076429349287, 10),
       (211, 479893076429349288, 34),
       (212, 479893076429349289, 12),
       (213, 479893076429349290, 48),
       (214, 479893076429349291, 49),
       (215, 479893076429349293, 15),
       (216, 479893076429349294, 12),
       (217, 479893076429349296, 46),
       (218, 479893076429349314, 39),
       (219, 479893076429349323, 16),
       (220, 479893076429349330, 40),
       (221, 479893076429349334, 26),
       (222, 479893076429349340, 51),
       (225, 479893076429349351, 11),
       (226, 479893076429349355, 22),
       (227, 479893076429349366, 22),
       (228, 479893076429349369, 30),
       (229, 479893076429349372, 36),
       (230, 479893076429349397, 37),
       (231, 479893076429349399, 51),
       (232, 479893076429349402, 53),
       (233, 479893076429349408, 40),
       (234, 479893076429349411, 67),
       (235, 479893076429349415, 47),
       (236, 479893076429349424, 8),
       (238, 479893076429349455, 50),
       (239, 479893076429349467, 55),
       (240, 479893076429349471, 14),
       (241, 479893076429349514, 54),
       (242, 479893076429349519, 2),
       (243, 479893076429349520, 62),
       (244, 479893076429349521, 58),
       (245, 479893076429349533, 25),
       (246, 479893076429349537, 58),
       (247, 479893076429349541, 34),
       (248, 479893076429349544, 41),
       (249, 479893076429349545, 59),
       (250, 479893076429349558, 13),
       (251, 479893076429349561, 14),
       (252, 479893076429349595, 11),
       (253, 479893076429349641, 38),
       (254, 479893076429349645, 21),
       (255, 479893076429349647, 19),
       (256, 479893076429349670, 46),
       (257, 479893076433545643, 63),
       (258, 479893076433545648, 4),
       (259, 479893076433545650, 4),
       (260, 479893076433545654, 27),
       (261, 479893076433545668, 50),
       (262, 479893076433545670, 60),
       (263, 479893076433545672, 9),
       (264, 479893076433545673, 63),
       (265, 479893076433545674, 56),
       (266, 479893076433545675, 17),
       (267, 479893076433545676, 37),
       (268, 479893076433545677, 51),
       (269, 479893076433545683, 30),
       (270, 479893076433545686, 19),
       (272, 479893076433545704, 31),
       (273, 479893076433545710, 1),
       (274, 479893076433545728, 9),
       (277, 479893076433545751, 20),
       (279, 479893076433545762, 59),
       (280, 479893076433545771, 12),
       (281, 479893076433545782, 11),
       (283, 479893076433545792, 14),
       (284, 479893076433545796, 58),
       (285, 479893076433545797, 12),
       (286, 479893076433545799, 67),
       (287, 479893076433545802, 1),
       (290, 479893076433545867, 64),
       (291, 479893076437740194, 29),
       (292, 479893076441933714, 2),
       (294, 479893076441934137, 4),
       (295, 479893076441934714, 25),
       (296, 479893076446129334, 6),
       (297, 479893076446129676, 18),
       (298, 479893076446129702, 56);
/*!40000 ALTER TABLE `archiving_selectedTag`
    ENABLE KEYS */;
UNLOCK TABLES;

--
-- Table structure for table `bodyType`
--

DROP TABLE IF EXISTS `bodyType`;
/*!40101 SET @saved_cs_client = @@character_set_client */;
/*!50503 SET character_set_client = utf8mb4 */;
CREATE TABLE `bodyType`
(
    `id`               int          NOT NULL AUTO_INCREMENT,
    `name`             varchar(50)  NOT NULL,
    `image_url`        varchar(255) NOT NULL,
    `additional_price` int DEFAULT NULL,
    `description`      text         NOT NULL,
    `model_id`         int          NOT NULL,
    PRIMARY KEY (`id`),
    KEY `FK_model_TO_body_type_1` (`model_id`),
    CONSTRAINT `FK_model_TO_body_type_1` FOREIGN KEY (`model_id`) REFERENCES `model` (`id`)
) ENGINE = InnoDB
  AUTO_INCREMENT = 3
  DEFAULT CHARSET = utf8mb4
  COLLATE = utf8mb4_0900_ai_ci;
/*!40101 SET character_set_client = @saved_cs_client */;

--
-- Dumping data for table `bodyType`
--

LOCK TABLES `bodyType` WRITE;
/*!40000 ALTER TABLE `bodyType`
    DISABLE KEYS */;
INSERT INTO `bodyType`
VALUES (1, '7인승', 'https://88hey-bucket.s3.ap-northeast-2.amazonaws.com/88hey/body-type/7_seat.jpg', 0,
        '기존 8인승 시트(1열 2명, 2열 3명, 3열 3명)에서 2열 가운데 시트를 없애 2열 탑승객의 편의는 물론, 3열 탑승객의 승하차가 편리합니다', 1),
       (2, '8인승', 'https://88hey-bucket.s3.ap-northeast-2.amazonaws.com/88hey/body-type/8_seat.jpg', 0,
        '1열 2명, 2열 3명, 3열 3명이 탑승할 수 있는 구조로, 많은 인원이 탑승할 수 있도록 배려하였습니다', 1);
/*!40000 ALTER TABLE `bodyType`
    ENABLE KEYS */;
UNLOCK TABLES;

--
-- Table structure for table `carNormalTypes`
--

DROP TABLE IF EXISTS `carNormalTypes`;
/*!40101 SET @saved_cs_client = @@character_set_client */;
/*!50503 SET character_set_client = utf8mb4 */;
CREATE TABLE `carNormalTypes`
(
    `id`            varchar(50) NOT NULL,
    `wheel_type_id` int         NOT NULL,
    `body_type_id`  int         NOT NULL,
    `trim_id`       int         NOT NULL,
    `engine_id`     int         NOT NULL,
    PRIMARY KEY (`id`),
    KEY `FK_wheelType_TO_carNormalTypes_1` (`wheel_type_id`),
    KEY `FK_bodyType_TO_carNormalTypes_1` (`body_type_id`),
    KEY `FK_trim_TO_carNormalTypes_1` (`trim_id`),
    KEY `FK_engine_TO_carNormalTypes_1` (`engine_id`),
    CONSTRAINT `FK_bodyType_TO_carNormalTypes_1` FOREIGN KEY (`body_type_id`) REFERENCES `bodyType` (`id`),
    CONSTRAINT `FK_engine_TO_carNormalTypes_1` FOREIGN KEY (`engine_id`) REFERENCES `engine` (`id`),
    CONSTRAINT `FK_trim_TO_carNormalTypes_1` FOREIGN KEY (`trim_id`) REFERENCES `trim` (`id`),
    CONSTRAINT `FK_wheelType_TO_carNormalTypes_1` FOREIGN KEY (`wheel_type_id`) REFERENCES `wheelType` (`id`)
) ENGINE = InnoDB
  DEFAULT CHARSET = utf8mb4
  COLLATE = utf8mb4_0900_ai_ci;
/*!40101 SET character_set_client = @saved_cs_client */;

--
-- Dumping data for table `carNormalTypes`
--

LOCK TABLES `carNormalTypes` WRITE;
/*!40000 ALTER TABLE `carNormalTypes`
    DISABLE KEYS */;
INSERT INTO `carNormalTypes`
VALUES ('LXJJ7DAA5', 2, 1, 2, 1),
       ('LXJJ7DAT5', 1, 1, 2, 1),
       ('LXJJ7DBA5', 2, 1, 3, 1),
       ('LXJJ7DBT5', 1, 1, 3, 1),
       ('LXJJ7DCA5', 2, 1, 4, 1),
       ('LXJJ7DCT5', 1, 1, 4, 1),
       ('LXJJ7DSA5', 2, 1, 1, 1),
       ('LXJJ7DST5', 1, 1, 1, 1),
       ('LXJJ7MAA5', 2, 1, 2, 2),
       ('LXJJ7MAT5', 1, 1, 2, 2),
       ('LXJJ7MBA5', 2, 1, 3, 2),
       ('LXJJ7MBT5', 1, 1, 3, 2),
       ('LXJJ7MCA5', 2, 1, 4, 2),
       ('LXJJ7MCT5', 1, 1, 4, 2),
       ('LXJJ7MSA5', 2, 1, 1, 2),
       ('LXJJ7MST5', 1, 1, 1, 2),
       ('LXJJ8DAA5', 2, 2, 2, 1),
       ('LXJJ8DAT5', 1, 2, 2, 1),
       ('LXJJ8DBA5', 2, 2, 3, 1),
       ('LXJJ8DBT5', 1, 2, 3, 1),
       ('LXJJ8DCA5', 2, 2, 4, 1),
       ('LXJJ8DCT5', 1, 2, 4, 1),
       ('LXJJ8DSA5', 2, 2, 1, 1),
       ('LXJJ8DST5', 1, 2, 1, 1),
       ('LXJJ8MAA5', 2, 2, 2, 2),
       ('LXJJ8MAT5', 1, 2, 2, 2),
       ('LXJJ8MBA5', 2, 2, 3, 2),
       ('LXJJ8MBT5', 1, 2, 3, 2),
       ('LXJJ8MCA5', 2, 2, 4, 2),
       ('LXJJ8MCT5', 1, 2, 4, 2),
       ('LXJJ8MSA5', 2, 2, 1, 2),
       ('LXJJ8MST5', 1, 2, 1, 2);
/*!40000 ALTER TABLE `carNormalTypes`
    ENABLE KEYS */;
UNLOCK TABLES;

--
-- Table structure for table `carType`
--

DROP TABLE IF EXISTS `carType`;
/*!40101 SET @saved_cs_client = @@character_set_client */;
/*!50503 SET character_set_client = utf8mb4 */;
CREATE TABLE `carType`
(
    `id`   int         NOT NULL AUTO_INCREMENT,
    `name` varchar(50) NOT NULL,
    PRIMARY KEY (`id`)
) ENGINE = InnoDB
  AUTO_INCREMENT = 8
  DEFAULT CHARSET = utf8mb4
  COLLATE = utf8mb4_0900_ai_ci;
/*!40101 SET character_set_client = @saved_cs_client */;

--
-- Dumping data for table `carType`
--

LOCK TABLES `carType` WRITE;
/*!40000 ALTER TABLE `carType`
    DISABLE KEYS */;
INSERT INTO `carType`
VALUES (1, '수소/전기차'),
       (2, '승용'),
       (3, 'SUV'),
       (4, 'MPV'),
       (5, '소형트럭&택시'),
       (6, '트럭'),
       (7, '버스');
/*!40000 ALTER TABLE `carType`
    ENABLE KEYS */;
UNLOCK TABLES;

--
-- Table structure for table `defaultOption`
--

DROP TABLE IF EXISTS `defaultOption`;
/*!40101 SET @saved_cs_client = @@character_set_client */;
/*!50503 SET character_set_client = utf8mb4 */;
CREATE TABLE `defaultOption`
(
    `id`          varchar(50)  NOT NULL,
    `name`        varchar(100) NOT NULL,
    `description` text         NOT NULL,
    `image_url`   varchar(255) NOT NULL,
    `category`    varchar(50)  NOT NULL,
    PRIMARY KEY (`id`)
) ENGINE = InnoDB
  DEFAULT CHARSET = utf8mb4
  COLLATE = utf8mb4_0900_ai_ci;
/*!40101 SET character_set_client = @saved_cs_client */;

--
-- Dumping data for table `defaultOption`
--

LOCK TABLES `defaultOption` WRITE;
/*!40000 ALTER TABLE `defaultOption`
    DISABLE KEYS */;
INSERT INTO `defaultOption`
VALUES ('LX00001', '가솔린 3.8 V6 엔진',
        '고효율의 3.8 가솔린 엔진으로 다이내믹한 주행 성능은 물론, 정속성까지 선사합니다.<BR>최고출력 : 295마력<BR>최대토크 : 36.2kgf·m',
        'https://88hey-bucket.s3.amazonaws.com/88hey/default-option/gasoline3.8.jpg', '파워트레인/성능'),
       ('LX00002', '디젤 2.2 엔진', '강력한 토크와 탁월한 효율로 여유있는 파워와 높은 연비를 제공하는 디젤엔진입니다.<BR>최고출력 : 202마력<BR>최대토크 : 45.0kgf·m',
        'https://88hey-bucket.s3.amazonaws.com/88hey/default-option/dieselengine2.2.jpg', '파워트레인/성능'),
       ('LX00003', '8단 자동변속기', '전달 효율 증대로 전 엔진 동급 최고의 연비를 구현함은 물론, 최적의 변속 성능으로 드라이빙 감성까지 향상시켜줍니다.',
        'https://88hey-bucket.s3.amazonaws.com/88hey/default-option/8at.jpg', '파워트레인/성능'),
       ('LX00004', 'ISG 시스템', '신호 대기 상황이거나 정차 중일 때 차의 엔진을 일시 정지하여 연비를 향상시키고, 배출가스 발생을 억제하는 시스템입니다.',
        'https://88hey-bucket.s3.amazonaws.com/88hey/default-option/isg.jpg', '파워트레인/성능'),
       ('LX00005', '통합주행모드',
        'COMFORT, ECO, SPORT, SMART 4가지 드라이브 모드를 지원하여 운전자의 니즈에 따른 다양한 주행 모드를 선택할 수 있습니다. 각 주행모드의 상태는 클러스터와 AVN을 통해 확인 가능합니다.',
        'https://88hey-bucket.s3.amazonaws.com/88hey/default-option/drivemode.jpg', '파워트레인/성능'),
       ('LX00006', '랙구동형 전동식 파워 스티어링(R-MDPS)', '조향 시 운전자의 힘을 유압대신 모터가 바퀴로 전달하는 기술로 모터가 차량 하체에 장착되어 타이어를 제어합니다.',
        'https://88hey-bucket.s3.amazonaws.com/88hey/default-option/rmdps.jpg', '파워트레인/성능'),
       ('LX00007', '전자식 변속버튼', '전자식 변속 버튼을 적용하여 조작 편의성을 높이는 동시에 하이테크적인 이미지를 연출했습니다.',
        'https://88hey-bucket.s3.amazonaws.com/88hey/default-option/sbw.jpg', '파워트레인/성능'),
       ('LX00008', 'HTRAC', '시시각각 변하는 주행환경에 맞춰 전 / 후 구동력을 능동적으로 배분함으로써 드라이빙의 즐거움을 선사합니다.',
        'https://88hey-bucket.s3.amazonaws.com/88hey/default-option/htrac.jpg', '파워트레인/성능'),
       ('LX00009', '험로주행모드', '험로주행모드 : 도로 여건에 따라 SNOW / MUD / SAND 주행모드를 선택할 수 있습니다. 각 주행 모드의 상태는 클러스터를 통해 확인가능합니다.',
        'https://88hey-bucket.s3.amazonaws.com/88hey/default-option/tractionmode.jpg', '파워트레인/성능'),
       ('LX00010', '전방 충돌방지 보조(차량/보행자/자전거 탑승자/교차로 대향차)',
        '전방 카메라와 전방 레이더의 신호를 종합적으로 판단하여 전방 차량, 보행자, 자전거 탑승자와 충돌 위험 상황이 감지될 경우 운전자에게 이를 경고하고, 필요 시 브레이크 작동을 도와줍니다.',
        'https://88hey-bucket.s3.amazonaws.com/88hey/default-option/fca.jpg', '지능형 안전 기술'),
       ('LX00011', '차로 이탈방지 보조',
        '전방 카메라로 주행 차로를 실시간으로 감지하여 차량이 차로를 이탈하려 할 경우, 클러스터에 경고하고 스티어링 휠을 제어하여 안전하게 주행 차로를 유지하도록 보조합니다.',
        'https://88hey-bucket.s3.amazonaws.com/88hey/default-option/lka.jpg', '지능형 안전 기술'),
       ('LX00012', '운전자 주의 경고',
        '차량이 스스로 운전자의 주행 패턴과 차로 내 차량 위치 등을 종합적으로 분석하여 주의 운전이 필요하다고 판단되면, 팝업메시지와 경고음을 통해 운전자 휴식을 유도합니다.',
        'https://88hey-bucket.s3.amazonaws.com/88hey/default-option/daw.jpg', '지능형 안전 기술'),
       ('LX00013', '하이빔 보조', '마주오는 차량 또는 앞 차량의 램프 및 주변 밝기 상태를 감지하여 전조등을 자동으로 상향 또는 하향으로 전환합니다.',
        'https://88hey-bucket.s3.amazonaws.com/88hey/default-option/hba.jpg', '지능형 안전 기술'),
       ('LX00014', '진동 경고 스티어링 휠', '전방 차량과의 충돌/차량의 차선 이탈/후측방 충돌 위험 시, 운전자 주의 경고 시 스티어링에 진동을 주어 경고합니다.',
        'https://88hey-bucket.s3.amazonaws.com/88hey/default-option/vibsteeringwheel.jpg', '지능형 안전 기술'),
       ('LX00015', '스마트 크루즈 컨트롤(스탑앤고 기능 포함)',
        '전방의 차량을 감지하여 스스로 가속과 감속을 하며 차량의 속도를 일정하게 유지 시켜주고, 차량 정체로 앞차 정차 시 정지하고 전방 차량 출발 시 다시 거리를 유지하며 주행하는 기능입니다.<br>※ 단, 자동 정차 시간이 3초 초과 시, 별도 조작으로 출발 가능',
        'https://88hey-bucket.s3.amazonaws.com/88hey/default-option/scc.jpg', '지능형 안전 기술'),
       ('LX00016', '내비게이션 기반 스마트 크루즈 컨트롤(안전구간, 곡선로)',
        '스마트 크루즈 작동 중 고속도로/도시고속도로/자동차전용 도로 내 안전구간 진입 시, 감속 제어를 통해 주행 편의 제공합니다. 또한 곡선 구간 진입 시, 감속 제어를 통해 주행 편의를 제공합니다.',
        'https://88hey-bucket.s3.amazonaws.com/88hey/default-option/ncss.jpg', '지능형 안전 기술'),
       ('LX00017', '고속도로 주행 보조', '고속도로 본선 주행 시 전방 차량과의 거리, 차선 정보, 내비게이션 정보를 이용하여 차량 속도를 제어는 물론 차로 유지를 보조해줍니다.',
        'https://88hey-bucket.s3.amazonaws.com/88hey/default-option/hda.jpg', '지능형 안전 기술'),
       ('LX00018', '차로 유지 보조', '전방 카메라를 이용하여 차선을 인식하고 차로의 중앙으로 주행할 수 있도록 조향을 보조합니다.',
        'https://88hey-bucket.s3.amazonaws.com/88hey/default-option/lfa.jpg', '지능형 안전 기술'),
       ('LX00019', '후측방 충돌 경고(주행)', '차로 변경을 위하여 방향지시등 스위치 조작 시, 후측방 충돌 위험이 감지되면 경고를 해줍니다.',
        'https://88hey-bucket.s3.amazonaws.com/88hey/default-option/bcw.jpg', '지능형 안전 기술'),
       ('LX00020', '후측방 충돌방지 보조(전진 출차)', '평행 주차상태에서 전진 출차 중, 후측방 차량과 충돌 위험이 감지되면 자동으로 제동을 도와줍니다.',
        'https://88hey-bucket.s3.amazonaws.com/88hey/default-option/bca.jpg', '지능형 안전 기술'),
       ('LX00021', '안전 하차 보조',
        '정차 후 탑승자가 차에서 내리려고 도어를 열 때, 후측방에서 접근하는 차량이 감지되면 경고를 해줍니다. 또한 전자식 차일드 락이 작동하여 문이 열리지 않도록 도와줍니다.',
        'https://88hey-bucket.s3.amazonaws.com/88hey/default-option/sea.jpg', '지능형 안전 기술'),
       ('LX00022', '후방 교차 충돌방지 보조', '후진 출차 시 후방 교차 차량을 감지하여 운전자에게 경고하고 필요 시에는 브레이크 제어를 통해 후방 교차 충돌방지를 보조합니다.',
        'https://88hey-bucket.s3.amazonaws.com/88hey/default-option/rcca.jpg', '지능형 안전 기술'),
       ('LX00023', '전방 충돌방지 보조(교차 차량/추월시 대향차/측방 접근차)',
        '선행 차량이 갑자기 속도를 줄이거나, 앞에 정지 차량 혹은 보행자가 나타나는 등 전방 충돌 위험이 감지되면 경고를 해줍니다. 경고 후에도 충돌 위험이 높아지면 자동으로 제동을 도와줍니다. 주행 중 전방의 자전거 탑승자 및 교차로에서 좌회전 시 맞은편에서 다가오는 차량과 충돌 위험이 있다면 자동으로 제동을 도와줍니다.',
        'https://88hey-bucket.s3.amazonaws.com/88hey/default-option/fca2.jpg', '지능형 안전 기술'),
       ('LX00024', '내비게이션 기반 스마트 크루즈 컨트롤(진출입로)',
        '스마트 크루즈 작동 중 고속도로/도시고속도로/자동차전용 도로 내 고속도로 진출입로 주행 시 차로를 판단하여 사전감속 또는 최적 속도에 맞추어 감속을 진행합니다.',
        'https://88hey-bucket.s3.amazonaws.com/88hey/default-option/ncss2.jp', '지능형 안전 기술'),
       ('LX00025', '고속도로 주행 보조 2',
        '고속도로 / 자동차 전용도로에서 앞차와의 거리와 설정 속도를 유지하며 주행할 뿐 아니라, 곡선로에서도 차로의 중앙을 유지하며 주행할 수 있도록 도와줍니다. 일정 속도 이상으로 주행 시, 스티어링 휠을 잡은 상태에서 방향지시등 스위치를 변경하고자 하는 차로 방향으로 움직이면 자동으로 차로를 변경해 줍니다.',
        'https://88hey-bucket.s3.amazonaws.com/88hey/default-option/hda2.jpg', '지능형 안전 기술'),
       ('LX00026', '후방 주차 충돌방지 보조',
        '주차 또는 출차 시 저속 후진 중 후방카메라와 센서로 정후면에 위치한 보행자 및 장애물과의 충돌이 예상되면 운전자에게 경고하고 차량의 제동을 제어하여 충돌방지를 보조합니다.',
        'https://88hey-bucket.s3.amazonaws.com/88hey/default-option/pca.jpg', '지능형 안전 기술'),
       ('LX00027', '원격 스마트 주차 보조',
        '주차 보조 기능을 활성화 한 후 주차공간을 발견하게 되면 차량 내 안내에 따라 하차한 다음, 스마트키의 작동 버튼을 누르고만 있으면 차가 스스로 주차합니다. 직각주차 및 평행주차 모두 가능하며, 운전자 탑승 시에도 차량 내부의 작동 버튼을 누르고 있으면 자동 주차 보조를 지원합니다.',
        'https://88hey-bucket.s3.amazonaws.com/88hey/default-option/rspa.jpg', '지능형 안전 기술'),
       ('LX00028', '후석 승객 알림',
        '초음파 센서를 통해 뒷좌석에 남아있는 승객의 움직임을 감지하여 운전자에게 경고함으로써 부주의에 의한 유아 또는 반려 동물 등의 방치 사고를 예방하는 신기술입니다.',
        'https://88hey-bucket.s3.amazonaws.com/88hey/default-option/roa.jpg', '지능형 안전 기술'),
       ('LX00029', '10에어백 시스템(1열 어드밴스드/센터사이드, 1/2열 사이드, 운전석 무릎, 전복대응 커튼)',
        '1열 어드밴스드/센터 사이드, 운전석 무릎,1/2열 사이드, 전복 대응 커튼 에어백으로 탑승자를 보호합니다.',
        'https://88hey-bucket.s3.amazonaws.com/88hey/default-option/10airbag.jpg', '안전'),
       ('LX00030', '유아용 시트 고정장치(2열 2개/3열 1개)',
        '영·유아용 시트를 간편하고 안전하게 장착할 수 있는 ISO 규격의 카시트를 고정할 수 있는 장치를 2열에 2개, 3열에 1개 총 3개를 적용하여 사고 시 카시트에 탑승한 유아를 보호합니다.',
        'https://88hey-bucket.s3.amazonaws.com/88hey/default-option/isofix.jpg', '안전'),
       ('LX00031', '구동선회 제어기능',
        '커브구간에서 선회 가속시 구동력과 제동력을 제어해 언더스티어 현상을 억제하고 차량의 주행 민첩성과 주행 안정성을 향상시키는 토크벡터링 (Torque Vectoring) 시스템입니다.',
        'https://88hey-bucket.s3.amazonaws.com/88hey/default-option/atcc.jpg', '안전'),
       ('LX00032', '다중 충돌방지 자동 제동 시스템', '차량의 정면 또는 측면 충돌사고로 에어백 전개 시 차량에 적절한 자동 긴급 제동을 통해 2차 사고 및 다중 충돌을 경감시켜줍니다.',
        'https://88hey-bucket.s3.amazonaws.com/88hey/default-option/mcbs.jpg', '안전'),
       ('LX00033', '경사로저속주행장치',
        '가파른 경사길에서 사용자가 원하는 일정한 속도로 안전하게 주행 가능합니다.<br>* 버튼 선택 후 속도 제어가 가능합니다.(전진 : 4~40km/h / 후진 : 2.5km/h)',
        'https://88hey-bucket.s3.amazonaws.com/88hey/default-option/dbc.jpg', '안전'),
       ('LX00034', '다크 크롬 라디에이터 그릴', '-',
        'https://88hey-bucket.s3.amazonaws.com/88hey/default-option/darkchromegrill.jpg', '외관'),
       ('LX00035', 'LED 주간주행등',
        '주간주행등(DRL)은 낮시간에도 자동으로 켜져 다른 사람들이 차량을 쉽게 볼 수 있도록 합니다. 특히 해질 무렵이나 해뜨기 직전에 차량의 접근을 쉽게 인식하도록 합니다. 차량 시동 후에 자동으로 켜집니다.<br>※ 광원의 종류<br>- 벌브 : 유리구 안에 있는 필라멘트에 전류를 흘려 빛을 내는 광원입니다.<br>- LED : 빛을 내는 반도체 소자로 밝은 빛을 내며 효율이 좋은 광원입니다.',
        'https://88hey-bucket.s3.amazonaws.com/88hey/default-option/leddrl.jpg', '외관'),
       ('LX00036', 'LED 포지셔닝램프',
        '안개, 야간과 같이 시야확보가 어려울 경우, 차의 존재 및 차폭을 인지할 수 있도록 하는 역할을 합니다.<br>※ 광원의 종류<br>- 벌브 : 유리구 안에 있는 필라멘트에 전류를 흘려 빛을 내는 광원입니다.<br>- LED : 빛을 내는 반도체 소자로 밝은 빛을 내며 효율이 좋은 광원입니다.',
        'https://88hey-bucket.s3.amazonaws.com/88hey/default-option/ledpositioninglamp.jpg', '외관'),
       ('LX00037', 'LED 방향지시등',
        '차량의 진행 방향을 주변 주행 차량 및 보행자에게 알리는 등화장치입니다.<br>※ 광원의 종류<br>- 벌브 : 유리구 안에 있는 필라멘트에 전류를 흘려 빛을 내는 광원입니다.<br>- LED : 빛을 내는 반도체 소자로 밝은 빛을 내며 효율이 좋은 광원입니다.',
        'https://88hey-bucket.s3.amazonaws.com/88hey/default-option/ledsignallight.jpg', '외관'),
       ('LX00038', 'Full LED 헤드램프(프로젝션 타입)',
        '야간 운전시 전방에 빛을 비춰 운전자의 시야를 확보할 수 있도록 돕습니다.<br>※ 광원의 종류<br>- 벌브 : 유리구 안에 있는 필라멘트에 전류를 흘려 빛을 내는 광원입니다.<br>- LED : 빛을 내는 반도체 소자로 밝은 빛을 내며 효율이 좋은 광원입니다.<br>* Full LED 타입 : 상향등과 하향등이 모두 LED가 적용되어 광도가 우수하고 고급스러운 이미지를 연출합니다.',
        'https://88hey-bucket.s3.amazonaws.com/88hey/default-option/fullheadlamp.jpg', '외관'),
       ('LX00039', '아웃사이드 미러(열선, 전동접이, 전동조절, LED 방향지시등)',
        '주행 중 후측방을 확인할 수 있도록 차량 좌우측에 부착된 거울입니다.<br>방향지시등 : 차량의 진행방향을 주변 주행 차량 및 보행자에게 알리는 램프를 아웃사이드 미러에 적용했습니다.<br>열선 기능 : 아웃사이드 미러에 낀 습기를 제거하기 위한 기능입니다.<br>전동 접이 기능 : 버튼 조작으로 아웃사이드 미러를 접고 펼 수 있는 기능입니다. 리모컨 키로 도어를 여닫을 때 자동으로 접고 펼 수도 있습니다.<br>전동 조절 기능 : 버튼 조작으로 아웃사이드 미러의 화각을 조절하는 기능입니다.<br>* 부가기능은 차종별/트림별 상이하게 적용됩니다.',
        'https://88hey-bucket.s3.amazonaws.com/88hey/default-option/outsidemirror.jpg', '외관'),
       ('LX00040', '이중접합 차음유리(윈드실드, 1/2열 도어)',
        '두 겹의 유리로 이루어진 전방 유리의 사이에 소음을 흡수하는 전용 차음필름을 삽입하여 엔진 투과음 및 외부 소음이 실내에 유입되는 것을 감소시켜 탑승자의 운전 쾌적성을 향상시킵니다.',
        'https://88hey-bucket.s3.amazonaws.com/88hey/default-option/laminatedwindow.jpg', '외관'),
       ('LX00041', '도어 포켓 라이팅(1열)',
        '스마트 키를 소지하고 차량에 접근하거나 리모컨 키를 이용하여 차량 도어를 오픈 할 때 아웃사이드 도어핸들 안쪽에 불빛을 비춰 야간에 차량의 문을 쉽게 열 수 있도록 배려한 편의 기능입니다.',
        'https://88hey-bucket.s3.amazonaws.com/88hey/default-option/doorpocketlighting.jpg', '외관'),
       ('LX00042', '싱글 트윈팁 머플러',
        '차량 후면부 하단에 부착되는 배기장치로 차량 후면부와 조화감 있는 이미지로 디자인의 완성도를 높여줍니다. 머플러 부착방식에 따라 명칭이 상이합니다.<br>싱글 타입 : 1개의 머플러로 구성<br>트윈 타입 : 한쪽에 2개의 머플러로 구성<br>듀얼 타입 : 차량 후면부 좌우에 2개의 머플러가 장착됨',
        'https://88hey-bucket.s3.amazonaws.com/88hey/default-option/singlemuffler.jpg', '외관'),
       ('LX00043', '18인치 알로이 휠 & 타이어', '-',
        'https://88hey-bucket.s3.amazonaws.com/88hey/default-option/18alloywheel.jpg', '외관'),
       ('LX00044', 'LED 리어콤비램프',
        '헤드램프와 통일감 있는 콤비램프 디자인을 적용하였으며 보석 느낌의 인너렌즈를 적용하여 고급스러운 감성품질을 제공합니다.<br>※ 광원의 종류<br>- 벌브 : 유리구 안에 있는 필라멘트에 전류를 흘려 빛을 내는 광원입니다.<br>- LED : 빛을 내는 반도체 소자로 밝은 빛을 내며 효율이 좋은 광원입니다.',
        'https://88hey-bucket.s3.amazonaws.com/88hey/default-option/ledrearcombilamp.jpg', '외관'),
       ('LX00045', 'LED 보조제동등',
        '기본으로 제공하는 제동등과 별도로 장착되어 브레이크 작동 시 후방 주행 차량에게 제동을 알려 후방 추돌 상황을 방지하는 등화장치입니다.<br>※ 광원의 종류<br>- 벌브 : 유리구 안에 있는 필라멘트에 전류를 흘려 빛을 내는 광원입니다.<br>- LED : 빛을 내는 반도체 소자로 밝은 빛을 내며 효율이 좋은 광원입니다.',
        'https://88hey-bucket.s3.amazonaws.com/88hey/default-option/ledstoplamp.jpg', '외관'),
       ('LX00046', '후진가이드램프', '후진 시 점선 패턴의 가이드 조명 구현을 통해 주변 차량 및 보행자에게 후진 의도를 효과적으로 전달하여 사고를 예방합니다.',
        'https://88hey-bucket.s3.amazonaws.com/88hey/default-option/rearguidelamp.jpg', '외관'),
       ('LX00047', '리어 스포일러', '주행 시 차량 후면에 발생하는 공기의 와류 현상을 없애주는 장치로 차량의 공력 성능을 향상시킵니다.',
        'https://88hey-bucket.s3.amazonaws.com/88hey/default-option/rearspoiler.jpg', '외관'),
       ('LX00048', '크롬 DLO 몰딩',
        '차량 도어의 몰딩 부분 소재를 크롬으로 적용하여 고급스러운 감성을 전달합니다.<br>차량마다 적용부위의 차이가 있습니다.<br>- 벨트라인 : 차량의 측면 윈도우의 하단을 감싸는 몰딩 부분<br>- DLO(Day-light opening) : 차량의 측면 윈도우를 감싸는 몰딩 부분',
        'https://88hey-bucket.s3.amazonaws.com/88hey/default-option/dlomolding.jpg', '외관'),
       ('LX00049', '루프랙', '차량 위에 짐을 실을 수 있도록 돕는 장치로 화물적재를 위한 보조기구 장착 시 차량 상태 및 안전을 고려하여 장착해야합니다.',
        'https://88hey-bucket.s3.amazonaws.com/88hey/default-option/roofrack.jpg', '외관'),
       ('LX00050', '20인치 알로이 휠 & 타이어', '-',
        'https://88hey-bucket.s3.amazonaws.com/88hey/default-option/20alloywheel.jpg', '외관'),
       ('LX00051', '퍼들램프', '아웃사이드 미러 하단에 바닥을 비추는 퍼들램프를 장착하여 야간 승/하차 시 운전자의 시야 확보에 도움을 줍니다.',
        'https://88hey-bucket.s3.amazonaws.com/88hey/default-option/puddlelamp.jpg', '외관'),
       ('LX00052', '캘리그래피 전용 디자인(휠, 라디에이터 그릴 & 가니쉬, 인테이크 그릴, 바디컬러 클래딩, 프론트 & 리어 크롬 스키드 플레이트)', '-',
        'https://88hey-bucket.s3.amazonaws.com/88hey/default-option/calligraphydesign.jpg', '외관'),
       ('LX00056', '메탈페인트 스키드 플레이트', '-',
        'https://88hey-bucket.s3.amazonaws.com/88hey/default-option/metalpaintplate.jpg', '외관'),
       ('LX00057', '발수 도어(1열)', '빗물 맺힘이나 서리, 성에 등을 막아주는 발수 적용 유리를 앞도어에 장착하여 운전자의 시계를 확보합니다.',
        'https://88hey-bucket.s3.amazonaws.com/88hey/default-option/frontdoorwindow.jpg', '외관'),
       ('LX00058', '클러스터(4.2인치 컬러 LCD)',
        '계기판 중앙에 4.2인치의 컬러 LCD 화면을 탑재하여 주행 중 외부 온도, 연비 정보, 지능형 안전 기술 작동 상태 등 다양한 차량의 상태를 운전자가 직관적으로 확인할 수 있도록 돕는 장치입니다.',
        'https://88hey-bucket.s3.amazonaws.com/88hey/default-option/4.2cluster.jpg', '내장'),
       ('LX00059', '베젤리스 인사이드 미러', '-', 'https://88hey-bucket.s3.amazonaws.com/88hey/default-option/insidemirror.jpg',
        '내장'),
       ('LX00060', 'LED 실내등(맵램프, 룸램프, 선바이저램프, 러기지램프)', '차량 실내 전체를 비춰주는 룸램프를 LED로 적용하여 어두운 곳에서의 시인성을 향상시킵니다.',
        'https://88hey-bucket.s3.amazonaws.com/88hey/default-option/ledlamp.jpg', '내장'),
       ('LX00062', '가죽 스티어링 휠(열선포함)',
        '시동 스위치가 「ON」 또는 엔진이 작동 중일때 스티어링 휠 히터 버튼을 누르면 표시등이 켜지면서 스티어링 휠이 따뜻해집니다. 스티어링 휠 히터 버튼을 누른 후 작동 조건에서 약 30분이 지나면 자동으로 작동을 멈춥니다.',
        'https://88hey-bucket.s3.amazonaws.com/88hey/default-option/leathersteeringwheel.jpg', '내장'),
       ('LX00063', '클러스터(12.3인치 컬러 LCD)',
        '컬러 LCD 클러스터(1,920x720)는 시인성이 높고 정보 파악이 용이하며, 주행모드별 차별화된 그래픽으로 즐거운 드라이빙 환경을 제공합니다.',
        'https://88hey-bucket.s3.amazonaws.com/88hey/default-option/12.3cluster.jpg', '내장'),
       ('LX00064', '인조가죽 감싸기', '-', 'https://88hey-bucket.s3.amazonaws.com/88hey/default-option/leatherwrapping.jpg',
        '내장'),
       ('LX00065', '도어 암레스트 리얼스티치', '-', 'https://88hey-bucket.s3.amazonaws.com/88hey/default-option/doorarmrest.jpg',
        '내장'),
       ('LX00066', '메탈 페달', '자동차의 가속, 브레이크 페달을 메탈로 제작해 드라이빙 시 페달에서 발이 이탈하는 것을 최소화하고 메탈 디자인으로 고급스러운 감성을 전달합니다.',
        'https://88hey-bucket.s3.amazonaws.com/88hey/default-option/metalpaddle.jpg', '내장'),
       ('LX00067', '스웨이드 내장재(헤드라이닝/필라)',
        '가죽 뒷면을 부드럽게 가공하여 고급스러운 느낌을 주는 스웨이드로 완성된 내장재를 차량의 A/B/C필라 및 차량 천장 부분에 적용하여 인테리어에서 고급스러운 감성을 전달합니다.',
        'https://88hey-bucket.s3.amazonaws.com/88hey/default-option/swade.jpg', '내장'),
       ('LX00068', '콘솔 커버 리얼 알루미늄', '-', 'https://88hey-bucket.s3.amazonaws.com/88hey/default-option/consolcover.jpg',
        '내장'),
       ('LX00070', '메탈 리어범퍼스텝', '러기지 룸 앞쪽 하단부를 메탈로 만들어 물건을 싣고 내릴 때나 사람이 올라갈 때 차체를 보호해줍니다.',
        'https://88hey-bucket.s3.amazonaws.com/88hey/default-option/metalrearbumper.jpg', '내장'),
       ('LX00071', '메탈 도어스커프', '자동차를 타고 내리는 도어의 문틈 하부를 보호하는 도어스커프 부분을 메탈로 만들어 차체를 보호하고 메탈 디자인으로 고급스러운 감성을 전달합니다.',
        'https://88hey-bucket.s3.amazonaws.com/88hey/default-option/metaldoorscuff.jpg', '내장'),
       ('LX00072', '1열 도어 스피커 메탈 그릴', '-',
        'https://88hey-bucket.s3.amazonaws.com/88hey/default-option/1_doorspeaker.jpg', '내장'),
       ('LX00073', '퀼팅 인조가죽 감싸기(도어트림)', '-',
        'https://88hey-bucket.s3.amazonaws.com/88hey/default-option/quiltingwrapping.jpg', '내장'),
       ('LX00074', '앰비언트 무드램프',
        '1/2열 도어 가니쉬 하단과, 1열 콘솔 사이드 부에 은은한 조명을 적용하여 고급감을 전달합니다. AVN 설정 화면에서 고객이 직접 64가지 색상 및 전문가 추천 10가지 색상을 선택할 수 있습니다.',
        'https://88hey-bucket.s3.amazonaws.com/88hey/default-option/ambientlamp.jpg', '내장'),
       ('LX00075', '디지털 센터 미러', '디지털 미러로 보다 선명하게 후방을 확인할 수 있습니다.',
        'https://88hey-bucket.s3.amazonaws.com/88hey/default-option/dcm.jpg', '내장'),
       ('LX00076', '콘솔 사이드 리얼스티치', '-', 'https://88hey-bucket.s3.amazonaws.com/88hey/default-option/consolside.jpg',
        '내장'),
       ('LX00079', '인조가죽 시트(블랙)',
        '팰리세이드는 옵션에 따라 인조가죽, 가죽, 나파가죽, 퀼팅 나파가죽 시트를 선택할 수 있습니다.<br>- 인조가죽 시트 : 합성섬유를 이용하여 가죽의 질감을 구현한 인조가죽으로 제작된 시트입니다.<br>- 가죽 시트 : 실제 가죽으로 제작되어 편안하며 고급스러운 착좌감을 제공합니다.<br>- 나파가죽 시트 : 가죽 표면을 코팅처리하여 가죽의 내구성은 높이면서도 부드러운 감촉을 선사하는 시트입니다.',
        'https://88hey-bucket.s3.amazonaws.com/88hey/default-option/leatherblack.jpg', '시트'),
       ('LX00080', '운전석 전동시트(8way, 럼버서포트)',
        '운전석의 시트 포지션을 조정하여 운전자의 체형에 맞는 편안한 자세를 유지할 수 있도록 돕는 기능입니다. 팰리세이드는 옵션에 따라 10way 전동 시트와 12way 전동시트(럼버서포트 포함) & 2way 쿠션 익스텐션을 선택할 수 있습니다.<br>10way 전동시트 : 운전석 좌하단에 위치한 조작부로 8방향으로 조절 기능(시트백 기울기, 시트 앞/뒤 이동, 쿠션부 앞/뒤 높이 조절)과 허리 지지대 조절 기능을 전동 방식으로 조절합니다.<br>12way 전동시트(럼버서포트 포함) & 2way 쿠션 익스텐션 : 운전석 좌하단에 위치한 조작부로 8방향으로 조절 기능(시트백 기울기, 시트 앞/뒤 이동, 쿠션부 앞/뒤 높이 조절)과 4방향으로 허리 지지대를 조절하며 운전자의 허벅지 길이에 맞게 시트 하단부를 조절하는 쿠션 익스텐션이 적용되었습니다.',
        'https://88hey-bucket.s3.amazonaws.com/88hey/default-option/8_driverseat.jpg', '시트'),
       ('LX00081', '1열 열선/통풍시트',
        '시동이 걸린 상태에서 해당 좌석 히터 스위치를 누르면 강약조절 표시등이 켜져 사용 중임을 나타내고 해당 좌석이 따뜻해지는 열선기능과 시동이 걸린 상태에서 해당 좌석의 통풍 스위치를 누르면 표시등이 켜지면서 해당 좌석에 바람이 나오는 통풍기능이 적용되었습니다.',
        'https://88hey-bucket.s3.amazonaws.com/88hey/default-option/frontheated.jpg', '시트'),
       ('LX00082', '2열 열선시트', '3단계로 온도 조절이 가능한 열선시트를 적용하여 쾌적한 승차감을 제공합니다.',
        'https://88hey-bucket.s3.amazonaws.com/88hey/default-option/2_heated.jpg', '시트'),
       ('LX00083', '7인승 시트', '기존 8인승 시트(1열 2인, 2열 3인, 3열 3인)에서 2열 가운데 착좌부를 없애 2열 탑승객의 편의는 물론, 3열 탑승객의 승하차를 편하도록 돕습니다.',
        'https://88hey-bucket.s3.amazonaws.com/88hey/default-option/7eat.jpg', '시트'),
       ('LX00084', '8인승', '1열에 2인, 2열에 3인, 3열에 3인용 시트를 부착하여 팰리세이드 내 8인이 탑승할 수 있도록 돕습니다.',
        'https://88hey-bucket.s3.amazonaws.com/88hey/default-option/8eat.jpg', '시트'),
       ('LX00085', '2열 폴드 & 다이브/슬라이딩 & 리클라이닝 시트',
        '평면형태의 2열 공간을 제공하는 풀플랫 폴딩 2열시트로 차원이 다른 공간/거주성을 확보해 넉넉한 러기지 공간은 물론 프라이빗 스페이스로 활용할 수 있습니다.',
        'https://88hey-bucket.s3.amazonaws.com/88hey/default-option/fold_dive.jpg', '시트'),
       ('LX00086', '3열 6:4분할 폴딩/리클라이닝 시트',
        '3열 시트 및 러기지 사이드에 적용된 전자식 스위치로 시트를 폴딩 및 리클라이닝하여 화물 적재 시 편리합니다. 또한 좌석 등받이 부분을 후방으로 눕힐 수 있는 리클라이닝 기능을 적용하여 성인 탑승 및 장거리 이동 시 거주 편의성을 높였습니다.',
        'https://88hey-bucket.s3.amazonaws.com/88hey/default-option/64folding.jpg', '시트'),
       ('LX00089', '퀼팅 천연가죽 시트(블랙/쿨그레이)',
        '팰리세이드는 옵션에 따라 인조가죽, 가죽, 나파가죽, 퀼팅 나파가죽 시트를 선택할 수 있습니다.<br>- 인조가죽 시트 : 합성섬유를 이용하여 가죽의 질감을 구현한 인조가죽으로 제작된 시트입니다.<br>- 가죽 시트 : 실제 가죽으로 제작되어 편안하며 고급스러운 착좌감을 제공합니다.<br>- 나파가죽 시트 : 가죽 표면을 코팅처리하여 가죽의 내구성은 높이면서도 부드러운 감촉을 선사하는 시트입니다.',
        'https://88hey-bucket.s3.amazonaws.com/88hey/default-option/realleather.jpg', '시트'),
       ('LX00090', '운전석 전동시트(10way, 4way 럼버서포트, 쿠션 익스텐션, 자세 메모리 시스템)',
        '운전석의 시트 포지션을 조정하여 운전자의 체형에 맞는 편안한 자세를 유지할 수 있도록 돕는 기능입니다. <br>- 10way 전동시트 : 운전석 좌하단에 위치한 조작부로 8방향으로 조절 기능(시트백 기울기, 시트 앞/뒤 이동, 쿠션부 앞/뒤 높이 조절)과 허리 지지대 조절 기능을 전동 방식으로 조절합니다.<br>- 4way 럼버서포트 : 허리 지지대 조절 기능을 4 방향으로 조절합니다.<br>- 쿠션 익스텐션 : 운전자의 허벅지 길이에 맞게 시트 하단부를 조절하는 쿠션 익스텐션이 적용되었습니다.<br>- 자세 메모리 시스템 : 운전자가 설정한 자세를 2개까지 기억하는 운전석 자세 메모리 시스템을 적용하여 편의성을 높였습니다.',
        'https://88hey-bucket.s3.amazonaws.com/88hey/default-option/10_driverseat.jpg', '시트'),
       ('LX00091', '동승석 전동시트(8way, 워크인 디바이스)',
        '동승석의 시트 포지션을 조정하여 동승자의 체형에 맞는 편안한 자세를 유지할 수 있도록 돕는 기능입니다. 8방향(시트백 기울기, 시트 앞/뒤 이동, 쿠션부 앞/뒤 높이 조절)으로 조절이 기능하고 운전자 및 뒷좌석(2열) 승객이 동승석 시트 위치를 조절할 수 있는 워크인 디바이스를 적용하여 실내 공간 활용 편의성을 높였습니다.',
        'https://88hey-bucket.s3.amazonaws.com/88hey/default-option/10_passengerseat.jpg', '시트'),
       ('LX00092', '동승석 전동시트(럼버서포트, 레그레스트, 릴렉션 컴포트)',
        '동승석의 시트 포지션을 조정하여 동승자의 체형에 맞는 편안한 자세를 유지할 수 있도록 돕는 기능입니다. 허벅지 길이에 맞게 시트를 2way로 조절하는 레그레스트와 탑승자에게 편안한 휴식을 선사하는 릴렉션 컴포트가 적용되었습니다.',
        'https://88hey-bucket.s3.amazonaws.com/88hey/default-option/10_passengerseat.jpg', '시트'),
       ('LX00093', '퀼팅 나파가죽 시트(블랙/버건디/웜그레이)',
        '팰리세이드는 옵션에 따라 인조가죽, 가죽, 나파가죽, 퀼팅 나파가죽 시트를 선택할 수 있습니다.<br>- 인조가죽 시트 : 합성섬유를 이용하여 가죽의 질감을 구현한 인조가죽으로 제작된 시트입니다.<br>- 가죽 시트 : 실제 가죽으로 제작되어 편안하며 고급스러운 착좌감을 제공합니다.<br>- 나파가죽 시트 : 가죽 표면을 코팅처리하여 가죽의 내구성은 높이면서도 부드러운 감촉을 선사하는 시트입니다.',
        'https://88hey-bucket.s3.amazonaws.com/88hey/default-option/quiltingseat.jpg', '시트'),
       ('LX00094', '캘리그래피 전용 퀼팅 나파가죽 시트(블랙/브라운/웜그레이)',
        '팰리세이드는 옵션에 따라 인조가죽, 가죽, 나파가죽, 퀼팅 나파가죽 시트를 선택할 수 있습니다.<br>- 인조가죽 시트 : 합성섬유를 이용하여 가죽의 질감을 구현한 인조가죽으로 제작된 시트입니다.<br>- 가죽 시트 : 실제 가죽으로 제작되어 편안하며 고급스러운 착좌감을 제공합니다.<br>- 나파가죽 시트 : 가죽 표면을 코팅처리하여 가죽의 내구성은 높이면서도 부드러운 감촉을 선사하는 시트입니다.',
        'https://88hey-bucket.s3.amazonaws.com/88hey/default-option/calligraphydesignquilting.jpg', '시트'),
       ('LX00095', '스마트 자세제어',
        '스마트 자세제어 시스템은 전동 시트의 장점을 극대화하는 사양으로 사전에 입력한 운전자의 신체 정보에 따라 시트, 스티어링 휠, 사이드 미러, 헤드업 디스플레이의 위치를 제안하는 기능입니다. 또한 장시간 주행 시 시트의 엉덩이와 허리 쿠션을 자동으로 조절해 탑승자의 피로를 줄이고 졸음을 방지하기도 합니다.',
        'https://88hey-bucket.s3.amazonaws.com/88hey/default-option/smartcontrol.jpg', '시트'),
       ('LX00096', '2열 통풍시트', '시동이 걸린 상태에서 해당 좌석의 통풍 스위치를 누르면 표시등이 켜지면서 해당 좌석에 바람이 나오는 편의장치입니다.',
        'https://88hey-bucket.s3.amazonaws.com/88hey/default-option/2_cooling.jpg', '시트'),
       ('LX00097', '운전석 에르고 모션 시트(18way, 볼스터 전동조절, 레그레스트, 릴렉션 컴포트, 스트레칭 모드)',
        '시트 내 공기주머니를 활용하여 주행 시 안락감과 최적의 착좌감을 구현하는 에르고 모션 시트가 적용되었습니다.',
        'https://88hey-bucket.s3.amazonaws.com/88hey/default-option/motionseat.jpg', '시트'),
       ('LX00098', '3열 파워폴딩시트', '러기지 사이드에 있는 버튼으로 3열 시트를 접었다 펼 수 있으며, 2열 시트도 조작할 수 있어 화물 적재시나 3열 이용시 사용자의 편의성을 높였습니다.',
        'https://88hey-bucket.s3.amazonaws.com/88hey/default-option/powerfolding.jpg', '시트'),
       ('LX00099', '윙타입 헤드레스트(2열)', '좌우가 넓은 윙타입의 헤드레스트를 적용하여 더욱 편리합니다.',
        'https://88hey-bucket.s3.amazonaws.com/88hey/default-option/wingtypeheadrest.jpg', '시트'),
       ('LX00101', '3열 열선시트', '시동이 걸린 상태에서 해당 좌석 히터 스위치를 누르면 강약조절 표시등이 켜져 사용 중임을 나타내고 해당 좌석이 따뜻해집니다.',
        'https://88hey-bucket.s3.amazonaws.com/88hey/default-option/3_heated.jpg', '시트'),
       ('LX00102', '버튼시동 & 스마트키', '일반 키와는 달리 휴대만으로 도어(트렁크 포함)를 잠그거나 열고, 엔진 시동을 걸 수 있는 장치입니다.',
        'https://88hey-bucket.s3.amazonaws.com/88hey/default-option/smartkey.jpg', '편의'),
       ('LX00103', '전동식 파킹 브레이크(오토홀드 포함)',
        '버튼 조작만으로 파킹 브레이크 작동 또는 해제가 가능하며, 정차 시 자동으로 제동상태를 유지하는 오토 홀드 기능 적용으로 편의성을 높였습니다.',
        'https://88hey-bucket.s3.amazonaws.com/88hey/default-option/epb.jpg', '편의'),
       ('LX00104', '패들 쉬프트', '운전 중 간단한 조작만으로도 스포티한 수동 변속모드를 지원합니다.',
        'https://88hey-bucket.s3.amazonaws.com/88hey/default-option/paddleshift.jpg', '편의'),
       ('LX00105', '수동식 틸트 & 텔레스코픽 스티어링 휠',
        '스티어링 휠의 높이를 신체에 알맞게 조절하기 위한 장치로 조절 레버를 아래로 내린 후 상하 또는 앞뒤로 움직여 위치를 지정합니다. 조절 후에는 조절 레버를 원위치 시켜 스티어링 휠을 고정합니다.',
        'https://88hey-bucket.s3.amazonaws.com/88hey/default-option/manualsteering.jpg', '편의'),
       ('LX00106', '3존 독립제어 풀오토 에어컨(공기청정모드 포함)',
        '원하는 온도를 설정하면 자동으로 설정된 온도로 풍량을 조절하여 쾌적한 실내를 완성합니다.<br>공기 청정 모드 : 일정 시간 동안 외부 공기를 차단하고 내부 순환모드를 가동하여 실내에서 순환하는 공기를 반복적으로 필터링하여 공기질을 개선시키는 기능입니다.<br>3존 독립제어 : 운전석이나 동승석 뿐만 아니라 후석에서도 개별 제어가 가능한 에어컨입니다.',
        'https://88hey-bucket.s3.amazonaws.com/88hey/default-option/3_fullautoair.jpg', '편의'),
       ('LX00107', '오토 디포그', '전면유리의 김서림을 감지해 스스로 전면 유리 및 앞좌석 유리의 김서림을 없애 운전시야를 확보합니다.',
        'https://88hey-bucket.s3.amazonaws.com/88hey/default-option/autodefog.jpg', '편의'),
       ('LX00108', '운전석 공조 연동 자동 제어',
        '시동 후 공조 설정 온도와 실제 온도의 차이가 많이 나는 경우, 공조기 외 스티어링 휠 열선, 시트 열선/통풍을 자동으로 감지하여 통합 제어하는 기능입니다.',
        'https://88hey-bucket.s3.amazonaws.com/88hey/default-option/driver_hvac.jpg', '편의'),
       ('LX00109', '공기질 센서', '실내 공기질을 실시간으로 확인할 수 있어 공기 청정 모드 사용이나 환기를 유도합니다.',
        'https://88hey-bucket.s3.amazonaws.com/88hey/default-option/airsensor.jpg', '편의'),
       ('LX00110', '마이크로 에어 필터',
        '미세먼지의 실내 유입의 방지하기 위한 에어필터입니다.<br>글로브 박스 뒤쪽에 장착되어 바깥에서 공기 조화 장치를 통하여 차 안으로 들어오는 먼지나 꽃가루 등을 걸러줍니다.',
        'https://88hey-bucket.s3.amazonaws.com/88hey/default-option/airfilter.jpg', '편의'),
       ('LX00111', 'USB 충전기(1열 1개, 2열 2개, 3열 2개)', '차량용 충전기로서 USB 포트를 통해 각종 스마트폰 및 태블릿 기기 충전이 가능합니다.',
        'https://88hey-bucket.s3.amazonaws.com/88hey/default-option/usbcharger.jpg', '편의'),
       ('LX00112', '파워 아웃렛(1열 1개, 2열 1개, 3열 1개)', '시동이 걸린 상태에서 실내에서 전기 제품(예 : 진공청소기, 소형냉장고, 게임기 등)을 사용할 수 있도록 돕습니다.',
        'https://88hey-bucket.s3.amazonaws.com/88hey/default-option/poweroutlet.jpg', '편의'),
       ('LX00113', '오토라이트 컨트롤',
        '대시보드 중앙에 위치한 조도센서를 이용하여 외부 밝기에 따라 헤드램프를 자동으로 조절하는 장치입니다. 스티어링 휠 좌측에 위치한 조명 스위치를 「AUTO」 위치에 두면 작동합니다.<br>- 대시보드 : 운전석과 조수석 정면에 있으며, 계기판과 센터페시아를 포함합니다.<br>※ 스마트/VAN 스마트 트림 선택 시, 위 이미지와는 달리 내장 색상이 블랙으로 적용됩니다.',
        'https://88hey-bucket.s3.amazonaws.com/88hey/default-option/autolightcontrol.jpg', '편의'),
       ('LX00114', '스마트키 원격시동',
        '차량 탑승 전 스마트키를 이용하여 원격으로 시동을 걸 수 있으며, 냉/난방 장치는 시동을 끄기 전 설정된 상태로 작동이 가능합니다.<BR>* 차량 10m 이내에서 도어 잠금 버튼을 누른 후 4초 이내에 원격시동 버튼을 2초 이상 누르면 시동이 걸립니다.',
        'https://88hey-bucket.s3.amazonaws.com/88hey/default-option/smartkeyremote.jpg', '편의'),
       ('LX00115', '전방/후방 주차 거리 경고', '범퍼에 내장된 초음파 센서로 장애물과의 거리를 감지하여 거리별로 차별화된 경고음을 울려 주차 편의성 및 안전성을 제공합니다.',
        'https://88hey-bucket.s3.amazonaws.com/88hey/default-option/pdw.jpg', '편의'),
       ('LX00116', '확산형 루프 에어 벤트', '벤트 테두리에 홀(HOLE)을 적용하여 바람이 직접 분사가 아닌 간접(확산) 분사될 수 있도록 구현하여 조금 더 쾌적한 환경을 제공합니다.',
        'https://88hey-bucket.s3.amazonaws.com/88hey/default-option/roofairvent.jpg', '편의'),
       ('LX00118', '레인센서',
        '스티어링 휠 우측 레버의 와이퍼 조절장치 스위치를 AUTO로 위치하였을 때 주행 중 우천상황을 자동으로 감지하여 와이퍼가 작동 및 조작단계를 자동으로 조절하는 기능입니다.',
        'https://88hey-bucket.s3.amazonaws.com/88hey/default-option/rainsensor.jpg', '편의'),
       ('LX00119', '자외선 차단 유리(윈드실드)', '차량 전방 유리에 자외선을 차단 기능을 적용하여 탑승객은 물론 차량 실내 내장재를 보호합니다.',
        'https://88hey-bucket.s3.amazonaws.com/88hey/default-option/uvprotectglass.jpg', '편의'),
       ('LX00120', '세이프티 파워 윈도우(1/2열)',
        '유리창이 원터치 자동 닫힘 기능이 작동하여 닫히는 중에 일정한 힘에 의해 막히면 자동으로 닫힘을 멈추고, 일정한 높이만큼 다시 열리는 기능입니다.',
        'https://88hey-bucket.s3.amazonaws.com/88hey/default-option/safetypowerwindow.jpg', '편의'),
       ('LX00121', '후방 모니터',
        '후진 주차 시 디스플레이 오디오 또는 내비게이션 화면에 후방 상황을 표시하여 편의성을 높였습니다.<br>조향연동 기능 : 스티어링 휠 조정 시 그에 따른 예상 주행 궤적도 같이 표시하여 편의성을 높였습니다.<br>DRM(Driving Rear Monitor) 기능 : 주행 중 후방 영상을 실시간으로 확인하여 룸미러 시야 확보가 불가능 할 때, 후방 상황을 인지할 수 있습니다.',
        'https://88hey-bucket.s3.amazonaws.com/88hey/default-option/rearmonitor.jpg', '편의'),
       ('LX00122', '전동식 틸트 & 텔레스코픽 스티어링 휠', '조절 스위치를 이용하여 스티어링 휠의 높낮이와 전/후 위치를 조절할 수 있습니다.',
        'https://88hey-bucket.s3.amazonaws.com/88hey/default-option/autosteering.jpg', '편의'),
       ('LX00123', '스마트 파워 테일게이트', '스위치 및 스마트키 버튼으로 테일게이트 개방이 가능하며, 설정을 통해 개폐 속도 조절 및 열림 높이 조절이 가능합니다.',
        'https://88hey-bucket.s3.amazonaws.com/88hey/default-option/powertailgate.jpg', '편의'),
       ('LX00124', '스마트폰 무선충전',
        '중앙 콘솔에 휴대폰 무선 충전을 위한 시스템이 적용되어 있습니다. 또한 엔진에 시동을 끈 후 충전 패드에 휴대폰이 놓여있는 상태에서 운전석 또는 동승석 도어를 열면 게시판에 \'휴대폰이 무선 충전기에 있습니다\'라는 경고문 및 경고음(음성안내 적용 차량)으로 알려줍니다.<br>* 무선 충전 시스템은 Qi를 지원하는 휴대폰 한 대를 대상으로 무선충전을 지원하며, Qi를 지원하는 휴대폰은 휴대폰 제조사를 통해 확인 가능합니다.',
        'https://88hey-bucket.s3.amazonaws.com/88hey/default-option/wirelesscharging.jpg', '편의'),
       ('LX00126', '서라운드 뷰 모니터',
        '차량 앞/뒤/좌/우 360도 모든 상황을 AVN화면을 통해 볼 수 있는 장치로 고화질 카메라 및 디지털 영상 전송 방식을 적용하여 영상 경계선 없이 선명하고 깨끗한 화질을 제공합니다.',
        'https://88hey-bucket.s3.amazonaws.com/88hey/default-option/svm.jpg', '편의'),
       ('LX00127', '후측방 모니터', '방향지시등 스위치 조작과 연동해 차로 변경 시 기존 아웃사이드 미러 대비 더 넓은 후측방 영역을 클러스터에 표시하여 안전한 주행을 도와줍니다.',
        'https://88hey-bucket.s3.amazonaws.com/88hey/default-option/bvm.jpg', '편의'),
       ('LX00128', '디지털 키 2 터치', '스마트폰으로 차량 외부에서 도어를 열고 시동을 걸 수 있습니다. 사용 권한을 다수의 사람과 공유하여 보다 편리함을 제공합니다.',
        'https://88hey-bucket.s3.amazonaws.com/88hey/default-option/digitalkey.jpg', '편의'),
       ('LX00129', '2열 수동식 도어커튼', '뒷좌석 유리를 통해 들어오는 외부 광선을 차단할 때 사용하는 수동식 커튼입니다.',
        'https://88hey-bucket.s3.amazonaws.com/88hey/default-option/manualcurtain.jpg', '편의'),
       ('LX00130', '전후석 통합 터치 공조 컨트롤',
        '터치식으로 2열 공조 제어까지 가능하여 편리한 터치 타입 공조 패널에 공기질 센서, 마이크로 에어 필터, 운전석 공조 연동 자동 제어 등의 공기청정모드가 적용되어 실내 미세먼지를 획기적으로 저감하며 쾌적한 실내 환경을 제공합니다.',
        'https://88hey-bucket.s3.amazonaws.com/88hey/default-option/touchhvac.jpg', '편의'),
       ('LX00131', '헤드업 디스플레이', '주요 주행 정보를 전면 윈드실드에 표시하며, 밝기가 최적화되어 주간에도 시인성이 뛰어납니다.',
        'https://88hey-bucket.s3.amazonaws.com/88hey/default-option/headupdisplay.jpg', '편의'),
       ('LX00132', '파워 아웃렛(콘솔 내부 1개)', '시동이 걸린 상태에서 실내에서 전기 제품(예 : 진공청소기, 소형냉장고, 게임기 등)을 사용할 수 있도록 돕습니다.',
        'https://88hey-bucket.s3.amazonaws.com/88hey/default-option/poweroutlet_consol.jpg', '편의'),
       ('LX00133', 'USB 충전기(콘솔 내부 1개)', '차량용 충전기로서 USB 포트를 통해 각종 스마트폰 및 태블릿 기기 충전이 가능합니다.',
        'https://88hey-bucket.s3.amazonaws.com/88hey/default-option/usbcharger_consol.jpg', '편의'),
       ('LX00135', '12.3인치 내비게이션(블루링크, 폰 프로젝션, 현대 카페이)',
        '와이드하고 품격 있는 실내공간을 연출하고 고해상도 대화면으로 뛰어난 시인성과 최첨단 인포테인먼트 기능을 제공합니다.<br>주요기능 : 대화면 HD급 고해상도(1,920x720) 모니터, 내비게이션 자동 무선 업데이트, 개인화 프로필, 서버형 음성인식 시스템, 블루링크',
        'https://88hey-bucket.s3.amazonaws.com/88hey/default-option/12.3navi.jpg', '멀티미디어'),
       ('LX00136', '하이패스', '유료 도로로 진출입시 통행료가 자동결제 되는 장치입니다. 하이패스 시스템은 시동이 걸려있는 상태에서만 작동합니다.',
        'https://88hey-bucket.s3.amazonaws.com/88hey/default-option/hipass.jpg', '멀티미디어'),
       ('LX00137', '후석 대화모드', '운전자의 음성을 운전석 마이크를 통하여 뒷좌석 동승자와의 대화 편의성을 높였습니다.',
        'https://88hey-bucket.s3.amazonaws.com/88hey/default-option/reartalking.jpg', '멀티미디어'),
       ('LX00138', '후석 취침모드', '뒷좌석 동승자가 취침 시, 뒷좌석 스피커가 모두 음소거가 되고 운전석 스피커로만 음원이 출력되어, 뒷좌석을 조용한 공간으로 활용할 수 있습니다.',
        'https://88hey-bucket.s3.amazonaws.com/88hey/default-option/rearsleep.jpg', '멀티미디어'),
       ('LX00139', '일반 오디오 시스템(8스피커, 블루투스 핸즈프리)', '차량 내부 공간의 음향 특성에 맞게 세심하게 조정된 8개의 스피커를 통하여 기본에 충실한 사운드를 감상할 수 있습니다.',
        'https://88hey-bucket.s3.amazonaws.com/88hey/default-option/audiosystem.jpg', '멀티미디어'),
       ('LX00140', '멀티미디어용 USB 단자(1열 1개)',
        'MP3, USB 저장 장치 또는 iPod 등 외부 음향 기기(또는 음악/동영상 등 미디어 파일 저장 장치)를 차량에 연결하여 차량 스피커를 통하여 음악을 듣거나 차량 오디오 또는 인포테인먼트 시스템으로 재생할 수 있는 편의 장치 입니다.',
        'https://88hey-bucket.s3.amazonaws.com/88hey/default-option/multiusb.jpg', '멀티미디어'),
       ('LX00141', 'KRELL 프리미엄 사운드(12스피커, 외장앰프)',
        '음향의 세밀함과 공간감, 다이내믹함을 추구하며 세계 유수의 사운드 어워드를 수상한 세계적인 하이앤드 오디오 시스템 브랜드인 크렐 사운드 시스템을 적용하였습니다.',
        'https://88hey-bucket.s3.amazonaws.com/88hey/default-option/krellsound.jpg', '멀티미디어'),
       ('LX00142', '액티브 노이즈 컨트롤', '실시간으로 차량 내부의 엔진 소음을 분석해 반대 위상의 음파를 출력하여 소음을 저감하고 보다 정숙한 실내 공간을 만들어줍니다.',
        'https://88hey-bucket.s3.amazonaws.com/88hey/default-option/activenoisecontrol.jpg', '멀티미디어');
/*!40000 ALTER TABLE `defaultOption`
    ENABLE KEYS */;
UNLOCK TABLES;

--
-- Table structure for table `defaultOption_carTrims`
--

DROP TABLE IF EXISTS `defaultOption_carTrims`;
/*!40101 SET @saved_cs_client = @@character_set_client */;
/*!50503 SET character_set_client = utf8mb4 */;
CREATE TABLE `defaultOption_carTrims`
(
    `id`                  int         NOT NULL AUTO_INCREMENT,
    `car_normal_types_id` varchar(50) NOT NULL,
    `default_option_id`   varchar(50) NOT NULL,
    PRIMARY KEY (`id`),
    KEY `FK_default_option_TO_defaultOption_carTrims_1` (`default_option_id`),
    KEY `FK_carNormalTypes_TO_defaultOption_carTrims_1` (`car_normal_types_id`),
    CONSTRAINT `FK_carNormalTypes_TO_defaultOption_carTrims_1` FOREIGN KEY (`car_normal_types_id`) REFERENCES `carNormalTypes` (`id`),
    CONSTRAINT `FK_default_option_TO_defaultOption_carTrims_1` FOREIGN KEY (`default_option_id`) REFERENCES `defaultOption` (`id`)
) ENGINE = InnoDB
  AUTO_INCREMENT = 3205
  DEFAULT CHARSET = utf8mb4
  COLLATE = utf8mb4_0900_ai_ci;
/*!40101 SET character_set_client = @saved_cs_client */;

--
-- Dumping data for table `defaultOption_carTrims`
--

LOCK TABLES `defaultOption_carTrims` WRITE;
/*!40000 ALTER TABLE `defaultOption_carTrims`
    DISABLE KEYS */;
INSERT INTO `defaultOption_carTrims`
VALUES (1, 'LXJJ7DST5', 'LX00002'),
       (2, 'LXJJ7DST5', 'LX00003'),
       (3, 'LXJJ7DST5', 'LX00004'),
       (4, 'LXJJ7DST5', 'LX00005'),
       (5, 'LXJJ7DST5', 'LX00006'),
       (6, 'LXJJ7DST5', 'LX00007'),
       (7, 'LXJJ7DST5', 'LX00013'),
       (8, 'LXJJ7DST5', 'LX00014'),
       (9, 'LXJJ7DST5', 'LX00015'),
       (10, 'LXJJ7DST5', 'LX00016'),
       (11, 'LXJJ7DST5', 'LX00017'),
       (12, 'LXJJ7DST5', 'LX00018'),
       (13, 'LXJJ7DST5', 'LX00010'),
       (14, 'LXJJ7DST5', 'LX00011'),
       (15, 'LXJJ7DST5', 'LX00012'),
       (16, 'LXJJ7DST5', 'LX00019'),
       (17, 'LXJJ7DST5', 'LX00020'),
       (18, 'LXJJ7DST5', 'LX00021'),
       (19, 'LXJJ7DST5', 'LX00022'),
       (20, 'LXJJ7DST5', 'LX00029'),
       (21, 'LXJJ7DST5', 'LX00030'),
       (22, 'LXJJ7DST5', 'LX00031'),
       (23, 'LXJJ7DST5', 'LX00032'),
       (24, 'LXJJ7DST5', 'LX00034'),
       (25, 'LXJJ7DST5', 'LX00035'),
       (26, 'LXJJ7DST5', 'LX00036'),
       (27, 'LXJJ7DST5', 'LX00037'),
       (28, 'LXJJ7DST5', 'LX00038'),
       (29, 'LXJJ7DST5', 'LX00039'),
       (30, 'LXJJ7DST5', 'LX00040'),
       (31, 'LXJJ7DST5', 'LX00041'),
       (32, 'LXJJ7DST5', 'LX00042'),
       (33, 'LXJJ7DST5', 'LX00044'),
       (34, 'LXJJ7DST5', 'LX00045'),
       (35, 'LXJJ7DST5', 'LX00046'),
       (36, 'LXJJ7DST5', 'LX00047'),
       (37, 'LXJJ7DST5', 'LX00048'),
       (38, 'LXJJ7DST5', 'LX00049'),
       (39, 'LXJJ7DST5', 'LX00056'),
       (40, 'LXJJ7DST5', 'LX00050'),
       (41, 'LXJJ7DST5', 'LX00057'),
       (42, 'LXJJ7DST5', 'LX00059'),
       (43, 'LXJJ7DST5', 'LX00060'),
       (44, 'LXJJ7DST5', 'LX00062'),
       (45, 'LXJJ7DST5', 'LX00063'),
       (46, 'LXJJ7DST5', 'LX00064'),
       (47, 'LXJJ7DST5', 'LX00065'),
       (48, 'LXJJ7DST5', 'LX00081'),
       (49, 'LXJJ7DST5', 'LX00082'),
       (50, 'LXJJ7DST5', 'LX00085'),
       (51, 'LXJJ7DST5', 'LX00083'),
       (52, 'LXJJ7DST5', 'LX00086'),
       (53, 'LXJJ7DST5', 'LX00089'),
       (54, 'LXJJ7DST5', 'LX00090'),
       (55, 'LXJJ7DST5', 'LX00091'),
       (56, 'LXJJ7DST5', 'LX00102'),
       (57, 'LXJJ7DST5', 'LX00103'),
       (58, 'LXJJ7DST5', 'LX00104'),
       (59, 'LXJJ7DST5', 'LX00106'),
       (60, 'LXJJ7DST5', 'LX00109'),
       (61, 'LXJJ7DST5', 'LX00110'),
       (62, 'LXJJ7DST5', 'LX00119'),
       (63, 'LXJJ7DST5', 'LX00107'),
       (64, 'LXJJ7DST5', 'LX00118'),
       (65, 'LXJJ7DST5', 'LX00108'),
       (66, 'LXJJ7DST5', 'LX00111'),
       (67, 'LXJJ7DST5', 'LX00112'),
       (68, 'LXJJ7DST5', 'LX00120'),
       (69, 'LXJJ7DST5', 'LX00121'),
       (70, 'LXJJ7DST5', 'LX00116'),
       (71, 'LXJJ7DST5', 'LX00113'),
       (72, 'LXJJ7DST5', 'LX00114'),
       (73, 'LXJJ7DST5', 'LX00115'),
       (74, 'LXJJ7DST5', 'LX00122'),
       (75, 'LXJJ7DST5', 'LX00124'),
       (76, 'LXJJ7DST5', 'LX00123'),
       (77, 'LXJJ7DST5', 'LX00126'),
       (78, 'LXJJ7DST5', 'LX00127'),
       (79, 'LXJJ7DST5', 'LX00135'),
       (80, 'LXJJ7DST5', 'LX00136'),
       (81, 'LXJJ7DST5', 'LX00137'),
       (82, 'LXJJ7DST5', 'LX00138'),
       (83, 'LXJJ7DST5', 'LX00139'),
       (84, 'LXJJ7DST5', 'LX00140'),
       (85, 'LXJJ7DAT5', 'LX00002'),
       (86, 'LXJJ7DAT5', 'LX00003'),
       (87, 'LXJJ7DAT5', 'LX00004'),
       (88, 'LXJJ7DAT5', 'LX00005'),
       (89, 'LXJJ7DAT5', 'LX00006'),
       (90, 'LXJJ7DAT5', 'LX00007'),
       (91, 'LXJJ7DAT5', 'LX00013'),
       (92, 'LXJJ7DAT5', 'LX00014'),
       (93, 'LXJJ7DAT5', 'LX00015'),
       (94, 'LXJJ7DAT5', 'LX00016'),
       (95, 'LXJJ7DAT5', 'LX00017'),
       (96, 'LXJJ7DAT5', 'LX00018'),
       (97, 'LXJJ7DAT5', 'LX00010'),
       (98, 'LXJJ7DAT5', 'LX00011'),
       (99, 'LXJJ7DAT5', 'LX00012'),
       (100, 'LXJJ7DAT5', 'LX00029'),
       (101, 'LXJJ7DAT5', 'LX00030'),
       (102, 'LXJJ7DAT5', 'LX00031'),
       (103, 'LXJJ7DAT5', 'LX00032'),
       (104, 'LXJJ7DAT5', 'LX00034'),
       (105, 'LXJJ7DAT5', 'LX00035'),
       (106, 'LXJJ7DAT5', 'LX00036'),
       (107, 'LXJJ7DAT5', 'LX00037'),
       (108, 'LXJJ7DAT5', 'LX00038'),
       (109, 'LXJJ7DAT5', 'LX00039'),
       (110, 'LXJJ7DAT5', 'LX00040'),
       (111, 'LXJJ7DAT5', 'LX00041'),
       (112, 'LXJJ7DAT5', 'LX00042'),
       (113, 'LXJJ7DAT5', 'LX00043'),
       (114, 'LXJJ7DAT5', 'LX00044'),
       (115, 'LXJJ7DAT5', 'LX00045'),
       (116, 'LXJJ7DAT5', 'LX00046'),
       (117, 'LXJJ7DAT5', 'LX00047'),
       (118, 'LXJJ7DAT5', 'LX00048'),
       (119, 'LXJJ7DAT5', 'LX00049'),
       (120, 'LXJJ7DAT5', 'LX00056'),
       (121, 'LXJJ7DAT5', 'LX00058'),
       (122, 'LXJJ7DAT5', 'LX00059'),
       (123, 'LXJJ7DAT5', 'LX00060'),
       (124, 'LXJJ7DAT5', 'LX00062'),
       (125, 'LXJJ7DAT5', 'LX00079'),
       (126, 'LXJJ7DAT5', 'LX00080'),
       (127, 'LXJJ7DAT5', 'LX00081'),
       (128, 'LXJJ7DAT5', 'LX00082'),
       (129, 'LXJJ7DAT5', 'LX00085'),
       (130, 'LXJJ7DAT5', 'LX00083'),
       (131, 'LXJJ7DAT5', 'LX00086'),
       (132, 'LXJJ7DAT5', 'LX00102'),
       (133, 'LXJJ7DAT5', 'LX00103'),
       (134, 'LXJJ7DAT5', 'LX00104'),
       (135, 'LXJJ7DAT5', 'LX00105'),
       (136, 'LXJJ7DAT5', 'LX00106'),
       (137, 'LXJJ7DAT5', 'LX00109'),
       (138, 'LXJJ7DAT5', 'LX00110'),
       (139, 'LXJJ7DAT5', 'LX00119'),
       (140, 'LXJJ7DAT5', 'LX00107'),
       (141, 'LXJJ7DAT5', 'LX00118'),
       (142, 'LXJJ7DAT5', 'LX00108'),
       (143, 'LXJJ7DAT5', 'LX00111'),
       (144, 'LXJJ7DAT5', 'LX00112'),
       (145, 'LXJJ7DAT5', 'LX00120'),
       (146, 'LXJJ7DAT5', 'LX00121'),
       (147, 'LXJJ7DAT5', 'LX00116'),
       (148, 'LXJJ7DAT5', 'LX00113'),
       (149, 'LXJJ7DAT5', 'LX00114'),
       (150, 'LXJJ7DAT5', 'LX00115'),
       (151, 'LXJJ7DAT5', 'LX00135'),
       (152, 'LXJJ7DAT5', 'LX00136'),
       (153, 'LXJJ7DAT5', 'LX00137'),
       (154, 'LXJJ7DAT5', 'LX00138'),
       (155, 'LXJJ7DAT5', 'LX00139'),
       (156, 'LXJJ7DAT5', 'LX00140'),
       (157, 'LXJJ7DBT5', 'LX00002'),
       (158, 'LXJJ7DBT5', 'LX00003'),
       (159, 'LXJJ7DBT5', 'LX00004'),
       (160, 'LXJJ7DBT5', 'LX00005'),
       (161, 'LXJJ7DBT5', 'LX00006'),
       (162, 'LXJJ7DBT5', 'LX00007'),
       (163, 'LXJJ7DBT5', 'LX00013'),
       (164, 'LXJJ7DBT5', 'LX00014'),
       (165, 'LXJJ7DBT5', 'LX00015'),
       (166, 'LXJJ7DBT5', 'LX00016'),
       (167, 'LXJJ7DBT5', 'LX00017'),
       (168, 'LXJJ7DBT5', 'LX00018'),
       (169, 'LXJJ7DBT5', 'LX00010'),
       (170, 'LXJJ7DBT5', 'LX00011'),
       (171, 'LXJJ7DBT5', 'LX00012'),
       (172, 'LXJJ7DBT5', 'LX00019'),
       (173, 'LXJJ7DBT5', 'LX00020'),
       (174, 'LXJJ7DBT5', 'LX00021'),
       (175, 'LXJJ7DBT5', 'LX00022'),
       (176, 'LXJJ7DBT5', 'LX00029'),
       (177, 'LXJJ7DBT5', 'LX00030'),
       (178, 'LXJJ7DBT5', 'LX00031'),
       (179, 'LXJJ7DBT5', 'LX00032'),
       (180, 'LXJJ7DBT5', 'LX00034'),
       (181, 'LXJJ7DBT5', 'LX00035'),
       (182, 'LXJJ7DBT5', 'LX00036'),
       (183, 'LXJJ7DBT5', 'LX00037'),
       (184, 'LXJJ7DBT5', 'LX00038'),
       (185, 'LXJJ7DBT5', 'LX00039'),
       (186, 'LXJJ7DBT5', 'LX00040'),
       (187, 'LXJJ7DBT5', 'LX00041'),
       (188, 'LXJJ7DBT5', 'LX00042'),
       (189, 'LXJJ7DBT5', 'LX00044'),
       (190, 'LXJJ7DBT5', 'LX00045'),
       (191, 'LXJJ7DBT5', 'LX00046'),
       (192, 'LXJJ7DBT5', 'LX00047'),
       (193, 'LXJJ7DBT5', 'LX00048'),
       (194, 'LXJJ7DBT5', 'LX00049'),
       (195, 'LXJJ7DBT5', 'LX00056'),
       (196, 'LXJJ7DBT5', 'LX00050'),
       (197, 'LXJJ7DBT5', 'LX00057'),
       (198, 'LXJJ7DBT5', 'LX00051'),
       (199, 'LXJJ7DBT5', 'LX00059'),
       (200, 'LXJJ7DBT5', 'LX00060'),
       (201, 'LXJJ7DBT5', 'LX00062'),
       (202, 'LXJJ7DBT5', 'LX00063'),
       (203, 'LXJJ7DBT5', 'LX00064'),
       (204, 'LXJJ7DBT5', 'LX00065'),
       (205, 'LXJJ7DBT5', 'LX00066'),
       (206, 'LXJJ7DBT5', 'LX00067'),
       (207, 'LXJJ7DBT5', 'LX00081'),
       (208, 'LXJJ7DBT5', 'LX00082'),
       (209, 'LXJJ7DBT5', 'LX00085'),
       (210, 'LXJJ7DBT5', 'LX00083'),
       (211, 'LXJJ7DBT5', 'LX00086'),
       (212, 'LXJJ7DBT5', 'LX00091'),
       (213, 'LXJJ7DBT5', 'LX00093'),
       (214, 'LXJJ7DBT5', 'LX00097'),
       (215, 'LXJJ7DBT5', 'LX00092'),
       (216, 'LXJJ7DBT5', 'LX00095'),
       (217, 'LXJJ7DBT5', 'LX00096'),
       (218, 'LXJJ7DBT5', 'LX00102'),
       (219, 'LXJJ7DBT5', 'LX00103'),
       (220, 'LXJJ7DBT5', 'LX00104'),
       (221, 'LXJJ7DBT5', 'LX00106'),
       (222, 'LXJJ7DBT5', 'LX00109'),
       (223, 'LXJJ7DBT5', 'LX00110'),
       (224, 'LXJJ7DBT5', 'LX00119'),
       (225, 'LXJJ7DBT5', 'LX00107'),
       (226, 'LXJJ7DBT5', 'LX00118'),
       (227, 'LXJJ7DBT5', 'LX00108'),
       (228, 'LXJJ7DBT5', 'LX00111'),
       (229, 'LXJJ7DBT5', 'LX00112'),
       (230, 'LXJJ7DBT5', 'LX00120'),
       (231, 'LXJJ7DBT5', 'LX00121'),
       (232, 'LXJJ7DBT5', 'LX00116'),
       (233, 'LXJJ7DBT5', 'LX00113'),
       (234, 'LXJJ7DBT5', 'LX00114'),
       (235, 'LXJJ7DBT5', 'LX00115'),
       (236, 'LXJJ7DBT5', 'LX00122'),
       (237, 'LXJJ7DBT5', 'LX00124'),
       (238, 'LXJJ7DBT5', 'LX00123'),
       (239, 'LXJJ7DBT5', 'LX00126'),
       (240, 'LXJJ7DBT5', 'LX00127'),
       (241, 'LXJJ7DBT5', 'LX00128'),
       (242, 'LXJJ7DBT5', 'LX00129'),
       (243, 'LXJJ7DBT5', 'LX00130'),
       (244, 'LXJJ7DBT5', 'LX00135'),
       (245, 'LXJJ7DBT5', 'LX00136'),
       (246, 'LXJJ7DBT5', 'LX00137'),
       (247, 'LXJJ7DBT5', 'LX00138'),
       (248, 'LXJJ7DBT5', 'LX00139'),
       (249, 'LXJJ7DBT5', 'LX00140'),
       (250, 'LXJJ7DCT5', 'LX00002'),
       (251, 'LXJJ7DCT5', 'LX00003'),
       (252, 'LXJJ7DCT5', 'LX00004'),
       (253, 'LXJJ7DCT5', 'LX00005'),
       (254, 'LXJJ7DCT5', 'LX00006'),
       (255, 'LXJJ7DCT5', 'LX00007'),
       (256, 'LXJJ7DCT5', 'LX00013'),
       (257, 'LXJJ7DCT5', 'LX00014'),
       (258, 'LXJJ7DCT5', 'LX00015'),
       (259, 'LXJJ7DCT5', 'LX00016'),
       (260, 'LXJJ7DCT5', 'LX00017'),
       (261, 'LXJJ7DCT5', 'LX00018'),
       (262, 'LXJJ7DCT5', 'LX00010'),
       (263, 'LXJJ7DCT5', 'LX00011'),
       (264, 'LXJJ7DCT5', 'LX00012'),
       (265, 'LXJJ7DCT5', 'LX00019'),
       (266, 'LXJJ7DCT5', 'LX00020'),
       (267, 'LXJJ7DCT5', 'LX00021'),
       (268, 'LXJJ7DCT5', 'LX00022'),
       (269, 'LXJJ7DCT5', 'LX00023'),
       (270, 'LXJJ7DCT5', 'LX00024'),
       (271, 'LXJJ7DCT5', 'LX00025'),
       (272, 'LXJJ7DCT5', 'LX00026'),
       (273, 'LXJJ7DCT5', 'LX00027'),
       (274, 'LXJJ7DCT5', 'LX00028'),
       (275, 'LXJJ7DCT5', 'LX00029'),
       (276, 'LXJJ7DCT5', 'LX00030'),
       (277, 'LXJJ7DCT5', 'LX00031'),
       (278, 'LXJJ7DCT5', 'LX00032'),
       (279, 'LXJJ7DCT5', 'LX00035'),
       (280, 'LXJJ7DCT5', 'LX00036'),
       (281, 'LXJJ7DCT5', 'LX00037'),
       (282, 'LXJJ7DCT5', 'LX00038'),
       (283, 'LXJJ7DCT5', 'LX00039'),
       (284, 'LXJJ7DCT5', 'LX00040'),
       (285, 'LXJJ7DCT5', 'LX00041'),
       (286, 'LXJJ7DCT5', 'LX00042'),
       (287, 'LXJJ7DCT5', 'LX00044'),
       (288, 'LXJJ7DCT5', 'LX00045'),
       (289, 'LXJJ7DCT5', 'LX00046'),
       (290, 'LXJJ7DCT5', 'LX00047'),
       (291, 'LXJJ7DCT5', 'LX00048'),
       (292, 'LXJJ7DCT5', 'LX00049'),
       (293, 'LXJJ7DCT5', 'LX00057'),
       (294, 'LXJJ7DCT5', 'LX00051'),
       (295, 'LXJJ7DCT5', 'LX00052'),
       (296, 'LXJJ7DCT5', 'LX00060'),
       (297, 'LXJJ7DCT5', 'LX00062'),
       (298, 'LXJJ7DCT5', 'LX00063'),
       (299, 'LXJJ7DCT5', 'LX00064'),
       (300, 'LXJJ7DCT5', 'LX00065'),
       (301, 'LXJJ7DCT5', 'LX00066'),
       (302, 'LXJJ7DCT5', 'LX00067'),
       (303, 'LXJJ7DCT5', 'LX00068'),
       (304, 'LXJJ7DCT5', 'LX00070'),
       (305, 'LXJJ7DCT5', 'LX00071'),
       (306, 'LXJJ7DCT5', 'LX00072'),
       (307, 'LXJJ7DCT5', 'LX00073'),
       (308, 'LXJJ7DCT5', 'LX00074'),
       (309, 'LXJJ7DCT5', 'LX00075'),
       (310, 'LXJJ7DCT5', 'LX00076'),
       (311, 'LXJJ7DCT5', 'LX00081'),
       (312, 'LXJJ7DCT5', 'LX00082'),
       (313, 'LXJJ7DCT5', 'LX00085'),
       (314, 'LXJJ7DCT5', 'LX00083'),
       (315, 'LXJJ7DCT5', 'LX00086'),
       (316, 'LXJJ7DCT5', 'LX00091'),
       (317, 'LXJJ7DCT5', 'LX00097'),
       (318, 'LXJJ7DCT5', 'LX00092'),
       (319, 'LXJJ7DCT5', 'LX00095'),
       (320, 'LXJJ7DCT5', 'LX00096'),
       (321, 'LXJJ7DCT5', 'LX00094'),
       (322, 'LXJJ7DCT5', 'LX00098'),
       (323, 'LXJJ7DCT5', 'LX00099'),
       (324, 'LXJJ7DCT5', 'LX00101'),
       (325, 'LXJJ7DCT5', 'LX00102'),
       (326, 'LXJJ7DCT5', 'LX00103'),
       (327, 'LXJJ7DCT5', 'LX00104'),
       (328, 'LXJJ7DCT5', 'LX00106'),
       (329, 'LXJJ7DCT5', 'LX00109'),
       (330, 'LXJJ7DCT5', 'LX00110'),
       (331, 'LXJJ7DCT5', 'LX00119'),
       (332, 'LXJJ7DCT5', 'LX00107'),
       (333, 'LXJJ7DCT5', 'LX00118'),
       (334, 'LXJJ7DCT5', 'LX00108'),
       (335, 'LXJJ7DCT5', 'LX00111'),
       (336, 'LXJJ7DCT5', 'LX00112'),
       (337, 'LXJJ7DCT5', 'LX00120'),
       (338, 'LXJJ7DCT5', 'LX00121'),
       (339, 'LXJJ7DCT5', 'LX00116'),
       (340, 'LXJJ7DCT5', 'LX00113'),
       (341, 'LXJJ7DCT5', 'LX00114'),
       (342, 'LXJJ7DCT5', 'LX00115'),
       (343, 'LXJJ7DCT5', 'LX00122'),
       (344, 'LXJJ7DCT5', 'LX00124'),
       (345, 'LXJJ7DCT5', 'LX00123'),
       (346, 'LXJJ7DCT5', 'LX00126'),
       (347, 'LXJJ7DCT5', 'LX00127'),
       (348, 'LXJJ7DCT5', 'LX00128'),
       (349, 'LXJJ7DCT5', 'LX00129'),
       (350, 'LXJJ7DCT5', 'LX00130'),
       (351, 'LXJJ7DCT5', 'LX00131'),
       (352, 'LXJJ7DCT5', 'LX00132'),
       (353, 'LXJJ7DCT5', 'LX00133'),
       (354, 'LXJJ7DCT5', 'LX00135'),
       (355, 'LXJJ7DCT5', 'LX00136'),
       (356, 'LXJJ7DCT5', 'LX00137'),
       (357, 'LXJJ7DCT5', 'LX00138'),
       (358, 'LXJJ7DCT5', 'LX00140'),
       (359, 'LXJJ7DCT5', 'LX00141'),
       (360, 'LXJJ7DCT5', 'LX00142'),
       (361, 'LXJJ7MST5', 'LX00001'),
       (362, 'LXJJ7MST5', 'LX00003'),
       (363, 'LXJJ7MST5', 'LX00004'),
       (364, 'LXJJ7MST5', 'LX00005'),
       (365, 'LXJJ7MST5', 'LX00006'),
       (366, 'LXJJ7MST5', 'LX00007'),
       (367, 'LXJJ7MST5', 'LX00013'),
       (368, 'LXJJ7MST5', 'LX00014'),
       (369, 'LXJJ7MST5', 'LX00015'),
       (370, 'LXJJ7MST5', 'LX00016'),
       (371, 'LXJJ7MST5', 'LX00017'),
       (372, 'LXJJ7MST5', 'LX00018'),
       (373, 'LXJJ7MST5', 'LX00010'),
       (374, 'LXJJ7MST5', 'LX00011'),
       (375, 'LXJJ7MST5', 'LX00012'),
       (376, 'LXJJ7MST5', 'LX00019'),
       (377, 'LXJJ7MST5', 'LX00020'),
       (378, 'LXJJ7MST5', 'LX00021'),
       (379, 'LXJJ7MST5', 'LX00022'),
       (380, 'LXJJ7MST5', 'LX00029'),
       (381, 'LXJJ7MST5', 'LX00030'),
       (382, 'LXJJ7MST5', 'LX00031'),
       (383, 'LXJJ7MST5', 'LX00032'),
       (384, 'LXJJ7MST5', 'LX00034'),
       (385, 'LXJJ7MST5', 'LX00035'),
       (386, 'LXJJ7MST5', 'LX00036'),
       (387, 'LXJJ7MST5', 'LX00037'),
       (388, 'LXJJ7MST5', 'LX00038'),
       (389, 'LXJJ7MST5', 'LX00039'),
       (390, 'LXJJ7MST5', 'LX00040'),
       (391, 'LXJJ7MST5', 'LX00041'),
       (392, 'LXJJ7MST5', 'LX00042'),
       (393, 'LXJJ7MST5', 'LX00044'),
       (394, 'LXJJ7MST5', 'LX00045'),
       (395, 'LXJJ7MST5', 'LX00046'),
       (396, 'LXJJ7MST5', 'LX00047'),
       (397, 'LXJJ7MST5', 'LX00048'),
       (398, 'LXJJ7MST5', 'LX00049'),
       (399, 'LXJJ7MST5', 'LX00056'),
       (400, 'LXJJ7MST5', 'LX00050'),
       (401, 'LXJJ7MST5', 'LX00057'),
       (402, 'LXJJ7MST5', 'LX00059'),
       (403, 'LXJJ7MST5', 'LX00060'),
       (404, 'LXJJ7MST5', 'LX00062'),
       (405, 'LXJJ7MST5', 'LX00063'),
       (406, 'LXJJ7MST5', 'LX00064'),
       (407, 'LXJJ7MST5', 'LX00065'),
       (408, 'LXJJ7MST5', 'LX00081'),
       (409, 'LXJJ7MST5', 'LX00082'),
       (410, 'LXJJ7MST5', 'LX00085'),
       (411, 'LXJJ7MST5', 'LX00083'),
       (412, 'LXJJ7MST5', 'LX00086'),
       (413, 'LXJJ7MST5', 'LX00089'),
       (414, 'LXJJ7MST5', 'LX00090'),
       (415, 'LXJJ7MST5', 'LX00091'),
       (416, 'LXJJ7MST5', 'LX00102'),
       (417, 'LXJJ7MST5', 'LX00103'),
       (418, 'LXJJ7MST5', 'LX00104'),
       (419, 'LXJJ7MST5', 'LX00106'),
       (420, 'LXJJ7MST5', 'LX00109'),
       (421, 'LXJJ7MST5', 'LX00110'),
       (422, 'LXJJ7MST5', 'LX00119'),
       (423, 'LXJJ7MST5', 'LX00107'),
       (424, 'LXJJ7MST5', 'LX00118'),
       (425, 'LXJJ7MST5', 'LX00108'),
       (426, 'LXJJ7MST5', 'LX00111'),
       (427, 'LXJJ7MST5', 'LX00112'),
       (428, 'LXJJ7MST5', 'LX00120'),
       (429, 'LXJJ7MST5', 'LX00121'),
       (430, 'LXJJ7MST5', 'LX00116'),
       (431, 'LXJJ7MST5', 'LX00113'),
       (432, 'LXJJ7MST5', 'LX00114'),
       (433, 'LXJJ7MST5', 'LX00115'),
       (434, 'LXJJ7MST5', 'LX00122'),
       (435, 'LXJJ7MST5', 'LX00124'),
       (436, 'LXJJ7MST5', 'LX00123'),
       (437, 'LXJJ7MST5', 'LX00126'),
       (438, 'LXJJ7MST5', 'LX00127'),
       (439, 'LXJJ7MST5', 'LX00135'),
       (440, 'LXJJ7MST5', 'LX00136'),
       (441, 'LXJJ7MST5', 'LX00137'),
       (442, 'LXJJ7MST5', 'LX00138'),
       (443, 'LXJJ7MST5', 'LX00139'),
       (444, 'LXJJ7MST5', 'LX00140'),
       (445, 'LXJJ7MAT5', 'LX00001'),
       (446, 'LXJJ7MAT5', 'LX00003'),
       (447, 'LXJJ7MAT5', 'LX00004'),
       (448, 'LXJJ7MAT5', 'LX00005'),
       (449, 'LXJJ7MAT5', 'LX00006'),
       (450, 'LXJJ7MAT5', 'LX00007'),
       (451, 'LXJJ7MAT5', 'LX00013'),
       (452, 'LXJJ7MAT5', 'LX00014'),
       (453, 'LXJJ7MAT5', 'LX00015'),
       (454, 'LXJJ7MAT5', 'LX00016'),
       (455, 'LXJJ7MAT5', 'LX00017'),
       (456, 'LXJJ7MAT5', 'LX00018'),
       (457, 'LXJJ7MAT5', 'LX00010'),
       (458, 'LXJJ7MAT5', 'LX00011'),
       (459, 'LXJJ7MAT5', 'LX00012'),
       (460, 'LXJJ7MAT5', 'LX00029'),
       (461, 'LXJJ7MAT5', 'LX00030'),
       (462, 'LXJJ7MAT5', 'LX00031'),
       (463, 'LXJJ7MAT5', 'LX00032'),
       (464, 'LXJJ7MAT5', 'LX00034'),
       (465, 'LXJJ7MAT5', 'LX00035'),
       (466, 'LXJJ7MAT5', 'LX00036'),
       (467, 'LXJJ7MAT5', 'LX00037'),
       (468, 'LXJJ7MAT5', 'LX00038'),
       (469, 'LXJJ7MAT5', 'LX00039'),
       (470, 'LXJJ7MAT5', 'LX00040'),
       (471, 'LXJJ7MAT5', 'LX00041'),
       (472, 'LXJJ7MAT5', 'LX00042'),
       (473, 'LXJJ7MAT5', 'LX00043'),
       (474, 'LXJJ7MAT5', 'LX00044'),
       (475, 'LXJJ7MAT5', 'LX00045'),
       (476, 'LXJJ7MAT5', 'LX00046'),
       (477, 'LXJJ7MAT5', 'LX00047'),
       (478, 'LXJJ7MAT5', 'LX00048'),
       (479, 'LXJJ7MAT5', 'LX00049'),
       (480, 'LXJJ7MAT5', 'LX00056'),
       (481, 'LXJJ7MAT5', 'LX00058'),
       (482, 'LXJJ7MAT5', 'LX00059'),
       (483, 'LXJJ7MAT5', 'LX00060'),
       (484, 'LXJJ7MAT5', 'LX00062'),
       (485, 'LXJJ7MAT5', 'LX00079'),
       (486, 'LXJJ7MAT5', 'LX00080'),
       (487, 'LXJJ7MAT5', 'LX00081'),
       (488, 'LXJJ7MAT5', 'LX00082'),
       (489, 'LXJJ7MAT5', 'LX00085'),
       (490, 'LXJJ7MAT5', 'LX00083'),
       (491, 'LXJJ7MAT5', 'LX00086'),
       (492, 'LXJJ7MAT5', 'LX00102'),
       (493, 'LXJJ7MAT5', 'LX00103'),
       (494, 'LXJJ7MAT5', 'LX00104'),
       (495, 'LXJJ7MAT5', 'LX00105'),
       (496, 'LXJJ7MAT5', 'LX00106'),
       (497, 'LXJJ7MAT5', 'LX00109'),
       (498, 'LXJJ7MAT5', 'LX00110'),
       (499, 'LXJJ7MAT5', 'LX00119'),
       (500, 'LXJJ7MAT5', 'LX00107'),
       (501, 'LXJJ7MAT5', 'LX00118'),
       (502, 'LXJJ7MAT5', 'LX00108'),
       (503, 'LXJJ7MAT5', 'LX00111'),
       (504, 'LXJJ7MAT5', 'LX00112'),
       (505, 'LXJJ7MAT5', 'LX00120'),
       (506, 'LXJJ7MAT5', 'LX00121'),
       (507, 'LXJJ7MAT5', 'LX00116'),
       (508, 'LXJJ7MAT5', 'LX00113'),
       (509, 'LXJJ7MAT5', 'LX00114'),
       (510, 'LXJJ7MAT5', 'LX00115'),
       (511, 'LXJJ7MAT5', 'LX00135'),
       (512, 'LXJJ7MAT5', 'LX00136'),
       (513, 'LXJJ7MAT5', 'LX00137'),
       (514, 'LXJJ7MAT5', 'LX00138'),
       (515, 'LXJJ7MAT5', 'LX00139'),
       (516, 'LXJJ7MAT5', 'LX00140'),
       (517, 'LXJJ7MBT5', 'LX00001'),
       (518, 'LXJJ7MBT5', 'LX00003'),
       (519, 'LXJJ7MBT5', 'LX00004'),
       (520, 'LXJJ7MBT5', 'LX00005'),
       (521, 'LXJJ7MBT5', 'LX00006'),
       (522, 'LXJJ7MBT5', 'LX00007'),
       (523, 'LXJJ7MBT5', 'LX00013'),
       (524, 'LXJJ7MBT5', 'LX00014'),
       (525, 'LXJJ7MBT5', 'LX00015'),
       (526, 'LXJJ7MBT5', 'LX00016'),
       (527, 'LXJJ7MBT5', 'LX00017'),
       (528, 'LXJJ7MBT5', 'LX00018'),
       (529, 'LXJJ7MBT5', 'LX00010'),
       (530, 'LXJJ7MBT5', 'LX00011'),
       (531, 'LXJJ7MBT5', 'LX00012'),
       (532, 'LXJJ7MBT5', 'LX00019'),
       (533, 'LXJJ7MBT5', 'LX00020'),
       (534, 'LXJJ7MBT5', 'LX00021'),
       (535, 'LXJJ7MBT5', 'LX00022'),
       (536, 'LXJJ7MBT5', 'LX00029'),
       (537, 'LXJJ7MBT5', 'LX00030'),
       (538, 'LXJJ7MBT5', 'LX00031'),
       (539, 'LXJJ7MBT5', 'LX00032'),
       (540, 'LXJJ7MBT5', 'LX00034'),
       (541, 'LXJJ7MBT5', 'LX00035'),
       (542, 'LXJJ7MBT5', 'LX00036'),
       (543, 'LXJJ7MBT5', 'LX00037'),
       (544, 'LXJJ7MBT5', 'LX00038'),
       (545, 'LXJJ7MBT5', 'LX00039'),
       (546, 'LXJJ7MBT5', 'LX00040'),
       (547, 'LXJJ7MBT5', 'LX00041'),
       (548, 'LXJJ7MBT5', 'LX00042'),
       (549, 'LXJJ7MBT5', 'LX00044'),
       (550, 'LXJJ7MBT5', 'LX00045'),
       (551, 'LXJJ7MBT5', 'LX00046'),
       (552, 'LXJJ7MBT5', 'LX00047'),
       (553, 'LXJJ7MBT5', 'LX00048'),
       (554, 'LXJJ7MBT5', 'LX00049'),
       (555, 'LXJJ7MBT5', 'LX00056'),
       (556, 'LXJJ7MBT5', 'LX00050'),
       (557, 'LXJJ7MBT5', 'LX00057'),
       (558, 'LXJJ7MBT5', 'LX00051'),
       (559, 'LXJJ7MBT5', 'LX00059'),
       (560, 'LXJJ7MBT5', 'LX00060'),
       (561, 'LXJJ7MBT5', 'LX00062'),
       (562, 'LXJJ7MBT5', 'LX00063'),
       (563, 'LXJJ7MBT5', 'LX00064'),
       (564, 'LXJJ7MBT5', 'LX00065'),
       (565, 'LXJJ7MBT5', 'LX00066'),
       (566, 'LXJJ7MBT5', 'LX00067'),
       (567, 'LXJJ7MBT5', 'LX00081'),
       (568, 'LXJJ7MBT5', 'LX00082'),
       (569, 'LXJJ7MBT5', 'LX00085'),
       (570, 'LXJJ7MBT5', 'LX00083'),
       (571, 'LXJJ7MBT5', 'LX00086'),
       (572, 'LXJJ7MBT5', 'LX00091'),
       (573, 'LXJJ7MBT5', 'LX00093'),
       (574, 'LXJJ7MBT5', 'LX00097'),
       (575, 'LXJJ7MBT5', 'LX00092'),
       (576, 'LXJJ7MBT5', 'LX00095'),
       (577, 'LXJJ7MBT5', 'LX00096'),
       (578, 'LXJJ7MBT5', 'LX00102'),
       (579, 'LXJJ7MBT5', 'LX00103'),
       (580, 'LXJJ7MBT5', 'LX00104'),
       (581, 'LXJJ7MBT5', 'LX00106'),
       (582, 'LXJJ7MBT5', 'LX00109'),
       (583, 'LXJJ7MBT5', 'LX00110'),
       (584, 'LXJJ7MBT5', 'LX00119'),
       (585, 'LXJJ7MBT5', 'LX00107'),
       (586, 'LXJJ7MBT5', 'LX00118'),
       (587, 'LXJJ7MBT5', 'LX00108'),
       (588, 'LXJJ7MBT5', 'LX00111'),
       (589, 'LXJJ7MBT5', 'LX00112'),
       (590, 'LXJJ7MBT5', 'LX00120'),
       (591, 'LXJJ7MBT5', 'LX00121'),
       (592, 'LXJJ7MBT5', 'LX00116'),
       (593, 'LXJJ7MBT5', 'LX00113'),
       (594, 'LXJJ7MBT5', 'LX00114'),
       (595, 'LXJJ7MBT5', 'LX00115'),
       (596, 'LXJJ7MBT5', 'LX00122'),
       (597, 'LXJJ7MBT5', 'LX00124'),
       (598, 'LXJJ7MBT5', 'LX00123'),
       (599, 'LXJJ7MBT5', 'LX00126'),
       (600, 'LXJJ7MBT5', 'LX00127'),
       (601, 'LXJJ7MBT5', 'LX00128'),
       (602, 'LXJJ7MBT5', 'LX00129'),
       (603, 'LXJJ7MBT5', 'LX00130'),
       (604, 'LXJJ7MBT5', 'LX00135'),
       (605, 'LXJJ7MBT5', 'LX00136'),
       (606, 'LXJJ7MBT5', 'LX00137'),
       (607, 'LXJJ7MBT5', 'LX00138'),
       (608, 'LXJJ7MBT5', 'LX00139'),
       (609, 'LXJJ7MBT5', 'LX00140'),
       (610, 'LXJJ7MCT5', 'LX00001'),
       (611, 'LXJJ7MCT5', 'LX00003'),
       (612, 'LXJJ7MCT5', 'LX00004'),
       (613, 'LXJJ7MCT5', 'LX00005'),
       (614, 'LXJJ7MCT5', 'LX00006'),
       (615, 'LXJJ7MCT5', 'LX00007'),
       (616, 'LXJJ7MCT5', 'LX00013'),
       (617, 'LXJJ7MCT5', 'LX00014'),
       (618, 'LXJJ7MCT5', 'LX00015'),
       (619, 'LXJJ7MCT5', 'LX00016'),
       (620, 'LXJJ7MCT5', 'LX00017'),
       (621, 'LXJJ7MCT5', 'LX00018'),
       (622, 'LXJJ7MCT5', 'LX00010'),
       (623, 'LXJJ7MCT5', 'LX00011'),
       (624, 'LXJJ7MCT5', 'LX00012'),
       (625, 'LXJJ7MCT5', 'LX00019'),
       (626, 'LXJJ7MCT5', 'LX00020'),
       (627, 'LXJJ7MCT5', 'LX00021'),
       (628, 'LXJJ7MCT5', 'LX00022'),
       (629, 'LXJJ7MCT5', 'LX00023'),
       (630, 'LXJJ7MCT5', 'LX00024'),
       (631, 'LXJJ7MCT5', 'LX00025'),
       (632, 'LXJJ7MCT5', 'LX00026'),
       (633, 'LXJJ7MCT5', 'LX00027'),
       (634, 'LXJJ7MCT5', 'LX00028'),
       (635, 'LXJJ7MCT5', 'LX00029'),
       (636, 'LXJJ7MCT5', 'LX00030'),
       (637, 'LXJJ7MCT5', 'LX00031'),
       (638, 'LXJJ7MCT5', 'LX00032'),
       (639, 'LXJJ7MCT5', 'LX00035'),
       (640, 'LXJJ7MCT5', 'LX00036'),
       (641, 'LXJJ7MCT5', 'LX00037'),
       (642, 'LXJJ7MCT5', 'LX00038'),
       (643, 'LXJJ7MCT5', 'LX00039'),
       (644, 'LXJJ7MCT5', 'LX00040'),
       (645, 'LXJJ7MCT5', 'LX00041'),
       (646, 'LXJJ7MCT5', 'LX00042'),
       (647, 'LXJJ7MCT5', 'LX00044'),
       (648, 'LXJJ7MCT5', 'LX00045'),
       (649, 'LXJJ7MCT5', 'LX00046'),
       (650, 'LXJJ7MCT5', 'LX00047'),
       (651, 'LXJJ7MCT5', 'LX00048'),
       (652, 'LXJJ7MCT5', 'LX00049'),
       (653, 'LXJJ7MCT5', 'LX00057'),
       (654, 'LXJJ7MCT5', 'LX00051'),
       (655, 'LXJJ7MCT5', 'LX00052'),
       (656, 'LXJJ7MCT5', 'LX00060'),
       (657, 'LXJJ7MCT5', 'LX00062'),
       (658, 'LXJJ7MCT5', 'LX00063'),
       (659, 'LXJJ7MCT5', 'LX00064'),
       (660, 'LXJJ7MCT5', 'LX00065'),
       (661, 'LXJJ7MCT5', 'LX00066'),
       (662, 'LXJJ7MCT5', 'LX00067'),
       (663, 'LXJJ7MCT5', 'LX00068'),
       (664, 'LXJJ7MCT5', 'LX00070'),
       (665, 'LXJJ7MCT5', 'LX00071'),
       (666, 'LXJJ7MCT5', 'LX00072'),
       (667, 'LXJJ7MCT5', 'LX00073'),
       (668, 'LXJJ7MCT5', 'LX00074'),
       (669, 'LXJJ7MCT5', 'LX00075'),
       (670, 'LXJJ7MCT5', 'LX00076'),
       (671, 'LXJJ7MCT5', 'LX00081'),
       (672, 'LXJJ7MCT5', 'LX00082'),
       (673, 'LXJJ7MCT5', 'LX00085'),
       (674, 'LXJJ7MCT5', 'LX00083'),
       (675, 'LXJJ7MCT5', 'LX00086'),
       (676, 'LXJJ7MCT5', 'LX00091'),
       (677, 'LXJJ7MCT5', 'LX00097'),
       (678, 'LXJJ7MCT5', 'LX00092'),
       (679, 'LXJJ7MCT5', 'LX00095'),
       (680, 'LXJJ7MCT5', 'LX00096'),
       (681, 'LXJJ7MCT5', 'LX00094'),
       (682, 'LXJJ7MCT5', 'LX00098'),
       (683, 'LXJJ7MCT5', 'LX00099'),
       (684, 'LXJJ7MCT5', 'LX00101'),
       (685, 'LXJJ7MCT5', 'LX00102'),
       (686, 'LXJJ7MCT5', 'LX00103'),
       (687, 'LXJJ7MCT5', 'LX00104'),
       (688, 'LXJJ7MCT5', 'LX00106'),
       (689, 'LXJJ7MCT5', 'LX00109'),
       (690, 'LXJJ7MCT5', 'LX00110'),
       (691, 'LXJJ7MCT5', 'LX00119'),
       (692, 'LXJJ7MCT5', 'LX00107'),
       (693, 'LXJJ7MCT5', 'LX00118'),
       (694, 'LXJJ7MCT5', 'LX00108'),
       (695, 'LXJJ7MCT5', 'LX00111'),
       (696, 'LXJJ7MCT5', 'LX00112'),
       (697, 'LXJJ7MCT5', 'LX00120'),
       (698, 'LXJJ7MCT5', 'LX00121'),
       (699, 'LXJJ7MCT5', 'LX00116'),
       (700, 'LXJJ7MCT5', 'LX00113'),
       (701, 'LXJJ7MCT5', 'LX00114'),
       (702, 'LXJJ7MCT5', 'LX00115'),
       (703, 'LXJJ7MCT5', 'LX00122'),
       (704, 'LXJJ7MCT5', 'LX00124'),
       (705, 'LXJJ7MCT5', 'LX00123'),
       (706, 'LXJJ7MCT5', 'LX00126'),
       (707, 'LXJJ7MCT5', 'LX00127'),
       (708, 'LXJJ7MCT5', 'LX00128'),
       (709, 'LXJJ7MCT5', 'LX00129'),
       (710, 'LXJJ7MCT5', 'LX00130'),
       (711, 'LXJJ7MCT5', 'LX00131'),
       (712, 'LXJJ7MCT5', 'LX00132'),
       (713, 'LXJJ7MCT5', 'LX00133'),
       (714, 'LXJJ7MCT5', 'LX00135'),
       (715, 'LXJJ7MCT5', 'LX00136'),
       (716, 'LXJJ7MCT5', 'LX00137'),
       (717, 'LXJJ7MCT5', 'LX00138'),
       (718, 'LXJJ7MCT5', 'LX00140'),
       (719, 'LXJJ7MCT5', 'LX00141'),
       (720, 'LXJJ7MCT5', 'LX00142'),
       (721, 'LXJJ8DST5', 'LX00002'),
       (722, 'LXJJ8DST5', 'LX00003'),
       (723, 'LXJJ8DST5', 'LX00004'),
       (724, 'LXJJ8DST5', 'LX00005'),
       (725, 'LXJJ8DST5', 'LX00006'),
       (726, 'LXJJ8DST5', 'LX00007'),
       (727, 'LXJJ8DST5', 'LX00013'),
       (728, 'LXJJ8DST5', 'LX00014'),
       (729, 'LXJJ8DST5', 'LX00015'),
       (730, 'LXJJ8DST5', 'LX00016'),
       (731, 'LXJJ8DST5', 'LX00017'),
       (732, 'LXJJ8DST5', 'LX00018'),
       (733, 'LXJJ8DST5', 'LX00010'),
       (734, 'LXJJ8DST5', 'LX00011'),
       (735, 'LXJJ8DST5', 'LX00012'),
       (736, 'LXJJ8DST5', 'LX00019'),
       (737, 'LXJJ8DST5', 'LX00020'),
       (738, 'LXJJ8DST5', 'LX00021'),
       (739, 'LXJJ8DST5', 'LX00022'),
       (740, 'LXJJ8DST5', 'LX00029'),
       (741, 'LXJJ8DST5', 'LX00030'),
       (742, 'LXJJ8DST5', 'LX00031'),
       (743, 'LXJJ8DST5', 'LX00032'),
       (744, 'LXJJ8DST5', 'LX00034'),
       (745, 'LXJJ8DST5', 'LX00035'),
       (746, 'LXJJ8DST5', 'LX00036'),
       (747, 'LXJJ8DST5', 'LX00037'),
       (748, 'LXJJ8DST5', 'LX00038'),
       (749, 'LXJJ8DST5', 'LX00039'),
       (750, 'LXJJ8DST5', 'LX00040'),
       (751, 'LXJJ8DST5', 'LX00041'),
       (752, 'LXJJ8DST5', 'LX00042'),
       (753, 'LXJJ8DST5', 'LX00044'),
       (754, 'LXJJ8DST5', 'LX00045'),
       (755, 'LXJJ8DST5', 'LX00046'),
       (756, 'LXJJ8DST5', 'LX00047'),
       (757, 'LXJJ8DST5', 'LX00048'),
       (758, 'LXJJ8DST5', 'LX00049'),
       (759, 'LXJJ8DST5', 'LX00056'),
       (760, 'LXJJ8DST5', 'LX00050'),
       (761, 'LXJJ8DST5', 'LX00057'),
       (762, 'LXJJ8DST5', 'LX00059'),
       (763, 'LXJJ8DST5', 'LX00060'),
       (764, 'LXJJ8DST5', 'LX00062'),
       (765, 'LXJJ8DST5', 'LX00063'),
       (766, 'LXJJ8DST5', 'LX00064'),
       (767, 'LXJJ8DST5', 'LX00065'),
       (768, 'LXJJ8DST5', 'LX00081'),
       (769, 'LXJJ8DST5', 'LX00082'),
       (770, 'LXJJ8DST5', 'LX00085'),
       (771, 'LXJJ8DST5', 'LX00084'),
       (772, 'LXJJ8DST5', 'LX00086'),
       (773, 'LXJJ8DST5', 'LX00089'),
       (774, 'LXJJ8DST5', 'LX00090'),
       (775, 'LXJJ8DST5', 'LX00091'),
       (776, 'LXJJ8DST5', 'LX00102'),
       (777, 'LXJJ8DST5', 'LX00103'),
       (778, 'LXJJ8DST5', 'LX00104'),
       (779, 'LXJJ8DST5', 'LX00106'),
       (780, 'LXJJ8DST5', 'LX00109'),
       (781, 'LXJJ8DST5', 'LX00110'),
       (782, 'LXJJ8DST5', 'LX00119'),
       (783, 'LXJJ8DST5', 'LX00107'),
       (784, 'LXJJ8DST5', 'LX00118'),
       (785, 'LXJJ8DST5', 'LX00108'),
       (786, 'LXJJ8DST5', 'LX00111'),
       (787, 'LXJJ8DST5', 'LX00112'),
       (788, 'LXJJ8DST5', 'LX00120'),
       (789, 'LXJJ8DST5', 'LX00121'),
       (790, 'LXJJ8DST5', 'LX00116'),
       (791, 'LXJJ8DST5', 'LX00113'),
       (792, 'LXJJ8DST5', 'LX00114'),
       (793, 'LXJJ8DST5', 'LX00115'),
       (794, 'LXJJ8DST5', 'LX00122'),
       (795, 'LXJJ8DST5', 'LX00124'),
       (796, 'LXJJ8DST5', 'LX00123'),
       (797, 'LXJJ8DST5', 'LX00126'),
       (798, 'LXJJ8DST5', 'LX00127'),
       (799, 'LXJJ8DST5', 'LX00135'),
       (800, 'LXJJ8DST5', 'LX00136'),
       (801, 'LXJJ8DST5', 'LX00137'),
       (802, 'LXJJ8DST5', 'LX00138'),
       (803, 'LXJJ8DST5', 'LX00139'),
       (804, 'LXJJ8DST5', 'LX00140'),
       (805, 'LXJJ8DAT5', 'LX00002'),
       (806, 'LXJJ8DAT5', 'LX00003'),
       (807, 'LXJJ8DAT5', 'LX00004'),
       (808, 'LXJJ8DAT5', 'LX00005'),
       (809, 'LXJJ8DAT5', 'LX00006'),
       (810, 'LXJJ8DAT5', 'LX00007'),
       (811, 'LXJJ8DAT5', 'LX00013'),
       (812, 'LXJJ8DAT5', 'LX00014'),
       (813, 'LXJJ8DAT5', 'LX00015'),
       (814, 'LXJJ8DAT5', 'LX00016'),
       (815, 'LXJJ8DAT5', 'LX00017'),
       (816, 'LXJJ8DAT5', 'LX00018'),
       (817, 'LXJJ8DAT5', 'LX00010'),
       (818, 'LXJJ8DAT5', 'LX00011'),
       (819, 'LXJJ8DAT5', 'LX00012'),
       (820, 'LXJJ8DAT5', 'LX00029'),
       (821, 'LXJJ8DAT5', 'LX00030'),
       (822, 'LXJJ8DAT5', 'LX00031'),
       (823, 'LXJJ8DAT5', 'LX00032'),
       (824, 'LXJJ8DAT5', 'LX00034'),
       (825, 'LXJJ8DAT5', 'LX00035'),
       (826, 'LXJJ8DAT5', 'LX00036'),
       (827, 'LXJJ8DAT5', 'LX00037'),
       (828, 'LXJJ8DAT5', 'LX00038'),
       (829, 'LXJJ8DAT5', 'LX00039'),
       (830, 'LXJJ8DAT5', 'LX00040'),
       (831, 'LXJJ8DAT5', 'LX00041'),
       (832, 'LXJJ8DAT5', 'LX00042'),
       (833, 'LXJJ8DAT5', 'LX00043'),
       (834, 'LXJJ8DAT5', 'LX00044'),
       (835, 'LXJJ8DAT5', 'LX00045'),
       (836, 'LXJJ8DAT5', 'LX00046'),
       (837, 'LXJJ8DAT5', 'LX00047'),
       (838, 'LXJJ8DAT5', 'LX00048'),
       (839, 'LXJJ8DAT5', 'LX00049'),
       (840, 'LXJJ8DAT5', 'LX00056'),
       (841, 'LXJJ8DAT5', 'LX00058'),
       (842, 'LXJJ8DAT5', 'LX00059'),
       (843, 'LXJJ8DAT5', 'LX00060'),
       (844, 'LXJJ8DAT5', 'LX00062'),
       (845, 'LXJJ8DAT5', 'LX00079'),
       (846, 'LXJJ8DAT5', 'LX00080'),
       (847, 'LXJJ8DAT5', 'LX00081'),
       (848, 'LXJJ8DAT5', 'LX00082'),
       (849, 'LXJJ8DAT5', 'LX00085'),
       (850, 'LXJJ8DAT5', 'LX00084'),
       (851, 'LXJJ8DAT5', 'LX00086'),
       (852, 'LXJJ8DAT5', 'LX00102'),
       (853, 'LXJJ8DAT5', 'LX00103'),
       (854, 'LXJJ8DAT5', 'LX00104'),
       (855, 'LXJJ8DAT5', 'LX00105'),
       (856, 'LXJJ8DAT5', 'LX00106'),
       (857, 'LXJJ8DAT5', 'LX00109'),
       (858, 'LXJJ8DAT5', 'LX00110'),
       (859, 'LXJJ8DAT5', 'LX00119'),
       (860, 'LXJJ8DAT5', 'LX00107'),
       (861, 'LXJJ8DAT5', 'LX00118'),
       (862, 'LXJJ8DAT5', 'LX00108'),
       (863, 'LXJJ8DAT5', 'LX00111'),
       (864, 'LXJJ8DAT5', 'LX00112'),
       (865, 'LXJJ8DAT5', 'LX00120'),
       (866, 'LXJJ8DAT5', 'LX00121'),
       (867, 'LXJJ8DAT5', 'LX00116'),
       (868, 'LXJJ8DAT5', 'LX00113'),
       (869, 'LXJJ8DAT5', 'LX00114'),
       (870, 'LXJJ8DAT5', 'LX00115'),
       (871, 'LXJJ8DAT5', 'LX00135'),
       (872, 'LXJJ8DAT5', 'LX00136'),
       (873, 'LXJJ8DAT5', 'LX00137'),
       (874, 'LXJJ8DAT5', 'LX00138'),
       (875, 'LXJJ8DAT5', 'LX00139'),
       (876, 'LXJJ8DAT5', 'LX00140'),
       (877, 'LXJJ8DBT5', 'LX00002'),
       (878, 'LXJJ8DBT5', 'LX00003'),
       (879, 'LXJJ8DBT5', 'LX00004'),
       (880, 'LXJJ8DBT5', 'LX00005'),
       (881, 'LXJJ8DBT5', 'LX00006'),
       (882, 'LXJJ8DBT5', 'LX00007'),
       (883, 'LXJJ8DBT5', 'LX00013'),
       (884, 'LXJJ8DBT5', 'LX00014'),
       (885, 'LXJJ8DBT5', 'LX00015'),
       (886, 'LXJJ8DBT5', 'LX00016'),
       (887, 'LXJJ8DBT5', 'LX00017'),
       (888, 'LXJJ8DBT5', 'LX00018'),
       (889, 'LXJJ8DBT5', 'LX00010'),
       (890, 'LXJJ8DBT5', 'LX00011'),
       (891, 'LXJJ8DBT5', 'LX00012'),
       (892, 'LXJJ8DBT5', 'LX00019'),
       (893, 'LXJJ8DBT5', 'LX00020'),
       (894, 'LXJJ8DBT5', 'LX00021'),
       (895, 'LXJJ8DBT5', 'LX00022'),
       (896, 'LXJJ8DBT5', 'LX00029'),
       (897, 'LXJJ8DBT5', 'LX00030'),
       (898, 'LXJJ8DBT5', 'LX00031'),
       (899, 'LXJJ8DBT5', 'LX00032'),
       (900, 'LXJJ8DBT5', 'LX00034'),
       (901, 'LXJJ8DBT5', 'LX00035'),
       (902, 'LXJJ8DBT5', 'LX00036'),
       (903, 'LXJJ8DBT5', 'LX00037'),
       (904, 'LXJJ8DBT5', 'LX00038'),
       (905, 'LXJJ8DBT5', 'LX00039'),
       (906, 'LXJJ8DBT5', 'LX00040'),
       (907, 'LXJJ8DBT5', 'LX00041'),
       (908, 'LXJJ8DBT5', 'LX00042'),
       (909, 'LXJJ8DBT5', 'LX00044'),
       (910, 'LXJJ8DBT5', 'LX00045'),
       (911, 'LXJJ8DBT5', 'LX00046'),
       (912, 'LXJJ8DBT5', 'LX00047'),
       (913, 'LXJJ8DBT5', 'LX00048'),
       (914, 'LXJJ8DBT5', 'LX00049'),
       (915, 'LXJJ8DBT5', 'LX00056'),
       (916, 'LXJJ8DBT5', 'LX00050'),
       (917, 'LXJJ8DBT5', 'LX00057'),
       (918, 'LXJJ8DBT5', 'LX00051'),
       (919, 'LXJJ8DBT5', 'LX00059'),
       (920, 'LXJJ8DBT5', 'LX00060'),
       (921, 'LXJJ8DBT5', 'LX00062'),
       (922, 'LXJJ8DBT5', 'LX00063'),
       (923, 'LXJJ8DBT5', 'LX00064'),
       (924, 'LXJJ8DBT5', 'LX00065'),
       (925, 'LXJJ8DBT5', 'LX00066'),
       (926, 'LXJJ8DBT5', 'LX00067'),
       (927, 'LXJJ8DBT5', 'LX00081'),
       (928, 'LXJJ8DBT5', 'LX00082'),
       (929, 'LXJJ8DBT5', 'LX00085'),
       (930, 'LXJJ8DBT5', 'LX00084'),
       (931, 'LXJJ8DBT5', 'LX00086'),
       (932, 'LXJJ8DBT5', 'LX00091'),
       (933, 'LXJJ8DBT5', 'LX00093'),
       (934, 'LXJJ8DBT5', 'LX00097'),
       (935, 'LXJJ8DBT5', 'LX00092'),
       (936, 'LXJJ8DBT5', 'LX00095'),
       (937, 'LXJJ8DBT5', 'LX00096'),
       (938, 'LXJJ8DBT5', 'LX00102'),
       (939, 'LXJJ8DBT5', 'LX00103'),
       (940, 'LXJJ8DBT5', 'LX00104'),
       (941, 'LXJJ8DBT5', 'LX00106'),
       (942, 'LXJJ8DBT5', 'LX00109'),
       (943, 'LXJJ8DBT5', 'LX00110'),
       (944, 'LXJJ8DBT5', 'LX00119'),
       (945, 'LXJJ8DBT5', 'LX00107'),
       (946, 'LXJJ8DBT5', 'LX00118'),
       (947, 'LXJJ8DBT5', 'LX00108'),
       (948, 'LXJJ8DBT5', 'LX00111'),
       (949, 'LXJJ8DBT5', 'LX00112'),
       (950, 'LXJJ8DBT5', 'LX00120'),
       (951, 'LXJJ8DBT5', 'LX00121'),
       (952, 'LXJJ8DBT5', 'LX00116'),
       (953, 'LXJJ8DBT5', 'LX00113'),
       (954, 'LXJJ8DBT5', 'LX00114'),
       (955, 'LXJJ8DBT5', 'LX00115'),
       (956, 'LXJJ8DBT5', 'LX00122'),
       (957, 'LXJJ8DBT5', 'LX00124'),
       (958, 'LXJJ8DBT5', 'LX00123'),
       (959, 'LXJJ8DBT5', 'LX00126'),
       (960, 'LXJJ8DBT5', 'LX00127'),
       (961, 'LXJJ8DBT5', 'LX00128'),
       (962, 'LXJJ8DBT5', 'LX00129'),
       (963, 'LXJJ8DBT5', 'LX00130'),
       (964, 'LXJJ8DBT5', 'LX00135'),
       (965, 'LXJJ8DBT5', 'LX00136'),
       (966, 'LXJJ8DBT5', 'LX00137'),
       (967, 'LXJJ8DBT5', 'LX00138'),
       (968, 'LXJJ8DBT5', 'LX00139'),
       (969, 'LXJJ8DBT5', 'LX00140'),
       (970, 'LXJJ8DCT5', 'LX00002'),
       (971, 'LXJJ8DCT5', 'LX00003'),
       (972, 'LXJJ8DCT5', 'LX00004'),
       (973, 'LXJJ8DCT5', 'LX00005'),
       (974, 'LXJJ8DCT5', 'LX00006'),
       (975, 'LXJJ8DCT5', 'LX00007'),
       (976, 'LXJJ8DCT5', 'LX00013'),
       (977, 'LXJJ8DCT5', 'LX00014'),
       (978, 'LXJJ8DCT5', 'LX00015'),
       (979, 'LXJJ8DCT5', 'LX00016'),
       (980, 'LXJJ8DCT5', 'LX00017'),
       (981, 'LXJJ8DCT5', 'LX00018'),
       (982, 'LXJJ8DCT5', 'LX00010'),
       (983, 'LXJJ8DCT5', 'LX00011'),
       (984, 'LXJJ8DCT5', 'LX00012'),
       (985, 'LXJJ8DCT5', 'LX00019'),
       (986, 'LXJJ8DCT5', 'LX00020'),
       (987, 'LXJJ8DCT5', 'LX00021'),
       (988, 'LXJJ8DCT5', 'LX00022'),
       (989, 'LXJJ8DCT5', 'LX00023'),
       (990, 'LXJJ8DCT5', 'LX00024'),
       (991, 'LXJJ8DCT5', 'LX00025'),
       (992, 'LXJJ8DCT5', 'LX00026'),
       (993, 'LXJJ8DCT5', 'LX00027'),
       (994, 'LXJJ8DCT5', 'LX00028'),
       (995, 'LXJJ8DCT5', 'LX00029'),
       (996, 'LXJJ8DCT5', 'LX00030'),
       (997, 'LXJJ8DCT5', 'LX00031'),
       (998, 'LXJJ8DCT5', 'LX00032'),
       (999, 'LXJJ8DCT5', 'LX00035'),
       (1000, 'LXJJ8DCT5', 'LX00036'),
       (1001, 'LXJJ8DCT5', 'LX00037'),
       (1002, 'LXJJ8DCT5', 'LX00038'),
       (1003, 'LXJJ8DCT5', 'LX00039'),
       (1004, 'LXJJ8DCT5', 'LX00040'),
       (1005, 'LXJJ8DCT5', 'LX00041'),
       (1006, 'LXJJ8DCT5', 'LX00042'),
       (1007, 'LXJJ8DCT5', 'LX00044'),
       (1008, 'LXJJ8DCT5', 'LX00045'),
       (1009, 'LXJJ8DCT5', 'LX00046'),
       (1010, 'LXJJ8DCT5', 'LX00047'),
       (1011, 'LXJJ8DCT5', 'LX00048'),
       (1012, 'LXJJ8DCT5', 'LX00049'),
       (1013, 'LXJJ8DCT5', 'LX00057'),
       (1014, 'LXJJ8DCT5', 'LX00051'),
       (1015, 'LXJJ8DCT5', 'LX00052'),
       (1016, 'LXJJ8DCT5', 'LX00060'),
       (1017, 'LXJJ8DCT5', 'LX00062'),
       (1018, 'LXJJ8DCT5', 'LX00063'),
       (1019, 'LXJJ8DCT5', 'LX00064'),
       (1020, 'LXJJ8DCT5', 'LX00065'),
       (1021, 'LXJJ8DCT5', 'LX00066'),
       (1022, 'LXJJ8DCT5', 'LX00067'),
       (1023, 'LXJJ8DCT5', 'LX00068'),
       (1024, 'LXJJ8DCT5', 'LX00070'),
       (1025, 'LXJJ8DCT5', 'LX00071'),
       (1026, 'LXJJ8DCT5', 'LX00072'),
       (1027, 'LXJJ8DCT5', 'LX00073'),
       (1028, 'LXJJ8DCT5', 'LX00074'),
       (1029, 'LXJJ8DCT5', 'LX00075'),
       (1030, 'LXJJ8DCT5', 'LX00076'),
       (1031, 'LXJJ8DCT5', 'LX00081'),
       (1032, 'LXJJ8DCT5', 'LX00082'),
       (1033, 'LXJJ8DCT5', 'LX00085'),
       (1034, 'LXJJ8DCT5', 'LX00084'),
       (1035, 'LXJJ8DCT5', 'LX00086'),
       (1036, 'LXJJ8DCT5', 'LX00091'),
       (1037, 'LXJJ8DCT5', 'LX00097'),
       (1038, 'LXJJ8DCT5', 'LX00092'),
       (1039, 'LXJJ8DCT5', 'LX00095'),
       (1040, 'LXJJ8DCT5', 'LX00096'),
       (1041, 'LXJJ8DCT5', 'LX00094'),
       (1042, 'LXJJ8DCT5', 'LX00098'),
       (1043, 'LXJJ8DCT5', 'LX00099'),
       (1044, 'LXJJ8DCT5', 'LX00101'),
       (1045, 'LXJJ8DCT5', 'LX00102'),
       (1046, 'LXJJ8DCT5', 'LX00103'),
       (1047, 'LXJJ8DCT5', 'LX00104'),
       (1048, 'LXJJ8DCT5', 'LX00106'),
       (1049, 'LXJJ8DCT5', 'LX00109'),
       (1050, 'LXJJ8DCT5', 'LX00110'),
       (1051, 'LXJJ8DCT5', 'LX00119'),
       (1052, 'LXJJ8DCT5', 'LX00107'),
       (1053, 'LXJJ8DCT5', 'LX00118'),
       (1054, 'LXJJ8DCT5', 'LX00108'),
       (1055, 'LXJJ8DCT5', 'LX00111'),
       (1056, 'LXJJ8DCT5', 'LX00112'),
       (1057, 'LXJJ8DCT5', 'LX00120'),
       (1058, 'LXJJ8DCT5', 'LX00121'),
       (1059, 'LXJJ8DCT5', 'LX00116'),
       (1060, 'LXJJ8DCT5', 'LX00113'),
       (1061, 'LXJJ8DCT5', 'LX00114'),
       (1062, 'LXJJ8DCT5', 'LX00115'),
       (1063, 'LXJJ8DCT5', 'LX00122'),
       (1064, 'LXJJ8DCT5', 'LX00124'),
       (1065, 'LXJJ8DCT5', 'LX00123'),
       (1066, 'LXJJ8DCT5', 'LX00126'),
       (1067, 'LXJJ8DCT5', 'LX00127'),
       (1068, 'LXJJ8DCT5', 'LX00128'),
       (1069, 'LXJJ8DCT5', 'LX00129'),
       (1070, 'LXJJ8DCT5', 'LX00130'),
       (1071, 'LXJJ8DCT5', 'LX00131'),
       (1072, 'LXJJ8DCT5', 'LX00132'),
       (1073, 'LXJJ8DCT5', 'LX00133'),
       (1074, 'LXJJ8DCT5', 'LX00135'),
       (1075, 'LXJJ8DCT5', 'LX00136'),
       (1076, 'LXJJ8DCT5', 'LX00137'),
       (1077, 'LXJJ8DCT5', 'LX00138'),
       (1078, 'LXJJ8DCT5', 'LX00140'),
       (1079, 'LXJJ8DCT5', 'LX00141'),
       (1080, 'LXJJ8DCT5', 'LX00142'),
       (1081, 'LXJJ8MST5', 'LX00001'),
       (1082, 'LXJJ8MST5', 'LX00003'),
       (1083, 'LXJJ8MST5', 'LX00004'),
       (1084, 'LXJJ8MST5', 'LX00005'),
       (1085, 'LXJJ8MST5', 'LX00006'),
       (1086, 'LXJJ8MST5', 'LX00007'),
       (1087, 'LXJJ8MST5', 'LX00013'),
       (1088, 'LXJJ8MST5', 'LX00014'),
       (1089, 'LXJJ8MST5', 'LX00015'),
       (1090, 'LXJJ8MST5', 'LX00016'),
       (1091, 'LXJJ8MST5', 'LX00017'),
       (1092, 'LXJJ8MST5', 'LX00018'),
       (1093, 'LXJJ8MST5', 'LX00010'),
       (1094, 'LXJJ8MST5', 'LX00011'),
       (1095, 'LXJJ8MST5', 'LX00012'),
       (1096, 'LXJJ8MST5', 'LX00019'),
       (1097, 'LXJJ8MST5', 'LX00020'),
       (1098, 'LXJJ8MST5', 'LX00021'),
       (1099, 'LXJJ8MST5', 'LX00022'),
       (1100, 'LXJJ8MST5', 'LX00029'),
       (1101, 'LXJJ8MST5', 'LX00030'),
       (1102, 'LXJJ8MST5', 'LX00031'),
       (1103, 'LXJJ8MST5', 'LX00032'),
       (1104, 'LXJJ8MST5', 'LX00034'),
       (1105, 'LXJJ8MST5', 'LX00035'),
       (1106, 'LXJJ8MST5', 'LX00036'),
       (1107, 'LXJJ8MST5', 'LX00037'),
       (1108, 'LXJJ8MST5', 'LX00038'),
       (1109, 'LXJJ8MST5', 'LX00039'),
       (1110, 'LXJJ8MST5', 'LX00040'),
       (1111, 'LXJJ8MST5', 'LX00041'),
       (1112, 'LXJJ8MST5', 'LX00042'),
       (1113, 'LXJJ8MST5', 'LX00044'),
       (1114, 'LXJJ8MST5', 'LX00045'),
       (1115, 'LXJJ8MST5', 'LX00046'),
       (1116, 'LXJJ8MST5', 'LX00047'),
       (1117, 'LXJJ8MST5', 'LX00048'),
       (1118, 'LXJJ8MST5', 'LX00049'),
       (1119, 'LXJJ8MST5', 'LX00056'),
       (1120, 'LXJJ8MST5', 'LX00050'),
       (1121, 'LXJJ8MST5', 'LX00057'),
       (1122, 'LXJJ8MST5', 'LX00059'),
       (1123, 'LXJJ8MST5', 'LX00060'),
       (1124, 'LXJJ8MST5', 'LX00062'),
       (1125, 'LXJJ8MST5', 'LX00063'),
       (1126, 'LXJJ8MST5', 'LX00064'),
       (1127, 'LXJJ8MST5', 'LX00065'),
       (1128, 'LXJJ8MST5', 'LX00081'),
       (1129, 'LXJJ8MST5', 'LX00082'),
       (1130, 'LXJJ8MST5', 'LX00085'),
       (1131, 'LXJJ8MST5', 'LX00084'),
       (1132, 'LXJJ8MST5', 'LX00086'),
       (1133, 'LXJJ8MST5', 'LX00089'),
       (1134, 'LXJJ8MST5', 'LX00090'),
       (1135, 'LXJJ8MST5', 'LX00091'),
       (1136, 'LXJJ8MST5', 'LX00102'),
       (1137, 'LXJJ8MST5', 'LX00103'),
       (1138, 'LXJJ8MST5', 'LX00104'),
       (1139, 'LXJJ8MST5', 'LX00106'),
       (1140, 'LXJJ8MST5', 'LX00109'),
       (1141, 'LXJJ8MST5', 'LX00110'),
       (1142, 'LXJJ8MST5', 'LX00119'),
       (1143, 'LXJJ8MST5', 'LX00107'),
       (1144, 'LXJJ8MST5', 'LX00118'),
       (1145, 'LXJJ8MST5', 'LX00108'),
       (1146, 'LXJJ8MST5', 'LX00111'),
       (1147, 'LXJJ8MST5', 'LX00112'),
       (1148, 'LXJJ8MST5', 'LX00120'),
       (1149, 'LXJJ8MST5', 'LX00121'),
       (1150, 'LXJJ8MST5', 'LX00116'),
       (1151, 'LXJJ8MST5', 'LX00113'),
       (1152, 'LXJJ8MST5', 'LX00114'),
       (1153, 'LXJJ8MST5', 'LX00115'),
       (1154, 'LXJJ8MST5', 'LX00122'),
       (1155, 'LXJJ8MST5', 'LX00124'),
       (1156, 'LXJJ8MST5', 'LX00123'),
       (1157, 'LXJJ8MST5', 'LX00126'),
       (1158, 'LXJJ8MST5', 'LX00127'),
       (1159, 'LXJJ8MST5', 'LX00135'),
       (1160, 'LXJJ8MST5', 'LX00136'),
       (1161, 'LXJJ8MST5', 'LX00137'),
       (1162, 'LXJJ8MST5', 'LX00138'),
       (1163, 'LXJJ8MST5', 'LX00139'),
       (1164, 'LXJJ8MST5', 'LX00140'),
       (1441, 'LXJJ7DSA5', 'LX00002'),
       (1442, 'LXJJ7DSA5', 'LX00003'),
       (1443, 'LXJJ7DSA5', 'LX00004'),
       (1444, 'LXJJ7DSA5', 'LX00005'),
       (1445, 'LXJJ7DSA5', 'LX00006'),
       (1446, 'LXJJ7DSA5', 'LX00007'),
       (1447, 'LXJJ7DSA5', 'LX00008'),
       (1448, 'LXJJ7DSA5', 'LX00009'),
       (1449, 'LXJJ7DSA5', 'LX00013'),
       (1450, 'LXJJ7DSA5', 'LX00014'),
       (1451, 'LXJJ7DSA5', 'LX00015'),
       (1452, 'LXJJ7DSA5', 'LX00016'),
       (1453, 'LXJJ7DSA5', 'LX00017'),
       (1454, 'LXJJ7DSA5', 'LX00018'),
       (1455, 'LXJJ7DSA5', 'LX00010'),
       (1456, 'LXJJ7DSA5', 'LX00011'),
       (1457, 'LXJJ7DSA5', 'LX00012'),
       (1458, 'LXJJ7DSA5', 'LX00019'),
       (1459, 'LXJJ7DSA5', 'LX00020'),
       (1460, 'LXJJ7DSA5', 'LX00021'),
       (1461, 'LXJJ7DSA5', 'LX00022'),
       (1462, 'LXJJ7DSA5', 'LX00029'),
       (1463, 'LXJJ7DSA5', 'LX00030'),
       (1464, 'LXJJ7DSA5', 'LX00031'),
       (1465, 'LXJJ7DSA5', 'LX00032'),
       (1466, 'LXJJ7DSA5', 'LX00033'),
       (1467, 'LXJJ7DSA5', 'LX00034'),
       (1468, 'LXJJ7DSA5', 'LX00035'),
       (1469, 'LXJJ7DSA5', 'LX00036'),
       (1470, 'LXJJ7DSA5', 'LX00037'),
       (1471, 'LXJJ7DSA5', 'LX00038'),
       (1472, 'LXJJ7DSA5', 'LX00039'),
       (1473, 'LXJJ7DSA5', 'LX00040'),
       (1474, 'LXJJ7DSA5', 'LX00041'),
       (1475, 'LXJJ7DSA5', 'LX00042'),
       (1476, 'LXJJ7DSA5', 'LX00044'),
       (1477, 'LXJJ7DSA5', 'LX00045'),
       (1478, 'LXJJ7DSA5', 'LX00046'),
       (1479, 'LXJJ7DSA5', 'LX00047'),
       (1480, 'LXJJ7DSA5', 'LX00048'),
       (1481, 'LXJJ7DSA5', 'LX00049'),
       (1482, 'LXJJ7DSA5', 'LX00056'),
       (1483, 'LXJJ7DSA5', 'LX00050'),
       (1484, 'LXJJ7DSA5', 'LX00057'),
       (1485, 'LXJJ7DSA5', 'LX00059'),
       (1486, 'LXJJ7DSA5', 'LX00060'),
       (1487, 'LXJJ7DSA5', 'LX00062'),
       (1488, 'LXJJ7DSA5', 'LX00063'),
       (1489, 'LXJJ7DSA5', 'LX00064'),
       (1490, 'LXJJ7DSA5', 'LX00065'),
       (1491, 'LXJJ7DSA5', 'LX00081'),
       (1492, 'LXJJ7DSA5', 'LX00082'),
       (1493, 'LXJJ7DSA5', 'LX00085'),
       (1494, 'LXJJ7DSA5', 'LX00083'),
       (1495, 'LXJJ7DSA5', 'LX00086'),
       (1496, 'LXJJ7DSA5', 'LX00089'),
       (1497, 'LXJJ7DSA5', 'LX00090'),
       (1498, 'LXJJ7DSA5', 'LX00091'),
       (1499, 'LXJJ7DSA5', 'LX00102'),
       (1500, 'LXJJ7DSA5', 'LX00103'),
       (1501, 'LXJJ7DSA5', 'LX00104'),
       (1502, 'LXJJ7DSA5', 'LX00106'),
       (1503, 'LXJJ7DSA5', 'LX00109'),
       (1504, 'LXJJ7DSA5', 'LX00110'),
       (1505, 'LXJJ7DSA5', 'LX00119'),
       (1506, 'LXJJ7DSA5', 'LX00107'),
       (1507, 'LXJJ7DSA5', 'LX00118'),
       (1508, 'LXJJ7DSA5', 'LX00108'),
       (1509, 'LXJJ7DSA5', 'LX00111'),
       (1510, 'LXJJ7DSA5', 'LX00112'),
       (1511, 'LXJJ7DSA5', 'LX00120'),
       (1512, 'LXJJ7DSA5', 'LX00121'),
       (1513, 'LXJJ7DSA5', 'LX00116'),
       (1514, 'LXJJ7DSA5', 'LX00113'),
       (1515, 'LXJJ7DSA5', 'LX00114'),
       (1516, 'LXJJ7DSA5', 'LX00115'),
       (1517, 'LXJJ7DSA5', 'LX00122'),
       (1518, 'LXJJ7DSA5', 'LX00124'),
       (1519, 'LXJJ7DSA5', 'LX00123'),
       (1520, 'LXJJ7DSA5', 'LX00126'),
       (1521, 'LXJJ7DSA5', 'LX00127'),
       (1522, 'LXJJ7DSA5', 'LX00135'),
       (1523, 'LXJJ7DSA5', 'LX00136'),
       (1524, 'LXJJ7DSA5', 'LX00137'),
       (1525, 'LXJJ7DSA5', 'LX00138'),
       (1526, 'LXJJ7DSA5', 'LX00139'),
       (1527, 'LXJJ7DSA5', 'LX00140'),
       (1528, 'LXJJ7DAA5', 'LX00002'),
       (1529, 'LXJJ7DAA5', 'LX00003'),
       (1530, 'LXJJ7DAA5', 'LX00004'),
       (1531, 'LXJJ7DAA5', 'LX00005'),
       (1532, 'LXJJ7DAA5', 'LX00006'),
       (1533, 'LXJJ7DAA5', 'LX00007'),
       (1534, 'LXJJ7DAA5', 'LX00008'),
       (1535, 'LXJJ7DAA5', 'LX00009'),
       (1536, 'LXJJ7DAA5', 'LX00013'),
       (1537, 'LXJJ7DAA5', 'LX00014'),
       (1538, 'LXJJ7DAA5', 'LX00015'),
       (1539, 'LXJJ7DAA5', 'LX00016'),
       (1540, 'LXJJ7DAA5', 'LX00017'),
       (1541, 'LXJJ7DAA5', 'LX00018'),
       (1542, 'LXJJ7DAA5', 'LX00010'),
       (1543, 'LXJJ7DAA5', 'LX00011'),
       (1544, 'LXJJ7DAA5', 'LX00012'),
       (1545, 'LXJJ7DAA5', 'LX00029'),
       (1546, 'LXJJ7DAA5', 'LX00030'),
       (1547, 'LXJJ7DAA5', 'LX00031'),
       (1548, 'LXJJ7DAA5', 'LX00032'),
       (1549, 'LXJJ7DAA5', 'LX00033'),
       (1550, 'LXJJ7DAA5', 'LX00034'),
       (1551, 'LXJJ7DAA5', 'LX00035'),
       (1552, 'LXJJ7DAA5', 'LX00036'),
       (1553, 'LXJJ7DAA5', 'LX00037'),
       (1554, 'LXJJ7DAA5', 'LX00038'),
       (1555, 'LXJJ7DAA5', 'LX00039'),
       (1556, 'LXJJ7DAA5', 'LX00040'),
       (1557, 'LXJJ7DAA5', 'LX00041'),
       (1558, 'LXJJ7DAA5', 'LX00042'),
       (1559, 'LXJJ7DAA5', 'LX00043'),
       (1560, 'LXJJ7DAA5', 'LX00044'),
       (1561, 'LXJJ7DAA5', 'LX00045'),
       (1562, 'LXJJ7DAA5', 'LX00046'),
       (1563, 'LXJJ7DAA5', 'LX00047'),
       (1564, 'LXJJ7DAA5', 'LX00048'),
       (1565, 'LXJJ7DAA5', 'LX00049'),
       (1566, 'LXJJ7DAA5', 'LX00056'),
       (1567, 'LXJJ7DAA5', 'LX00058'),
       (1568, 'LXJJ7DAA5', 'LX00059'),
       (1569, 'LXJJ7DAA5', 'LX00060'),
       (1570, 'LXJJ7DAA5', 'LX00062'),
       (1571, 'LXJJ7DAA5', 'LX00079'),
       (1572, 'LXJJ7DAA5', 'LX00080'),
       (1573, 'LXJJ7DAA5', 'LX00081'),
       (1574, 'LXJJ7DAA5', 'LX00082'),
       (1575, 'LXJJ7DAA5', 'LX00085'),
       (1576, 'LXJJ7DAA5', 'LX00083'),
       (1577, 'LXJJ7DAA5', 'LX00086'),
       (1578, 'LXJJ7DAA5', 'LX00102'),
       (1579, 'LXJJ7DAA5', 'LX00103'),
       (1580, 'LXJJ7DAA5', 'LX00104'),
       (1581, 'LXJJ7DAA5', 'LX00105'),
       (1582, 'LXJJ7DAA5', 'LX00106'),
       (1583, 'LXJJ7DAA5', 'LX00109'),
       (1584, 'LXJJ7DAA5', 'LX00110'),
       (1585, 'LXJJ7DAA5', 'LX00119'),
       (1586, 'LXJJ7DAA5', 'LX00107'),
       (1587, 'LXJJ7DAA5', 'LX00118'),
       (1588, 'LXJJ7DAA5', 'LX00108'),
       (1589, 'LXJJ7DAA5', 'LX00111'),
       (1590, 'LXJJ7DAA5', 'LX00112'),
       (1591, 'LXJJ7DAA5', 'LX00120'),
       (1592, 'LXJJ7DAA5', 'LX00121'),
       (1593, 'LXJJ7DAA5', 'LX00116'),
       (1594, 'LXJJ7DAA5', 'LX00113'),
       (1595, 'LXJJ7DAA5', 'LX00114'),
       (1596, 'LXJJ7DAA5', 'LX00115'),
       (1597, 'LXJJ7DAA5', 'LX00135'),
       (1598, 'LXJJ7DAA5', 'LX00136'),
       (1599, 'LXJJ7DAA5', 'LX00137'),
       (1600, 'LXJJ7DAA5', 'LX00138'),
       (1601, 'LXJJ7DAA5', 'LX00139'),
       (1602, 'LXJJ7DAA5', 'LX00140'),
       (1603, 'LXJJ7DBA5', 'LX00002'),
       (1604, 'LXJJ7DBA5', 'LX00003'),
       (1605, 'LXJJ7DBA5', 'LX00004'),
       (1606, 'LXJJ7DBA5', 'LX00005'),
       (1607, 'LXJJ7DBA5', 'LX00006'),
       (1608, 'LXJJ7DBA5', 'LX00007'),
       (1609, 'LXJJ7DBA5', 'LX00008'),
       (1610, 'LXJJ7DBA5', 'LX00009'),
       (1611, 'LXJJ7DBA5', 'LX00013'),
       (1612, 'LXJJ7DBA5', 'LX00014'),
       (1613, 'LXJJ7DBA5', 'LX00015'),
       (1614, 'LXJJ7DBA5', 'LX00016'),
       (1615, 'LXJJ7DBA5', 'LX00017'),
       (1616, 'LXJJ7DBA5', 'LX00018'),
       (1617, 'LXJJ7DBA5', 'LX00010'),
       (1618, 'LXJJ7DBA5', 'LX00011'),
       (1619, 'LXJJ7DBA5', 'LX00012'),
       (1620, 'LXJJ7DBA5', 'LX00019'),
       (1621, 'LXJJ7DBA5', 'LX00020'),
       (1622, 'LXJJ7DBA5', 'LX00021'),
       (1623, 'LXJJ7DBA5', 'LX00022'),
       (1624, 'LXJJ7DBA5', 'LX00029'),
       (1625, 'LXJJ7DBA5', 'LX00030'),
       (1626, 'LXJJ7DBA5', 'LX00031'),
       (1627, 'LXJJ7DBA5', 'LX00032'),
       (1628, 'LXJJ7DBA5', 'LX00033'),
       (1629, 'LXJJ7DBA5', 'LX00034'),
       (1630, 'LXJJ7DBA5', 'LX00035'),
       (1631, 'LXJJ7DBA5', 'LX00036'),
       (1632, 'LXJJ7DBA5', 'LX00037'),
       (1633, 'LXJJ7DBA5', 'LX00038'),
       (1634, 'LXJJ7DBA5', 'LX00039'),
       (1635, 'LXJJ7DBA5', 'LX00040'),
       (1636, 'LXJJ7DBA5', 'LX00041'),
       (1637, 'LXJJ7DBA5', 'LX00042'),
       (1638, 'LXJJ7DBA5', 'LX00044'),
       (1639, 'LXJJ7DBA5', 'LX00045'),
       (1640, 'LXJJ7DBA5', 'LX00046'),
       (1641, 'LXJJ7DBA5', 'LX00047'),
       (1642, 'LXJJ7DBA5', 'LX00048'),
       (1643, 'LXJJ7DBA5', 'LX00049'),
       (1644, 'LXJJ7DBA5', 'LX00056'),
       (1645, 'LXJJ7DBA5', 'LX00050'),
       (1646, 'LXJJ7DBA5', 'LX00057'),
       (1647, 'LXJJ7DBA5', 'LX00051'),
       (1648, 'LXJJ7DBA5', 'LX00059'),
       (1649, 'LXJJ7DBA5', 'LX00060'),
       (1650, 'LXJJ7DBA5', 'LX00062'),
       (1651, 'LXJJ7DBA5', 'LX00063'),
       (1652, 'LXJJ7DBA5', 'LX00064'),
       (1653, 'LXJJ7DBA5', 'LX00065'),
       (1654, 'LXJJ7DBA5', 'LX00066'),
       (1655, 'LXJJ7DBA5', 'LX00067'),
       (1656, 'LXJJ7DBA5', 'LX00081'),
       (1657, 'LXJJ7DBA5', 'LX00082'),
       (1658, 'LXJJ7DBA5', 'LX00085'),
       (1659, 'LXJJ7DBA5', 'LX00083'),
       (1660, 'LXJJ7DBA5', 'LX00086'),
       (1661, 'LXJJ7DBA5', 'LX00091'),
       (1662, 'LXJJ7DBA5', 'LX00093'),
       (1663, 'LXJJ7DBA5', 'LX00097'),
       (1664, 'LXJJ7DBA5', 'LX00092'),
       (1665, 'LXJJ7DBA5', 'LX00095'),
       (1666, 'LXJJ7DBA5', 'LX00096'),
       (1667, 'LXJJ7DBA5', 'LX00102'),
       (1668, 'LXJJ7DBA5', 'LX00103'),
       (1669, 'LXJJ7DBA5', 'LX00104'),
       (1670, 'LXJJ7DBA5', 'LX00106'),
       (1671, 'LXJJ7DBA5', 'LX00109'),
       (1672, 'LXJJ7DBA5', 'LX00110'),
       (1673, 'LXJJ7DBA5', 'LX00119'),
       (1674, 'LXJJ7DBA5', 'LX00107'),
       (1675, 'LXJJ7DBA5', 'LX00118'),
       (1676, 'LXJJ7DBA5', 'LX00108'),
       (1677, 'LXJJ7DBA5', 'LX00111'),
       (1678, 'LXJJ7DBA5', 'LX00112'),
       (1679, 'LXJJ7DBA5', 'LX00120'),
       (1680, 'LXJJ7DBA5', 'LX00121'),
       (1681, 'LXJJ7DBA5', 'LX00116'),
       (1682, 'LXJJ7DBA5', 'LX00113'),
       (1683, 'LXJJ7DBA5', 'LX00114'),
       (1684, 'LXJJ7DBA5', 'LX00115'),
       (1685, 'LXJJ7DBA5', 'LX00122'),
       (1686, 'LXJJ7DBA5', 'LX00124'),
       (1687, 'LXJJ7DBA5', 'LX00123'),
       (1688, 'LXJJ7DBA5', 'LX00126'),
       (1689, 'LXJJ7DBA5', 'LX00127'),
       (1690, 'LXJJ7DBA5', 'LX00128'),
       (1691, 'LXJJ7DBA5', 'LX00129'),
       (1692, 'LXJJ7DBA5', 'LX00130'),
       (1693, 'LXJJ7DBA5', 'LX00135'),
       (1694, 'LXJJ7DBA5', 'LX00136'),
       (1695, 'LXJJ7DBA5', 'LX00137'),
       (1696, 'LXJJ7DBA5', 'LX00138'),
       (1697, 'LXJJ7DBA5', 'LX00139'),
       (1698, 'LXJJ7DBA5', 'LX00140'),
       (1699, 'LXJJ7DCA5', 'LX00002'),
       (1700, 'LXJJ7DCA5', 'LX00003'),
       (1701, 'LXJJ7DCA5', 'LX00004'),
       (1702, 'LXJJ7DCA5', 'LX00005'),
       (1703, 'LXJJ7DCA5', 'LX00006'),
       (1704, 'LXJJ7DCA5', 'LX00007'),
       (1705, 'LXJJ7DCA5', 'LX00008'),
       (1706, 'LXJJ7DCA5', 'LX00009'),
       (1707, 'LXJJ7DCA5', 'LX00013'),
       (1708, 'LXJJ7DCA5', 'LX00014'),
       (1709, 'LXJJ7DCA5', 'LX00015'),
       (1710, 'LXJJ7DCA5', 'LX00016'),
       (1711, 'LXJJ7DCA5', 'LX00017'),
       (1712, 'LXJJ7DCA5', 'LX00018'),
       (1713, 'LXJJ7DCA5', 'LX00010'),
       (1714, 'LXJJ7DCA5', 'LX00011'),
       (1715, 'LXJJ7DCA5', 'LX00012'),
       (1716, 'LXJJ7DCA5', 'LX00019'),
       (1717, 'LXJJ7DCA5', 'LX00020'),
       (1718, 'LXJJ7DCA5', 'LX00021'),
       (1719, 'LXJJ7DCA5', 'LX00022'),
       (1720, 'LXJJ7DCA5', 'LX00023'),
       (1721, 'LXJJ7DCA5', 'LX00024'),
       (1722, 'LXJJ7DCA5', 'LX00025'),
       (1723, 'LXJJ7DCA5', 'LX00026'),
       (1724, 'LXJJ7DCA5', 'LX00027'),
       (1725, 'LXJJ7DCA5', 'LX00028'),
       (1726, 'LXJJ7DCA5', 'LX00029'),
       (1727, 'LXJJ7DCA5', 'LX00030'),
       (1728, 'LXJJ7DCA5', 'LX00031'),
       (1729, 'LXJJ7DCA5', 'LX00032'),
       (1730, 'LXJJ7DCA5', 'LX00033'),
       (1731, 'LXJJ7DCA5', 'LX00035'),
       (1732, 'LXJJ7DCA5', 'LX00036'),
       (1733, 'LXJJ7DCA5', 'LX00037'),
       (1734, 'LXJJ7DCA5', 'LX00038'),
       (1735, 'LXJJ7DCA5', 'LX00039'),
       (1736, 'LXJJ7DCA5', 'LX00040'),
       (1737, 'LXJJ7DCA5', 'LX00041'),
       (1738, 'LXJJ7DCA5', 'LX00042'),
       (1739, 'LXJJ7DCA5', 'LX00044'),
       (1740, 'LXJJ7DCA5', 'LX00045'),
       (1741, 'LXJJ7DCA5', 'LX00046'),
       (1742, 'LXJJ7DCA5', 'LX00047'),
       (1743, 'LXJJ7DCA5', 'LX00048'),
       (1744, 'LXJJ7DCA5', 'LX00049'),
       (1745, 'LXJJ7DCA5', 'LX00057'),
       (1746, 'LXJJ7DCA5', 'LX00051'),
       (1747, 'LXJJ7DCA5', 'LX00052'),
       (1748, 'LXJJ7DCA5', 'LX00060'),
       (1749, 'LXJJ7DCA5', 'LX00062'),
       (1750, 'LXJJ7DCA5', 'LX00063'),
       (1751, 'LXJJ7DCA5', 'LX00064'),
       (1752, 'LXJJ7DCA5', 'LX00065'),
       (1753, 'LXJJ7DCA5', 'LX00066'),
       (1754, 'LXJJ7DCA5', 'LX00067'),
       (1755, 'LXJJ7DCA5', 'LX00068'),
       (1756, 'LXJJ7DCA5', 'LX00070'),
       (1757, 'LXJJ7DCA5', 'LX00071'),
       (1758, 'LXJJ7DCA5', 'LX00072'),
       (1759, 'LXJJ7DCA5', 'LX00073'),
       (1760, 'LXJJ7DCA5', 'LX00074'),
       (1761, 'LXJJ7DCA5', 'LX00075'),
       (1762, 'LXJJ7DCA5', 'LX00076'),
       (1763, 'LXJJ7DCA5', 'LX00081'),
       (1764, 'LXJJ7DCA5', 'LX00082'),
       (1765, 'LXJJ7DCA5', 'LX00085'),
       (1766, 'LXJJ7DCA5', 'LX00083'),
       (1767, 'LXJJ7DCA5', 'LX00086'),
       (1768, 'LXJJ7DCA5', 'LX00091'),
       (1769, 'LXJJ7DCA5', 'LX00097'),
       (1770, 'LXJJ7DCA5', 'LX00092'),
       (1771, 'LXJJ7DCA5', 'LX00095'),
       (1772, 'LXJJ7DCA5', 'LX00096'),
       (1773, 'LXJJ7DCA5', 'LX00094'),
       (1774, 'LXJJ7DCA5', 'LX00098'),
       (1775, 'LXJJ7DCA5', 'LX00099'),
       (1776, 'LXJJ7DCA5', 'LX00101'),
       (1777, 'LXJJ7DCA5', 'LX00102'),
       (1778, 'LXJJ7DCA5', 'LX00103'),
       (1779, 'LXJJ7DCA5', 'LX00104'),
       (1780, 'LXJJ7DCA5', 'LX00106'),
       (1781, 'LXJJ7DCA5', 'LX00109'),
       (1782, 'LXJJ7DCA5', 'LX00110'),
       (1783, 'LXJJ7DCA5', 'LX00119'),
       (1784, 'LXJJ7DCA5', 'LX00107'),
       (1785, 'LXJJ7DCA5', 'LX00118'),
       (1786, 'LXJJ7DCA5', 'LX00108'),
       (1787, 'LXJJ7DCA5', 'LX00111'),
       (1788, 'LXJJ7DCA5', 'LX00112'),
       (1789, 'LXJJ7DCA5', 'LX00120'),
       (1790, 'LXJJ7DCA5', 'LX00121'),
       (1791, 'LXJJ7DCA5', 'LX00116'),
       (1792, 'LXJJ7DCA5', 'LX00113'),
       (1793, 'LXJJ7DCA5', 'LX00114'),
       (1794, 'LXJJ7DCA5', 'LX00115'),
       (1795, 'LXJJ7DCA5', 'LX00122'),
       (1796, 'LXJJ7DCA5', 'LX00124'),
       (1797, 'LXJJ7DCA5', 'LX00123'),
       (1798, 'LXJJ7DCA5', 'LX00126'),
       (1799, 'LXJJ7DCA5', 'LX00127'),
       (1800, 'LXJJ7DCA5', 'LX00128'),
       (1801, 'LXJJ7DCA5', 'LX00129'),
       (1802, 'LXJJ7DCA5', 'LX00130'),
       (1803, 'LXJJ7DCA5', 'LX00131'),
       (1804, 'LXJJ7DCA5', 'LX00132'),
       (1805, 'LXJJ7DCA5', 'LX00133'),
       (1806, 'LXJJ7DCA5', 'LX00135'),
       (1807, 'LXJJ7DCA5', 'LX00136'),
       (1808, 'LXJJ7DCA5', 'LX00137'),
       (1809, 'LXJJ7DCA5', 'LX00138'),
       (1810, 'LXJJ7DCA5', 'LX00140'),
       (1811, 'LXJJ7DCA5', 'LX00141'),
       (1812, 'LXJJ7DCA5', 'LX00142'),
       (1813, 'LXJJ8DSA5', 'LX00002'),
       (1814, 'LXJJ8DSA5', 'LX00003'),
       (1815, 'LXJJ8DSA5', 'LX00004'),
       (1816, 'LXJJ8DSA5', 'LX00005'),
       (1817, 'LXJJ8DSA5', 'LX00006'),
       (1818, 'LXJJ8DSA5', 'LX00007'),
       (1819, 'LXJJ8DSA5', 'LX00008'),
       (1820, 'LXJJ8DSA5', 'LX00009'),
       (1821, 'LXJJ8DSA5', 'LX00013'),
       (1822, 'LXJJ8DSA5', 'LX00014'),
       (1823, 'LXJJ8DSA5', 'LX00015'),
       (1824, 'LXJJ8DSA5', 'LX00016'),
       (1825, 'LXJJ8DSA5', 'LX00017'),
       (1826, 'LXJJ8DSA5', 'LX00018'),
       (1827, 'LXJJ8DSA5', 'LX00010'),
       (1828, 'LXJJ8DSA5', 'LX00011'),
       (1829, 'LXJJ8DSA5', 'LX00012'),
       (1830, 'LXJJ8DSA5', 'LX00019'),
       (1831, 'LXJJ8DSA5', 'LX00020'),
       (1832, 'LXJJ8DSA5', 'LX00021'),
       (1833, 'LXJJ8DSA5', 'LX00022'),
       (1834, 'LXJJ8DSA5', 'LX00029'),
       (1835, 'LXJJ8DSA5', 'LX00030'),
       (1836, 'LXJJ8DSA5', 'LX00031'),
       (1837, 'LXJJ8DSA5', 'LX00032'),
       (1838, 'LXJJ8DSA5', 'LX00033'),
       (1839, 'LXJJ8DSA5', 'LX00034'),
       (1840, 'LXJJ8DSA5', 'LX00035'),
       (1841, 'LXJJ8DSA5', 'LX00036'),
       (1842, 'LXJJ8DSA5', 'LX00037'),
       (1843, 'LXJJ8DSA5', 'LX00038'),
       (1844, 'LXJJ8DSA5', 'LX00039'),
       (1845, 'LXJJ8DSA5', 'LX00040'),
       (1846, 'LXJJ8DSA5', 'LX00041'),
       (1847, 'LXJJ8DSA5', 'LX00042'),
       (1848, 'LXJJ8DSA5', 'LX00044'),
       (1849, 'LXJJ8DSA5', 'LX00045'),
       (1850, 'LXJJ8DSA5', 'LX00046'),
       (1851, 'LXJJ8DSA5', 'LX00047'),
       (1852, 'LXJJ8DSA5', 'LX00048'),
       (1853, 'LXJJ8DSA5', 'LX00049'),
       (1854, 'LXJJ8DSA5', 'LX00056'),
       (1855, 'LXJJ8DSA5', 'LX00050'),
       (1856, 'LXJJ8DSA5', 'LX00057'),
       (1857, 'LXJJ8DSA5', 'LX00059'),
       (1858, 'LXJJ8DSA5', 'LX00060'),
       (1859, 'LXJJ8DSA5', 'LX00062'),
       (1860, 'LXJJ8DSA5', 'LX00063'),
       (1861, 'LXJJ8DSA5', 'LX00064'),
       (1862, 'LXJJ8DSA5', 'LX00065'),
       (1863, 'LXJJ8DSA5', 'LX00081'),
       (1864, 'LXJJ8DSA5', 'LX00082'),
       (1865, 'LXJJ8DSA5', 'LX00085'),
       (1866, 'LXJJ8DSA5', 'LX00084'),
       (1867, 'LXJJ8DSA5', 'LX00086'),
       (1868, 'LXJJ8DSA5', 'LX00089'),
       (1869, 'LXJJ8DSA5', 'LX00090'),
       (1870, 'LXJJ8DSA5', 'LX00091'),
       (1871, 'LXJJ8DSA5', 'LX00102'),
       (1872, 'LXJJ8DSA5', 'LX00103'),
       (1873, 'LXJJ8DSA5', 'LX00104'),
       (1874, 'LXJJ8DSA5', 'LX00106'),
       (1875, 'LXJJ8DSA5', 'LX00109'),
       (1876, 'LXJJ8DSA5', 'LX00110'),
       (1877, 'LXJJ8DSA5', 'LX00119'),
       (1878, 'LXJJ8DSA5', 'LX00107'),
       (1879, 'LXJJ8DSA5', 'LX00118'),
       (1880, 'LXJJ8DSA5', 'LX00108'),
       (1881, 'LXJJ8DSA5', 'LX00111'),
       (1882, 'LXJJ8DSA5', 'LX00112'),
       (1883, 'LXJJ8DSA5', 'LX00120'),
       (1884, 'LXJJ8DSA5', 'LX00121'),
       (1885, 'LXJJ8DSA5', 'LX00116'),
       (1886, 'LXJJ8DSA5', 'LX00113'),
       (1887, 'LXJJ8DSA5', 'LX00114'),
       (1888, 'LXJJ8DSA5', 'LX00115'),
       (1889, 'LXJJ8DSA5', 'LX00122'),
       (1890, 'LXJJ8DSA5', 'LX00124'),
       (1891, 'LXJJ8DSA5', 'LX00123'),
       (1892, 'LXJJ8DSA5', 'LX00126'),
       (1893, 'LXJJ8DSA5', 'LX00127'),
       (1894, 'LXJJ8DSA5', 'LX00135'),
       (1895, 'LXJJ8DSA5', 'LX00136'),
       (1896, 'LXJJ8DSA5', 'LX00137'),
       (1897, 'LXJJ8DSA5', 'LX00138'),
       (1898, 'LXJJ8DSA5', 'LX00139'),
       (1899, 'LXJJ8DSA5', 'LX00140'),
       (1900, 'LXJJ8DAA5', 'LX00002'),
       (1901, 'LXJJ8DAA5', 'LX00003'),
       (1902, 'LXJJ8DAA5', 'LX00004'),
       (1903, 'LXJJ8DAA5', 'LX00005'),
       (1904, 'LXJJ8DAA5', 'LX00006'),
       (1905, 'LXJJ8DAA5', 'LX00007'),
       (1906, 'LXJJ8DAA5', 'LX00008'),
       (1907, 'LXJJ8DAA5', 'LX00009'),
       (1908, 'LXJJ8DAA5', 'LX00013'),
       (1909, 'LXJJ8DAA5', 'LX00014'),
       (1910, 'LXJJ8DAA5', 'LX00015'),
       (1911, 'LXJJ8DAA5', 'LX00016'),
       (1912, 'LXJJ8DAA5', 'LX00017'),
       (1913, 'LXJJ8DAA5', 'LX00018'),
       (1914, 'LXJJ8DAA5', 'LX00010'),
       (1915, 'LXJJ8DAA5', 'LX00011'),
       (1916, 'LXJJ8DAA5', 'LX00012'),
       (1917, 'LXJJ8DAA5', 'LX00029'),
       (1918, 'LXJJ8DAA5', 'LX00030'),
       (1919, 'LXJJ8DAA5', 'LX00031'),
       (1920, 'LXJJ8DAA5', 'LX00032'),
       (1921, 'LXJJ8DAA5', 'LX00033'),
       (1922, 'LXJJ8DAA5', 'LX00034'),
       (1923, 'LXJJ8DAA5', 'LX00035'),
       (1924, 'LXJJ8DAA5', 'LX00036'),
       (1925, 'LXJJ8DAA5', 'LX00037'),
       (1926, 'LXJJ8DAA5', 'LX00038'),
       (1927, 'LXJJ8DAA5', 'LX00039'),
       (1928, 'LXJJ8DAA5', 'LX00040'),
       (1929, 'LXJJ8DAA5', 'LX00041'),
       (1930, 'LXJJ8DAA5', 'LX00042'),
       (1931, 'LXJJ8DAA5', 'LX00043'),
       (1932, 'LXJJ8DAA5', 'LX00044'),
       (1933, 'LXJJ8DAA5', 'LX00045'),
       (1934, 'LXJJ8DAA5', 'LX00046'),
       (1935, 'LXJJ8DAA5', 'LX00047'),
       (1936, 'LXJJ8DAA5', 'LX00048'),
       (1937, 'LXJJ8DAA5', 'LX00049'),
       (1938, 'LXJJ8DAA5', 'LX00056'),
       (1939, 'LXJJ8DAA5', 'LX00058'),
       (1940, 'LXJJ8DAA5', 'LX00059'),
       (1941, 'LXJJ8DAA5', 'LX00060'),
       (1942, 'LXJJ8DAA5', 'LX00062'),
       (1943, 'LXJJ8DAA5', 'LX00079'),
       (1944, 'LXJJ8DAA5', 'LX00080'),
       (1945, 'LXJJ8DAA5', 'LX00081'),
       (1946, 'LXJJ8DAA5', 'LX00082'),
       (1947, 'LXJJ8DAA5', 'LX00085'),
       (1948, 'LXJJ8DAA5', 'LX00084'),
       (1949, 'LXJJ8DAA5', 'LX00086'),
       (1950, 'LXJJ8DAA5', 'LX00102'),
       (1951, 'LXJJ8DAA5', 'LX00103'),
       (1952, 'LXJJ8DAA5', 'LX00104'),
       (1953, 'LXJJ8DAA5', 'LX00105'),
       (1954, 'LXJJ8DAA5', 'LX00106'),
       (1955, 'LXJJ8DAA5', 'LX00109'),
       (1956, 'LXJJ8DAA5', 'LX00110'),
       (1957, 'LXJJ8DAA5', 'LX00119'),
       (1958, 'LXJJ8DAA5', 'LX00107'),
       (1959, 'LXJJ8DAA5', 'LX00118'),
       (1960, 'LXJJ8DAA5', 'LX00108'),
       (1961, 'LXJJ8DAA5', 'LX00111'),
       (1962, 'LXJJ8DAA5', 'LX00112'),
       (1963, 'LXJJ8DAA5', 'LX00120'),
       (1964, 'LXJJ8DAA5', 'LX00121'),
       (1965, 'LXJJ8DAA5', 'LX00116'),
       (1966, 'LXJJ8DAA5', 'LX00113'),
       (1967, 'LXJJ8DAA5', 'LX00114'),
       (1968, 'LXJJ8DAA5', 'LX00115'),
       (1969, 'LXJJ8DAA5', 'LX00135'),
       (1970, 'LXJJ8DAA5', 'LX00136'),
       (1971, 'LXJJ8DAA5', 'LX00137'),
       (1972, 'LXJJ8DAA5', 'LX00138'),
       (1973, 'LXJJ8DAA5', 'LX00139'),
       (1974, 'LXJJ8DAA5', 'LX00140'),
       (1975, 'LXJJ8DBA5', 'LX00002'),
       (1976, 'LXJJ8DBA5', 'LX00003'),
       (1977, 'LXJJ8DBA5', 'LX00004'),
       (1978, 'LXJJ8DBA5', 'LX00005'),
       (1979, 'LXJJ8DBA5', 'LX00006'),
       (1980, 'LXJJ8DBA5', 'LX00007'),
       (1981, 'LXJJ8DBA5', 'LX00008'),
       (1982, 'LXJJ8DBA5', 'LX00009'),
       (1983, 'LXJJ8DBA5', 'LX00013'),
       (1984, 'LXJJ8DBA5', 'LX00014'),
       (1985, 'LXJJ8DBA5', 'LX00015'),
       (1986, 'LXJJ8DBA5', 'LX00016'),
       (1987, 'LXJJ8DBA5', 'LX00017'),
       (1988, 'LXJJ8DBA5', 'LX00018'),
       (1989, 'LXJJ8DBA5', 'LX00010'),
       (1990, 'LXJJ8DBA5', 'LX00011'),
       (1991, 'LXJJ8DBA5', 'LX00012'),
       (1992, 'LXJJ8DBA5', 'LX00019'),
       (1993, 'LXJJ8DBA5', 'LX00020'),
       (1994, 'LXJJ8DBA5', 'LX00021'),
       (1995, 'LXJJ8DBA5', 'LX00022'),
       (1996, 'LXJJ8DBA5', 'LX00029'),
       (1997, 'LXJJ8DBA5', 'LX00030'),
       (1998, 'LXJJ8DBA5', 'LX00031'),
       (1999, 'LXJJ8DBA5', 'LX00032'),
       (2000, 'LXJJ8DBA5', 'LX00033'),
       (2001, 'LXJJ8DBA5', 'LX00034'),
       (2002, 'LXJJ8DBA5', 'LX00035'),
       (2003, 'LXJJ8DBA5', 'LX00036'),
       (2004, 'LXJJ8DBA5', 'LX00037'),
       (2005, 'LXJJ8DBA5', 'LX00038'),
       (2006, 'LXJJ8DBA5', 'LX00039'),
       (2007, 'LXJJ8DBA5', 'LX00040'),
       (2008, 'LXJJ8DBA5', 'LX00041'),
       (2009, 'LXJJ8DBA5', 'LX00042'),
       (2010, 'LXJJ8DBA5', 'LX00044'),
       (2011, 'LXJJ8DBA5', 'LX00045'),
       (2012, 'LXJJ8DBA5', 'LX00046'),
       (2013, 'LXJJ8DBA5', 'LX00047'),
       (2014, 'LXJJ8DBA5', 'LX00048'),
       (2015, 'LXJJ8DBA5', 'LX00049'),
       (2016, 'LXJJ8DBA5', 'LX00056'),
       (2017, 'LXJJ8DBA5', 'LX00050'),
       (2018, 'LXJJ8DBA5', 'LX00057'),
       (2019, 'LXJJ8DBA5', 'LX00051'),
       (2020, 'LXJJ8DBA5', 'LX00059'),
       (2021, 'LXJJ8DBA5', 'LX00060'),
       (2022, 'LXJJ8DBA5', 'LX00062'),
       (2023, 'LXJJ8DBA5', 'LX00063'),
       (2024, 'LXJJ8DBA5', 'LX00064'),
       (2025, 'LXJJ8DBA5', 'LX00065'),
       (2026, 'LXJJ8DBA5', 'LX00066'),
       (2027, 'LXJJ8DBA5', 'LX00067'),
       (2028, 'LXJJ8DBA5', 'LX00081'),
       (2029, 'LXJJ8DBA5', 'LX00082'),
       (2030, 'LXJJ8DBA5', 'LX00085'),
       (2031, 'LXJJ8DBA5', 'LX00084'),
       (2032, 'LXJJ8DBA5', 'LX00086'),
       (2033, 'LXJJ8DBA5', 'LX00091'),
       (2034, 'LXJJ8DBA5', 'LX00093'),
       (2035, 'LXJJ8DBA5', 'LX00097'),
       (2036, 'LXJJ8DBA5', 'LX00092'),
       (2037, 'LXJJ8DBA5', 'LX00095'),
       (2038, 'LXJJ8DBA5', 'LX00096'),
       (2039, 'LXJJ8DBA5', 'LX00102'),
       (2040, 'LXJJ8DBA5', 'LX00103'),
       (2041, 'LXJJ8DBA5', 'LX00104'),
       (2042, 'LXJJ8DBA5', 'LX00106'),
       (2043, 'LXJJ8DBA5', 'LX00109'),
       (2044, 'LXJJ8DBA5', 'LX00110'),
       (2045, 'LXJJ8DBA5', 'LX00119'),
       (2046, 'LXJJ8DBA5', 'LX00107'),
       (2047, 'LXJJ8DBA5', 'LX00118'),
       (2048, 'LXJJ8DBA5', 'LX00108'),
       (2049, 'LXJJ8DBA5', 'LX00111'),
       (2050, 'LXJJ8DBA5', 'LX00112'),
       (2051, 'LXJJ8DBA5', 'LX00120'),
       (2052, 'LXJJ8DBA5', 'LX00121'),
       (2053, 'LXJJ8DBA5', 'LX00116'),
       (2054, 'LXJJ8DBA5', 'LX00113'),
       (2055, 'LXJJ8DBA5', 'LX00114'),
       (2056, 'LXJJ8DBA5', 'LX00115'),
       (2057, 'LXJJ8DBA5', 'LX00122'),
       (2058, 'LXJJ8DBA5', 'LX00124'),
       (2059, 'LXJJ8DBA5', 'LX00123'),
       (2060, 'LXJJ8DBA5', 'LX00126'),
       (2061, 'LXJJ8DBA5', 'LX00127'),
       (2062, 'LXJJ8DBA5', 'LX00128'),
       (2063, 'LXJJ8DBA5', 'LX00129'),
       (2064, 'LXJJ8DBA5', 'LX00130'),
       (2065, 'LXJJ8DBA5', 'LX00135'),
       (2066, 'LXJJ8DBA5', 'LX00136'),
       (2067, 'LXJJ8DBA5', 'LX00137'),
       (2068, 'LXJJ8DBA5', 'LX00138'),
       (2069, 'LXJJ8DBA5', 'LX00139'),
       (2070, 'LXJJ8DBA5', 'LX00140'),
       (2071, 'LXJJ8DCA5', 'LX00002'),
       (2072, 'LXJJ8DCA5', 'LX00003'),
       (2073, 'LXJJ8DCA5', 'LX00004'),
       (2074, 'LXJJ8DCA5', 'LX00005'),
       (2075, 'LXJJ8DCA5', 'LX00006'),
       (2076, 'LXJJ8DCA5', 'LX00007'),
       (2077, 'LXJJ8DCA5', 'LX00008'),
       (2078, 'LXJJ8DCA5', 'LX00009'),
       (2079, 'LXJJ8DCA5', 'LX00013'),
       (2080, 'LXJJ8DCA5', 'LX00014'),
       (2081, 'LXJJ8DCA5', 'LX00015'),
       (2082, 'LXJJ8DCA5', 'LX00016'),
       (2083, 'LXJJ8DCA5', 'LX00017'),
       (2084, 'LXJJ8DCA5', 'LX00018'),
       (2085, 'LXJJ8DCA5', 'LX00010'),
       (2086, 'LXJJ8DCA5', 'LX00011'),
       (2087, 'LXJJ8DCA5', 'LX00012'),
       (2088, 'LXJJ8DCA5', 'LX00019'),
       (2089, 'LXJJ8DCA5', 'LX00020'),
       (2090, 'LXJJ8DCA5', 'LX00021'),
       (2091, 'LXJJ8DCA5', 'LX00022'),
       (2092, 'LXJJ8DCA5', 'LX00023'),
       (2093, 'LXJJ8DCA5', 'LX00024'),
       (2094, 'LXJJ8DCA5', 'LX00025'),
       (2095, 'LXJJ8DCA5', 'LX00026'),
       (2096, 'LXJJ8DCA5', 'LX00027'),
       (2097, 'LXJJ8DCA5', 'LX00028'),
       (2098, 'LXJJ8DCA5', 'LX00029'),
       (2099, 'LXJJ8DCA5', 'LX00030'),
       (2100, 'LXJJ8DCA5', 'LX00031'),
       (2101, 'LXJJ8DCA5', 'LX00032'),
       (2102, 'LXJJ8DCA5', 'LX00033'),
       (2103, 'LXJJ8DCA5', 'LX00035'),
       (2104, 'LXJJ8DCA5', 'LX00036'),
       (2105, 'LXJJ8DCA5', 'LX00037'),
       (2106, 'LXJJ8DCA5', 'LX00038'),
       (2107, 'LXJJ8DCA5', 'LX00039'),
       (2108, 'LXJJ8DCA5', 'LX00040'),
       (2109, 'LXJJ8DCA5', 'LX00041'),
       (2110, 'LXJJ8DCA5', 'LX00042'),
       (2111, 'LXJJ8DCA5', 'LX00044'),
       (2112, 'LXJJ8DCA5', 'LX00045'),
       (2113, 'LXJJ8DCA5', 'LX00046'),
       (2114, 'LXJJ8DCA5', 'LX00047'),
       (2115, 'LXJJ8DCA5', 'LX00048'),
       (2116, 'LXJJ8DCA5', 'LX00049'),
       (2117, 'LXJJ8DCA5', 'LX00057'),
       (2118, 'LXJJ8DCA5', 'LX00051'),
       (2119, 'LXJJ8DCA5', 'LX00052'),
       (2120, 'LXJJ8DCA5', 'LX00060'),
       (2121, 'LXJJ8DCA5', 'LX00062'),
       (2122, 'LXJJ8DCA5', 'LX00063'),
       (2123, 'LXJJ8DCA5', 'LX00064'),
       (2124, 'LXJJ8DCA5', 'LX00065'),
       (2125, 'LXJJ8DCA5', 'LX00066'),
       (2126, 'LXJJ8DCA5', 'LX00067'),
       (2127, 'LXJJ8DCA5', 'LX00068'),
       (2128, 'LXJJ8DCA5', 'LX00070'),
       (2129, 'LXJJ8DCA5', 'LX00071'),
       (2130, 'LXJJ8DCA5', 'LX00072'),
       (2131, 'LXJJ8DCA5', 'LX00073'),
       (2132, 'LXJJ8DCA5', 'LX00074'),
       (2133, 'LXJJ8DCA5', 'LX00075'),
       (2134, 'LXJJ8DCA5', 'LX00076'),
       (2135, 'LXJJ8DCA5', 'LX00081'),
       (2136, 'LXJJ8DCA5', 'LX00082'),
       (2137, 'LXJJ8DCA5', 'LX00085'),
       (2138, 'LXJJ8DCA5', 'LX00084'),
       (2139, 'LXJJ8DCA5', 'LX00086'),
       (2140, 'LXJJ8DCA5', 'LX00091'),
       (2141, 'LXJJ8DCA5', 'LX00097'),
       (2142, 'LXJJ8DCA5', 'LX00092'),
       (2143, 'LXJJ8DCA5', 'LX00095'),
       (2144, 'LXJJ8DCA5', 'LX00096'),
       (2145, 'LXJJ8DCA5', 'LX00094'),
       (2146, 'LXJJ8DCA5', 'LX00098'),
       (2147, 'LXJJ8DCA5', 'LX00099'),
       (2148, 'LXJJ8DCA5', 'LX00101'),
       (2149, 'LXJJ8DCA5', 'LX00102'),
       (2150, 'LXJJ8DCA5', 'LX00103'),
       (2151, 'LXJJ8DCA5', 'LX00104'),
       (2152, 'LXJJ8DCA5', 'LX00106'),
       (2153, 'LXJJ8DCA5', 'LX00109'),
       (2154, 'LXJJ8DCA5', 'LX00110'),
       (2155, 'LXJJ8DCA5', 'LX00119'),
       (2156, 'LXJJ8DCA5', 'LX00107'),
       (2157, 'LXJJ8DCA5', 'LX00118'),
       (2158, 'LXJJ8DCA5', 'LX00108'),
       (2159, 'LXJJ8DCA5', 'LX00111'),
       (2160, 'LXJJ8DCA5', 'LX00112'),
       (2161, 'LXJJ8DCA5', 'LX00120'),
       (2162, 'LXJJ8DCA5', 'LX00121'),
       (2163, 'LXJJ8DCA5', 'LX00116'),
       (2164, 'LXJJ8DCA5', 'LX00113'),
       (2165, 'LXJJ8DCA5', 'LX00114'),
       (2166, 'LXJJ8DCA5', 'LX00115'),
       (2167, 'LXJJ8DCA5', 'LX00122'),
       (2168, 'LXJJ8DCA5', 'LX00124'),
       (2169, 'LXJJ8DCA5', 'LX00123'),
       (2170, 'LXJJ8DCA5', 'LX00126'),
       (2171, 'LXJJ8DCA5', 'LX00127'),
       (2172, 'LXJJ8DCA5', 'LX00128'),
       (2173, 'LXJJ8DCA5', 'LX00129'),
       (2174, 'LXJJ8DCA5', 'LX00130'),
       (2175, 'LXJJ8DCA5', 'LX00131'),
       (2176, 'LXJJ8DCA5', 'LX00132'),
       (2177, 'LXJJ8DCA5', 'LX00133'),
       (2178, 'LXJJ8DCA5', 'LX00135'),
       (2179, 'LXJJ8DCA5', 'LX00136'),
       (2180, 'LXJJ8DCA5', 'LX00137'),
       (2181, 'LXJJ8DCA5', 'LX00138'),
       (2182, 'LXJJ8DCA5', 'LX00140'),
       (2183, 'LXJJ8DCA5', 'LX00141'),
       (2184, 'LXJJ8DCA5', 'LX00142'),
       (2185, 'LXJJ8MSA5', 'LX00001'),
       (2186, 'LXJJ8MSA5', 'LX00003'),
       (2187, 'LXJJ8MSA5', 'LX00004'),
       (2188, 'LXJJ8MSA5', 'LX00005'),
       (2189, 'LXJJ8MSA5', 'LX00006'),
       (2190, 'LXJJ8MSA5', 'LX00007'),
       (2191, 'LXJJ8MSA5', 'LX00008'),
       (2192, 'LXJJ8MSA5', 'LX00009'),
       (2193, 'LXJJ8MSA5', 'LX00013'),
       (2194, 'LXJJ8MSA5', 'LX00014'),
       (2195, 'LXJJ8MSA5', 'LX00015'),
       (2196, 'LXJJ8MSA5', 'LX00016'),
       (2197, 'LXJJ8MSA5', 'LX00017'),
       (2198, 'LXJJ8MSA5', 'LX00018'),
       (2199, 'LXJJ8MSA5', 'LX00010'),
       (2200, 'LXJJ8MSA5', 'LX00011'),
       (2201, 'LXJJ8MSA5', 'LX00012'),
       (2202, 'LXJJ8MSA5', 'LX00019'),
       (2203, 'LXJJ8MSA5', 'LX00020'),
       (2204, 'LXJJ8MSA5', 'LX00021'),
       (2205, 'LXJJ8MSA5', 'LX00022'),
       (2206, 'LXJJ8MSA5', 'LX00029'),
       (2207, 'LXJJ8MSA5', 'LX00030'),
       (2208, 'LXJJ8MSA5', 'LX00031'),
       (2209, 'LXJJ8MSA5', 'LX00032'),
       (2210, 'LXJJ8MSA5', 'LX00033'),
       (2211, 'LXJJ8MSA5', 'LX00034'),
       (2212, 'LXJJ8MSA5', 'LX00035'),
       (2213, 'LXJJ8MSA5', 'LX00036'),
       (2214, 'LXJJ8MSA5', 'LX00037'),
       (2215, 'LXJJ8MSA5', 'LX00038'),
       (2216, 'LXJJ8MSA5', 'LX00039'),
       (2217, 'LXJJ8MSA5', 'LX00040'),
       (2218, 'LXJJ8MSA5', 'LX00041'),
       (2219, 'LXJJ8MSA5', 'LX00042'),
       (2220, 'LXJJ8MSA5', 'LX00044'),
       (2221, 'LXJJ8MSA5', 'LX00045'),
       (2222, 'LXJJ8MSA5', 'LX00046'),
       (2223, 'LXJJ8MSA5', 'LX00047'),
       (2224, 'LXJJ8MSA5', 'LX00048'),
       (2225, 'LXJJ8MSA5', 'LX00049'),
       (2226, 'LXJJ8MSA5', 'LX00056'),
       (2227, 'LXJJ8MSA5', 'LX00050'),
       (2228, 'LXJJ8MSA5', 'LX00057'),
       (2229, 'LXJJ8MSA5', 'LX00059'),
       (2230, 'LXJJ8MSA5', 'LX00060'),
       (2231, 'LXJJ8MSA5', 'LX00062'),
       (2232, 'LXJJ8MSA5', 'LX00063'),
       (2233, 'LXJJ8MSA5', 'LX00064'),
       (2234, 'LXJJ8MSA5', 'LX00065'),
       (2235, 'LXJJ8MSA5', 'LX00081'),
       (2236, 'LXJJ8MSA5', 'LX00082'),
       (2237, 'LXJJ8MSA5', 'LX00085'),
       (2238, 'LXJJ8MSA5', 'LX00084'),
       (2239, 'LXJJ8MSA5', 'LX00086'),
       (2240, 'LXJJ8MSA5', 'LX00089'),
       (2241, 'LXJJ8MSA5', 'LX00090'),
       (2242, 'LXJJ8MSA5', 'LX00091'),
       (2243, 'LXJJ8MSA5', 'LX00102'),
       (2244, 'LXJJ8MSA5', 'LX00103'),
       (2245, 'LXJJ8MSA5', 'LX00104'),
       (2246, 'LXJJ8MSA5', 'LX00106'),
       (2247, 'LXJJ8MSA5', 'LX00109'),
       (2248, 'LXJJ8MSA5', 'LX00110'),
       (2249, 'LXJJ8MSA5', 'LX00119'),
       (2250, 'LXJJ8MSA5', 'LX00107'),
       (2251, 'LXJJ8MSA5', 'LX00118'),
       (2252, 'LXJJ8MSA5', 'LX00108'),
       (2253, 'LXJJ8MSA5', 'LX00111'),
       (2254, 'LXJJ8MSA5', 'LX00112'),
       (2255, 'LXJJ8MSA5', 'LX00120'),
       (2256, 'LXJJ8MSA5', 'LX00121'),
       (2257, 'LXJJ8MSA5', 'LX00116'),
       (2258, 'LXJJ8MSA5', 'LX00113'),
       (2259, 'LXJJ8MSA5', 'LX00114'),
       (2260, 'LXJJ8MSA5', 'LX00115'),
       (2261, 'LXJJ8MSA5', 'LX00122'),
       (2262, 'LXJJ8MSA5', 'LX00124'),
       (2263, 'LXJJ8MSA5', 'LX00123'),
       (2264, 'LXJJ8MSA5', 'LX00126'),
       (2265, 'LXJJ8MSA5', 'LX00127'),
       (2266, 'LXJJ8MSA5', 'LX00135'),
       (2267, 'LXJJ8MSA5', 'LX00136'),
       (2268, 'LXJJ8MSA5', 'LX00137'),
       (2269, 'LXJJ8MSA5', 'LX00138'),
       (2270, 'LXJJ8MSA5', 'LX00139'),
       (2271, 'LXJJ8MSA5', 'LX00140'),
       (2272, 'LXJJ8MAA5', 'LX00001'),
       (2273, 'LXJJ8MAA5', 'LX00003'),
       (2274, 'LXJJ8MAA5', 'LX00004'),
       (2275, 'LXJJ8MAA5', 'LX00005'),
       (2276, 'LXJJ8MAA5', 'LX00006'),
       (2277, 'LXJJ8MAA5', 'LX00007'),
       (2278, 'LXJJ8MAA5', 'LX00008'),
       (2279, 'LXJJ8MAA5', 'LX00009'),
       (2280, 'LXJJ8MAA5', 'LX00013'),
       (2281, 'LXJJ8MAA5', 'LX00014'),
       (2282, 'LXJJ8MAA5', 'LX00015'),
       (2283, 'LXJJ8MAA5', 'LX00016'),
       (2284, 'LXJJ8MAA5', 'LX00017'),
       (2285, 'LXJJ8MAA5', 'LX00018'),
       (2286, 'LXJJ8MAA5', 'LX00010'),
       (2287, 'LXJJ8MAA5', 'LX00011'),
       (2288, 'LXJJ8MAA5', 'LX00012'),
       (2289, 'LXJJ8MAA5', 'LX00029'),
       (2290, 'LXJJ8MAA5', 'LX00030'),
       (2291, 'LXJJ8MAA5', 'LX00031'),
       (2292, 'LXJJ8MAA5', 'LX00032'),
       (2293, 'LXJJ8MAA5', 'LX00033'),
       (2294, 'LXJJ8MAA5', 'LX00034'),
       (2295, 'LXJJ8MAA5', 'LX00035'),
       (2296, 'LXJJ8MAA5', 'LX00036'),
       (2297, 'LXJJ8MAA5', 'LX00037'),
       (2298, 'LXJJ8MAA5', 'LX00038'),
       (2299, 'LXJJ8MAA5', 'LX00039'),
       (2300, 'LXJJ8MAA5', 'LX00040'),
       (2301, 'LXJJ8MAA5', 'LX00041'),
       (2302, 'LXJJ8MAA5', 'LX00042'),
       (2303, 'LXJJ8MAA5', 'LX00043'),
       (2304, 'LXJJ8MAA5', 'LX00044'),
       (2305, 'LXJJ8MAA5', 'LX00045'),
       (2306, 'LXJJ8MAA5', 'LX00046'),
       (2307, 'LXJJ8MAA5', 'LX00047'),
       (2308, 'LXJJ8MAA5', 'LX00048'),
       (2309, 'LXJJ8MAA5', 'LX00049'),
       (2310, 'LXJJ8MAA5', 'LX00056'),
       (2311, 'LXJJ8MAA5', 'LX00058'),
       (2312, 'LXJJ8MAA5', 'LX00059'),
       (2313, 'LXJJ8MAA5', 'LX00060'),
       (2314, 'LXJJ8MAA5', 'LX00062'),
       (2315, 'LXJJ8MAA5', 'LX00079'),
       (2316, 'LXJJ8MAA5', 'LX00080'),
       (2317, 'LXJJ8MAA5', 'LX00081'),
       (2318, 'LXJJ8MAA5', 'LX00082'),
       (2319, 'LXJJ8MAA5', 'LX00085'),
       (2320, 'LXJJ8MAA5', 'LX00084'),
       (2321, 'LXJJ8MAA5', 'LX00086'),
       (2322, 'LXJJ8MAA5', 'LX00102'),
       (2323, 'LXJJ8MAA5', 'LX00103'),
       (2324, 'LXJJ8MAA5', 'LX00104'),
       (2325, 'LXJJ8MAA5', 'LX00105'),
       (2326, 'LXJJ8MAA5', 'LX00106'),
       (2327, 'LXJJ8MAA5', 'LX00109'),
       (2328, 'LXJJ8MAA5', 'LX00110'),
       (2329, 'LXJJ8MAA5', 'LX00119'),
       (2330, 'LXJJ8MAA5', 'LX00107'),
       (2331, 'LXJJ8MAA5', 'LX00118'),
       (2332, 'LXJJ8MAA5', 'LX00108'),
       (2333, 'LXJJ8MAA5', 'LX00111'),
       (2334, 'LXJJ8MAA5', 'LX00112'),
       (2335, 'LXJJ8MAA5', 'LX00120'),
       (2336, 'LXJJ8MAA5', 'LX00121'),
       (2337, 'LXJJ8MAA5', 'LX00116'),
       (2338, 'LXJJ8MAA5', 'LX00113'),
       (2339, 'LXJJ8MAA5', 'LX00114'),
       (2340, 'LXJJ8MAA5', 'LX00115'),
       (2341, 'LXJJ8MAA5', 'LX00135'),
       (2342, 'LXJJ8MAA5', 'LX00136'),
       (2343, 'LXJJ8MAA5', 'LX00137'),
       (2344, 'LXJJ8MAA5', 'LX00138'),
       (2345, 'LXJJ8MAA5', 'LX00139'),
       (2346, 'LXJJ8MAA5', 'LX00140'),
       (2347, 'LXJJ8MBA5', 'LX00001'),
       (2348, 'LXJJ8MBA5', 'LX00003'),
       (2349, 'LXJJ8MBA5', 'LX00004'),
       (2350, 'LXJJ8MBA5', 'LX00005'),
       (2351, 'LXJJ8MBA5', 'LX00006'),
       (2352, 'LXJJ8MBA5', 'LX00007'),
       (2353, 'LXJJ8MBA5', 'LX00008'),
       (2354, 'LXJJ8MBA5', 'LX00009'),
       (2355, 'LXJJ8MBA5', 'LX00013'),
       (2356, 'LXJJ8MBA5', 'LX00014'),
       (2357, 'LXJJ8MBA5', 'LX00015'),
       (2358, 'LXJJ8MBA5', 'LX00016'),
       (2359, 'LXJJ8MBA5', 'LX00017'),
       (2360, 'LXJJ8MBA5', 'LX00018'),
       (2361, 'LXJJ8MBA5', 'LX00010'),
       (2362, 'LXJJ8MBA5', 'LX00011'),
       (2363, 'LXJJ8MBA5', 'LX00012'),
       (2364, 'LXJJ8MBA5', 'LX00019'),
       (2365, 'LXJJ8MBA5', 'LX00020'),
       (2366, 'LXJJ8MBA5', 'LX00021'),
       (2367, 'LXJJ8MBA5', 'LX00022'),
       (2368, 'LXJJ8MBA5', 'LX00029'),
       (2369, 'LXJJ8MBA5', 'LX00030'),
       (2370, 'LXJJ8MBA5', 'LX00031'),
       (2371, 'LXJJ8MBA5', 'LX00032'),
       (2372, 'LXJJ8MBA5', 'LX00033'),
       (2373, 'LXJJ8MBA5', 'LX00034'),
       (2374, 'LXJJ8MBA5', 'LX00035'),
       (2375, 'LXJJ8MBA5', 'LX00036'),
       (2376, 'LXJJ8MBA5', 'LX00037'),
       (2377, 'LXJJ8MBA5', 'LX00038'),
       (2378, 'LXJJ8MBA5', 'LX00039'),
       (2379, 'LXJJ8MBA5', 'LX00040'),
       (2380, 'LXJJ8MBA5', 'LX00041'),
       (2381, 'LXJJ8MBA5', 'LX00042'),
       (2382, 'LXJJ8MBA5', 'LX00044'),
       (2383, 'LXJJ8MBA5', 'LX00045'),
       (2384, 'LXJJ8MBA5', 'LX00046'),
       (2385, 'LXJJ8MBA5', 'LX00047'),
       (2386, 'LXJJ8MBA5', 'LX00048'),
       (2387, 'LXJJ8MBA5', 'LX00049'),
       (2388, 'LXJJ8MBA5', 'LX00056'),
       (2389, 'LXJJ8MBA5', 'LX00050'),
       (2390, 'LXJJ8MBA5', 'LX00057'),
       (2391, 'LXJJ8MBA5', 'LX00051'),
       (2392, 'LXJJ8MBA5', 'LX00059'),
       (2393, 'LXJJ8MBA5', 'LX00060'),
       (2394, 'LXJJ8MBA5', 'LX00062'),
       (2395, 'LXJJ8MBA5', 'LX00063'),
       (2396, 'LXJJ8MBA5', 'LX00064'),
       (2397, 'LXJJ8MBA5', 'LX00065'),
       (2398, 'LXJJ8MBA5', 'LX00066'),
       (2399, 'LXJJ8MBA5', 'LX00067'),
       (2400, 'LXJJ8MBA5', 'LX00081'),
       (2401, 'LXJJ8MBA5', 'LX00082'),
       (2402, 'LXJJ8MBA5', 'LX00085'),
       (2403, 'LXJJ8MBA5', 'LX00084'),
       (2404, 'LXJJ8MBA5', 'LX00086'),
       (2405, 'LXJJ8MBA5', 'LX00091'),
       (2406, 'LXJJ8MBA5', 'LX00093'),
       (2407, 'LXJJ8MBA5', 'LX00097'),
       (2408, 'LXJJ8MBA5', 'LX00092'),
       (2409, 'LXJJ8MBA5', 'LX00095'),
       (2410, 'LXJJ8MBA5', 'LX00096'),
       (2411, 'LXJJ8MBA5', 'LX00102'),
       (2412, 'LXJJ8MBA5', 'LX00103'),
       (2413, 'LXJJ8MBA5', 'LX00104'),
       (2414, 'LXJJ8MBA5', 'LX00106'),
       (2415, 'LXJJ8MBA5', 'LX00109'),
       (2416, 'LXJJ8MBA5', 'LX00110'),
       (2417, 'LXJJ8MBA5', 'LX00119'),
       (2418, 'LXJJ8MBA5', 'LX00107'),
       (2419, 'LXJJ8MBA5', 'LX00118'),
       (2420, 'LXJJ8MBA5', 'LX00108'),
       (2421, 'LXJJ8MBA5', 'LX00111'),
       (2422, 'LXJJ8MBA5', 'LX00112'),
       (2423, 'LXJJ8MBA5', 'LX00120'),
       (2424, 'LXJJ8MBA5', 'LX00121'),
       (2425, 'LXJJ8MBA5', 'LX00116'),
       (2426, 'LXJJ8MBA5', 'LX00113'),
       (2427, 'LXJJ8MBA5', 'LX00114'),
       (2428, 'LXJJ8MBA5', 'LX00115'),
       (2429, 'LXJJ8MBA5', 'LX00122'),
       (2430, 'LXJJ8MBA5', 'LX00124'),
       (2431, 'LXJJ8MBA5', 'LX00123'),
       (2432, 'LXJJ8MBA5', 'LX00126'),
       (2433, 'LXJJ8MBA5', 'LX00127'),
       (2434, 'LXJJ8MBA5', 'LX00128'),
       (2435, 'LXJJ8MBA5', 'LX00129'),
       (2436, 'LXJJ8MBA5', 'LX00130'),
       (2437, 'LXJJ8MBA5', 'LX00135'),
       (2438, 'LXJJ8MBA5', 'LX00136'),
       (2439, 'LXJJ8MBA5', 'LX00137'),
       (2440, 'LXJJ8MBA5', 'LX00138'),
       (2441, 'LXJJ8MBA5', 'LX00139'),
       (2442, 'LXJJ8MBA5', 'LX00140'),
       (2443, 'LXJJ8MCA5', 'LX00001'),
       (2444, 'LXJJ8MCA5', 'LX00003'),
       (2445, 'LXJJ8MCA5', 'LX00004'),
       (2446, 'LXJJ8MCA5', 'LX00005'),
       (2447, 'LXJJ8MCA5', 'LX00006'),
       (2448, 'LXJJ8MCA5', 'LX00007'),
       (2449, 'LXJJ8MCA5', 'LX00008'),
       (2450, 'LXJJ8MCA5', 'LX00009'),
       (2451, 'LXJJ8MCA5', 'LX00013'),
       (2452, 'LXJJ8MCA5', 'LX00014'),
       (2453, 'LXJJ8MCA5', 'LX00015'),
       (2454, 'LXJJ8MCA5', 'LX00016'),
       (2455, 'LXJJ8MCA5', 'LX00017'),
       (2456, 'LXJJ8MCA5', 'LX00018'),
       (2457, 'LXJJ8MCA5', 'LX00010'),
       (2458, 'LXJJ8MCA5', 'LX00011'),
       (2459, 'LXJJ8MCA5', 'LX00012'),
       (2460, 'LXJJ8MCA5', 'LX00019'),
       (2461, 'LXJJ8MCA5', 'LX00020'),
       (2462, 'LXJJ8MCA5', 'LX00021'),
       (2463, 'LXJJ8MCA5', 'LX00022'),
       (2464, 'LXJJ8MCA5', 'LX00023'),
       (2465, 'LXJJ8MCA5', 'LX00024'),
       (2466, 'LXJJ8MCA5', 'LX00025'),
       (2467, 'LXJJ8MCA5', 'LX00026'),
       (2468, 'LXJJ8MCA5', 'LX00027'),
       (2469, 'LXJJ8MCA5', 'LX00028'),
       (2470, 'LXJJ8MCA5', 'LX00029'),
       (2471, 'LXJJ8MCA5', 'LX00030'),
       (2472, 'LXJJ8MCA5', 'LX00031'),
       (2473, 'LXJJ8MCA5', 'LX00032'),
       (2474, 'LXJJ8MCA5', 'LX00033'),
       (2475, 'LXJJ8MCA5', 'LX00035'),
       (2476, 'LXJJ8MCA5', 'LX00036'),
       (2477, 'LXJJ8MCA5', 'LX00037'),
       (2478, 'LXJJ8MCA5', 'LX00038'),
       (2479, 'LXJJ8MCA5', 'LX00039'),
       (2480, 'LXJJ8MCA5', 'LX00040'),
       (2481, 'LXJJ8MCA5', 'LX00041'),
       (2482, 'LXJJ8MCA5', 'LX00042'),
       (2483, 'LXJJ8MCA5', 'LX00044'),
       (2484, 'LXJJ8MCA5', 'LX00045'),
       (2485, 'LXJJ8MCA5', 'LX00046'),
       (2486, 'LXJJ8MCA5', 'LX00047'),
       (2487, 'LXJJ8MCA5', 'LX00048'),
       (2488, 'LXJJ8MCA5', 'LX00049'),
       (2489, 'LXJJ8MCA5', 'LX00057'),
       (2490, 'LXJJ8MCA5', 'LX00051'),
       (2491, 'LXJJ8MCA5', 'LX00052'),
       (2492, 'LXJJ8MCA5', 'LX00060'),
       (2493, 'LXJJ8MCA5', 'LX00062'),
       (2494, 'LXJJ8MCA5', 'LX00063'),
       (2495, 'LXJJ8MCA5', 'LX00064'),
       (2496, 'LXJJ8MCA5', 'LX00065'),
       (2497, 'LXJJ8MCA5', 'LX00066'),
       (2498, 'LXJJ8MCA5', 'LX00067'),
       (2499, 'LXJJ8MCA5', 'LX00068'),
       (2500, 'LXJJ8MCA5', 'LX00070'),
       (2501, 'LXJJ8MCA5', 'LX00071'),
       (2502, 'LXJJ8MCA5', 'LX00072'),
       (2503, 'LXJJ8MCA5', 'LX00073'),
       (2504, 'LXJJ8MCA5', 'LX00074'),
       (2505, 'LXJJ8MCA5', 'LX00075'),
       (2506, 'LXJJ8MCA5', 'LX00076'),
       (2507, 'LXJJ8MCA5', 'LX00081'),
       (2508, 'LXJJ8MCA5', 'LX00082'),
       (2509, 'LXJJ8MCA5', 'LX00085'),
       (2510, 'LXJJ8MCA5', 'LX00084'),
       (2511, 'LXJJ8MCA5', 'LX00086'),
       (2512, 'LXJJ8MCA5', 'LX00091'),
       (2513, 'LXJJ8MCA5', 'LX00097'),
       (2514, 'LXJJ8MCA5', 'LX00092'),
       (2515, 'LXJJ8MCA5', 'LX00095'),
       (2516, 'LXJJ8MCA5', 'LX00096'),
       (2517, 'LXJJ8MCA5', 'LX00094'),
       (2518, 'LXJJ8MCA5', 'LX00098'),
       (2519, 'LXJJ8MCA5', 'LX00099'),
       (2520, 'LXJJ8MCA5', 'LX00101'),
       (2521, 'LXJJ8MCA5', 'LX00102'),
       (2522, 'LXJJ8MCA5', 'LX00103'),
       (2523, 'LXJJ8MCA5', 'LX00104'),
       (2524, 'LXJJ8MCA5', 'LX00106'),
       (2525, 'LXJJ8MCA5', 'LX00109'),
       (2526, 'LXJJ8MCA5', 'LX00110'),
       (2527, 'LXJJ8MCA5', 'LX00119'),
       (2528, 'LXJJ8MCA5', 'LX00107'),
       (2529, 'LXJJ8MCA5', 'LX00118'),
       (2530, 'LXJJ8MCA5', 'LX00108'),
       (2531, 'LXJJ8MCA5', 'LX00111'),
       (2532, 'LXJJ8MCA5', 'LX00112'),
       (2533, 'LXJJ8MCA5', 'LX00120'),
       (2534, 'LXJJ8MCA5', 'LX00121'),
       (2535, 'LXJJ8MCA5', 'LX00116'),
       (2536, 'LXJJ8MCA5', 'LX00113'),
       (2537, 'LXJJ8MCA5', 'LX00114'),
       (2538, 'LXJJ8MCA5', 'LX00115'),
       (2539, 'LXJJ8MCA5', 'LX00122'),
       (2540, 'LXJJ8MCA5', 'LX00124'),
       (2541, 'LXJJ8MCA5', 'LX00123'),
       (2542, 'LXJJ8MCA5', 'LX00126'),
       (2543, 'LXJJ8MCA5', 'LX00127'),
       (2544, 'LXJJ8MCA5', 'LX00128'),
       (2545, 'LXJJ8MCA5', 'LX00129'),
       (2546, 'LXJJ8MCA5', 'LX00130'),
       (2547, 'LXJJ8MCA5', 'LX00131'),
       (2548, 'LXJJ8MCA5', 'LX00132'),
       (2549, 'LXJJ8MCA5', 'LX00133'),
       (2550, 'LXJJ8MCA5', 'LX00135'),
       (2551, 'LXJJ8MCA5', 'LX00136'),
       (2552, 'LXJJ8MCA5', 'LX00137'),
       (2553, 'LXJJ8MCA5', 'LX00138'),
       (2554, 'LXJJ8MCA5', 'LX00140'),
       (2555, 'LXJJ8MCA5', 'LX00141'),
       (2556, 'LXJJ8MCA5', 'LX00142'),
       (2557, 'LXJJ7MSA5', 'LX00001'),
       (2558, 'LXJJ7MSA5', 'LX00003'),
       (2559, 'LXJJ7MSA5', 'LX00004'),
       (2560, 'LXJJ7MSA5', 'LX00005'),
       (2561, 'LXJJ7MSA5', 'LX00006'),
       (2562, 'LXJJ7MSA5', 'LX00007'),
       (2563, 'LXJJ7MSA5', 'LX00008'),
       (2564, 'LXJJ7MSA5', 'LX00009'),
       (2565, 'LXJJ7MSA5', 'LX00013'),
       (2566, 'LXJJ7MSA5', 'LX00014'),
       (2567, 'LXJJ7MSA5', 'LX00015'),
       (2568, 'LXJJ7MSA5', 'LX00016'),
       (2569, 'LXJJ7MSA5', 'LX00017'),
       (2570, 'LXJJ7MSA5', 'LX00018'),
       (2571, 'LXJJ7MSA5', 'LX00010'),
       (2572, 'LXJJ7MSA5', 'LX00011'),
       (2573, 'LXJJ7MSA5', 'LX00012'),
       (2574, 'LXJJ7MSA5', 'LX00019'),
       (2575, 'LXJJ7MSA5', 'LX00020'),
       (2576, 'LXJJ7MSA5', 'LX00021'),
       (2577, 'LXJJ7MSA5', 'LX00022'),
       (2578, 'LXJJ7MSA5', 'LX00029'),
       (2579, 'LXJJ7MSA5', 'LX00030'),
       (2580, 'LXJJ7MSA5', 'LX00031'),
       (2581, 'LXJJ7MSA5', 'LX00032'),
       (2582, 'LXJJ7MSA5', 'LX00033'),
       (2583, 'LXJJ7MSA5', 'LX00034'),
       (2584, 'LXJJ7MSA5', 'LX00035'),
       (2585, 'LXJJ7MSA5', 'LX00036'),
       (2586, 'LXJJ7MSA5', 'LX00037'),
       (2587, 'LXJJ7MSA5', 'LX00038'),
       (2588, 'LXJJ7MSA5', 'LX00039'),
       (2589, 'LXJJ7MSA5', 'LX00040'),
       (2590, 'LXJJ7MSA5', 'LX00041'),
       (2591, 'LXJJ7MSA5', 'LX00042'),
       (2592, 'LXJJ7MSA5', 'LX00044'),
       (2593, 'LXJJ7MSA5', 'LX00045'),
       (2594, 'LXJJ7MSA5', 'LX00046'),
       (2595, 'LXJJ7MSA5', 'LX00047'),
       (2596, 'LXJJ7MSA5', 'LX00048'),
       (2597, 'LXJJ7MSA5', 'LX00049'),
       (2598, 'LXJJ7MSA5', 'LX00056'),
       (2599, 'LXJJ7MSA5', 'LX00050'),
       (2600, 'LXJJ7MSA5', 'LX00057'),
       (2601, 'LXJJ7MSA5', 'LX00059'),
       (2602, 'LXJJ7MSA5', 'LX00060'),
       (2603, 'LXJJ7MSA5', 'LX00062'),
       (2604, 'LXJJ7MSA5', 'LX00063'),
       (2605, 'LXJJ7MSA5', 'LX00064'),
       (2606, 'LXJJ7MSA5', 'LX00065'),
       (2607, 'LXJJ7MSA5', 'LX00081'),
       (2608, 'LXJJ7MSA5', 'LX00082'),
       (2609, 'LXJJ7MSA5', 'LX00085'),
       (2610, 'LXJJ7MSA5', 'LX00083'),
       (2611, 'LXJJ7MSA5', 'LX00086'),
       (2612, 'LXJJ7MSA5', 'LX00089'),
       (2613, 'LXJJ7MSA5', 'LX00090'),
       (2614, 'LXJJ7MSA5', 'LX00091'),
       (2615, 'LXJJ7MSA5', 'LX00102'),
       (2616, 'LXJJ7MSA5', 'LX00103'),
       (2617, 'LXJJ7MSA5', 'LX00104'),
       (2618, 'LXJJ7MSA5', 'LX00106'),
       (2619, 'LXJJ7MSA5', 'LX00109'),
       (2620, 'LXJJ7MSA5', 'LX00110'),
       (2621, 'LXJJ7MSA5', 'LX00119'),
       (2622, 'LXJJ7MSA5', 'LX00107'),
       (2623, 'LXJJ7MSA5', 'LX00118'),
       (2624, 'LXJJ7MSA5', 'LX00108'),
       (2625, 'LXJJ7MSA5', 'LX00111'),
       (2626, 'LXJJ7MSA5', 'LX00112'),
       (2627, 'LXJJ7MSA5', 'LX00120'),
       (2628, 'LXJJ7MSA5', 'LX00121'),
       (2629, 'LXJJ7MSA5', 'LX00116'),
       (2630, 'LXJJ7MSA5', 'LX00113'),
       (2631, 'LXJJ7MSA5', 'LX00114'),
       (2632, 'LXJJ7MSA5', 'LX00115'),
       (2633, 'LXJJ7MSA5', 'LX00122'),
       (2634, 'LXJJ7MSA5', 'LX00124'),
       (2635, 'LXJJ7MSA5', 'LX00123'),
       (2636, 'LXJJ7MSA5', 'LX00126'),
       (2637, 'LXJJ7MSA5', 'LX00127'),
       (2638, 'LXJJ7MSA5', 'LX00135'),
       (2639, 'LXJJ7MSA5', 'LX00136'),
       (2640, 'LXJJ7MSA5', 'LX00137'),
       (2641, 'LXJJ7MSA5', 'LX00138'),
       (2642, 'LXJJ7MSA5', 'LX00139'),
       (2643, 'LXJJ7MSA5', 'LX00140'),
       (2644, 'LXJJ7MAA5', 'LX00001'),
       (2645, 'LXJJ7MAA5', 'LX00003'),
       (2646, 'LXJJ7MAA5', 'LX00004'),
       (2647, 'LXJJ7MAA5', 'LX00005'),
       (2648, 'LXJJ7MAA5', 'LX00006'),
       (2649, 'LXJJ7MAA5', 'LX00007'),
       (2650, 'LXJJ7MAA5', 'LX00008'),
       (2651, 'LXJJ7MAA5', 'LX00009'),
       (2652, 'LXJJ7MAA5', 'LX00013'),
       (2653, 'LXJJ7MAA5', 'LX00014'),
       (2654, 'LXJJ7MAA5', 'LX00015'),
       (2655, 'LXJJ7MAA5', 'LX00016'),
       (2656, 'LXJJ7MAA5', 'LX00017'),
       (2657, 'LXJJ7MAA5', 'LX00018'),
       (2658, 'LXJJ7MAA5', 'LX00010'),
       (2659, 'LXJJ7MAA5', 'LX00011'),
       (2660, 'LXJJ7MAA5', 'LX00012'),
       (2661, 'LXJJ7MAA5', 'LX00029'),
       (2662, 'LXJJ7MAA5', 'LX00030'),
       (2663, 'LXJJ7MAA5', 'LX00031'),
       (2664, 'LXJJ7MAA5', 'LX00032'),
       (2665, 'LXJJ7MAA5', 'LX00033'),
       (2666, 'LXJJ7MAA5', 'LX00034'),
       (2667, 'LXJJ7MAA5', 'LX00035'),
       (2668, 'LXJJ7MAA5', 'LX00036'),
       (2669, 'LXJJ7MAA5', 'LX00037'),
       (2670, 'LXJJ7MAA5', 'LX00038'),
       (2671, 'LXJJ7MAA5', 'LX00039'),
       (2672, 'LXJJ7MAA5', 'LX00040'),
       (2673, 'LXJJ7MAA5', 'LX00041'),
       (2674, 'LXJJ7MAA5', 'LX00042'),
       (2675, 'LXJJ7MAA5', 'LX00043'),
       (2676, 'LXJJ7MAA5', 'LX00044'),
       (2677, 'LXJJ7MAA5', 'LX00045'),
       (2678, 'LXJJ7MAA5', 'LX00046'),
       (2679, 'LXJJ7MAA5', 'LX00047'),
       (2680, 'LXJJ7MAA5', 'LX00048'),
       (2681, 'LXJJ7MAA5', 'LX00049'),
       (2682, 'LXJJ7MAA5', 'LX00056'),
       (2683, 'LXJJ7MAA5', 'LX00058'),
       (2684, 'LXJJ7MAA5', 'LX00059'),
       (2685, 'LXJJ7MAA5', 'LX00060'),
       (2686, 'LXJJ7MAA5', 'LX00062'),
       (2687, 'LXJJ7MAA5', 'LX00079'),
       (2688, 'LXJJ7MAA5', 'LX00080'),
       (2689, 'LXJJ7MAA5', 'LX00081'),
       (2690, 'LXJJ7MAA5', 'LX00082'),
       (2691, 'LXJJ7MAA5', 'LX00085'),
       (2692, 'LXJJ7MAA5', 'LX00083'),
       (2693, 'LXJJ7MAA5', 'LX00086'),
       (2694, 'LXJJ7MAA5', 'LX00102'),
       (2695, 'LXJJ7MAA5', 'LX00103'),
       (2696, 'LXJJ7MAA5', 'LX00104'),
       (2697, 'LXJJ7MAA5', 'LX00105'),
       (2698, 'LXJJ7MAA5', 'LX00106'),
       (2699, 'LXJJ7MAA5', 'LX00109'),
       (2700, 'LXJJ7MAA5', 'LX00110'),
       (2701, 'LXJJ7MAA5', 'LX00119'),
       (2702, 'LXJJ7MAA5', 'LX00107'),
       (2703, 'LXJJ7MAA5', 'LX00118'),
       (2704, 'LXJJ7MAA5', 'LX00108'),
       (2705, 'LXJJ7MAA5', 'LX00111'),
       (2706, 'LXJJ7MAA5', 'LX00112'),
       (2707, 'LXJJ7MAA5', 'LX00120'),
       (2708, 'LXJJ7MAA5', 'LX00121'),
       (2709, 'LXJJ7MAA5', 'LX00116'),
       (2710, 'LXJJ7MAA5', 'LX00113'),
       (2711, 'LXJJ7MAA5', 'LX00114'),
       (2712, 'LXJJ7MAA5', 'LX00115'),
       (2713, 'LXJJ7MAA5', 'LX00135'),
       (2714, 'LXJJ7MAA5', 'LX00136'),
       (2715, 'LXJJ7MAA5', 'LX00137'),
       (2716, 'LXJJ7MAA5', 'LX00138'),
       (2717, 'LXJJ7MAA5', 'LX00139'),
       (2718, 'LXJJ7MAA5', 'LX00140'),
       (2719, 'LXJJ7MBA5', 'LX00001'),
       (2720, 'LXJJ7MBA5', 'LX00003'),
       (2721, 'LXJJ7MBA5', 'LX00004'),
       (2722, 'LXJJ7MBA5', 'LX00005'),
       (2723, 'LXJJ7MBA5', 'LX00006'),
       (2724, 'LXJJ7MBA5', 'LX00007'),
       (2725, 'LXJJ7MBA5', 'LX00008'),
       (2726, 'LXJJ7MBA5', 'LX00009'),
       (2727, 'LXJJ7MBA5', 'LX00013'),
       (2728, 'LXJJ7MBA5', 'LX00014'),
       (2729, 'LXJJ7MBA5', 'LX00015'),
       (2730, 'LXJJ7MBA5', 'LX00016'),
       (2731, 'LXJJ7MBA5', 'LX00017'),
       (2732, 'LXJJ7MBA5', 'LX00018'),
       (2733, 'LXJJ7MBA5', 'LX00010'),
       (2734, 'LXJJ7MBA5', 'LX00011'),
       (2735, 'LXJJ7MBA5', 'LX00012'),
       (2736, 'LXJJ7MBA5', 'LX00019'),
       (2737, 'LXJJ7MBA5', 'LX00020'),
       (2738, 'LXJJ7MBA5', 'LX00021'),
       (2739, 'LXJJ7MBA5', 'LX00022'),
       (2740, 'LXJJ7MBA5', 'LX00029'),
       (2741, 'LXJJ7MBA5', 'LX00030'),
       (2742, 'LXJJ7MBA5', 'LX00031'),
       (2743, 'LXJJ7MBA5', 'LX00032'),
       (2744, 'LXJJ7MBA5', 'LX00033'),
       (2745, 'LXJJ7MBA5', 'LX00034'),
       (2746, 'LXJJ7MBA5', 'LX00035'),
       (2747, 'LXJJ7MBA5', 'LX00036'),
       (2748, 'LXJJ7MBA5', 'LX00037'),
       (2749, 'LXJJ7MBA5', 'LX00038'),
       (2750, 'LXJJ7MBA5', 'LX00039'),
       (2751, 'LXJJ7MBA5', 'LX00040'),
       (2752, 'LXJJ7MBA5', 'LX00041'),
       (2753, 'LXJJ7MBA5', 'LX00042'),
       (2754, 'LXJJ7MBA5', 'LX00044'),
       (2755, 'LXJJ7MBA5', 'LX00045'),
       (2756, 'LXJJ7MBA5', 'LX00046'),
       (2757, 'LXJJ7MBA5', 'LX00047'),
       (2758, 'LXJJ7MBA5', 'LX00048'),
       (2759, 'LXJJ7MBA5', 'LX00049'),
       (2760, 'LXJJ7MBA5', 'LX00056'),
       (2761, 'LXJJ7MBA5', 'LX00050'),
       (2762, 'LXJJ7MBA5', 'LX00057'),
       (2763, 'LXJJ7MBA5', 'LX00051'),
       (2764, 'LXJJ7MBA5', 'LX00059'),
       (2765, 'LXJJ7MBA5', 'LX00060'),
       (2766, 'LXJJ7MBA5', 'LX00062'),
       (2767, 'LXJJ7MBA5', 'LX00063'),
       (2768, 'LXJJ7MBA5', 'LX00064'),
       (2769, 'LXJJ7MBA5', 'LX00065'),
       (2770, 'LXJJ7MBA5', 'LX00066'),
       (2771, 'LXJJ7MBA5', 'LX00067'),
       (2772, 'LXJJ7MBA5', 'LX00081'),
       (2773, 'LXJJ7MBA5', 'LX00082'),
       (2774, 'LXJJ7MBA5', 'LX00085'),
       (2775, 'LXJJ7MBA5', 'LX00083'),
       (2776, 'LXJJ7MBA5', 'LX00086'),
       (2777, 'LXJJ7MBA5', 'LX00091'),
       (2778, 'LXJJ7MBA5', 'LX00093'),
       (2779, 'LXJJ7MBA5', 'LX00097'),
       (2780, 'LXJJ7MBA5', 'LX00092'),
       (2781, 'LXJJ7MBA5', 'LX00095'),
       (2782, 'LXJJ7MBA5', 'LX00096'),
       (2783, 'LXJJ7MBA5', 'LX00102'),
       (2784, 'LXJJ7MBA5', 'LX00103'),
       (2785, 'LXJJ7MBA5', 'LX00104'),
       (2786, 'LXJJ7MBA5', 'LX00106'),
       (2787, 'LXJJ7MBA5', 'LX00109'),
       (2788, 'LXJJ7MBA5', 'LX00110'),
       (2789, 'LXJJ7MBA5', 'LX00119'),
       (2790, 'LXJJ7MBA5', 'LX00107'),
       (2791, 'LXJJ7MBA5', 'LX00118'),
       (2792, 'LXJJ7MBA5', 'LX00108'),
       (2793, 'LXJJ7MBA5', 'LX00111'),
       (2794, 'LXJJ7MBA5', 'LX00112'),
       (2795, 'LXJJ7MBA5', 'LX00120'),
       (2796, 'LXJJ7MBA5', 'LX00121'),
       (2797, 'LXJJ7MBA5', 'LX00116'),
       (2798, 'LXJJ7MBA5', 'LX00113'),
       (2799, 'LXJJ7MBA5', 'LX00114'),
       (2800, 'LXJJ7MBA5', 'LX00115'),
       (2801, 'LXJJ7MBA5', 'LX00122'),
       (2802, 'LXJJ7MBA5', 'LX00124'),
       (2803, 'LXJJ7MBA5', 'LX00123'),
       (2804, 'LXJJ7MBA5', 'LX00126'),
       (2805, 'LXJJ7MBA5', 'LX00127'),
       (2806, 'LXJJ7MBA5', 'LX00128'),
       (2807, 'LXJJ7MBA5', 'LX00129'),
       (2808, 'LXJJ7MBA5', 'LX00130'),
       (2809, 'LXJJ7MBA5', 'LX00135'),
       (2810, 'LXJJ7MBA5', 'LX00136'),
       (2811, 'LXJJ7MBA5', 'LX00137'),
       (2812, 'LXJJ7MBA5', 'LX00138'),
       (2813, 'LXJJ7MBA5', 'LX00139'),
       (2814, 'LXJJ7MBA5', 'LX00140'),
       (2815, 'LXJJ7MCA5', 'LX00001'),
       (2816, 'LXJJ7MCA5', 'LX00003'),
       (2817, 'LXJJ7MCA5', 'LX00004'),
       (2818, 'LXJJ7MCA5', 'LX00005'),
       (2819, 'LXJJ7MCA5', 'LX00006'),
       (2820, 'LXJJ7MCA5', 'LX00007'),
       (2821, 'LXJJ7MCA5', 'LX00008'),
       (2822, 'LXJJ7MCA5', 'LX00009'),
       (2823, 'LXJJ7MCA5', 'LX00013'),
       (2824, 'LXJJ7MCA5', 'LX00014'),
       (2825, 'LXJJ7MCA5', 'LX00015'),
       (2826, 'LXJJ7MCA5', 'LX00016'),
       (2827, 'LXJJ7MCA5', 'LX00017'),
       (2828, 'LXJJ7MCA5', 'LX00018'),
       (2829, 'LXJJ7MCA5', 'LX00010'),
       (2830, 'LXJJ7MCA5', 'LX00011'),
       (2831, 'LXJJ7MCA5', 'LX00012'),
       (2832, 'LXJJ7MCA5', 'LX00019'),
       (2833, 'LXJJ7MCA5', 'LX00020'),
       (2834, 'LXJJ7MCA5', 'LX00021'),
       (2835, 'LXJJ7MCA5', 'LX00022'),
       (2836, 'LXJJ7MCA5', 'LX00023'),
       (2837, 'LXJJ7MCA5', 'LX00024'),
       (2838, 'LXJJ7MCA5', 'LX00025'),
       (2839, 'LXJJ7MCA5', 'LX00026'),
       (2840, 'LXJJ7MCA5', 'LX00027'),
       (2841, 'LXJJ7MCA5', 'LX00028'),
       (2842, 'LXJJ7MCA5', 'LX00029'),
       (2843, 'LXJJ7MCA5', 'LX00030'),
       (2844, 'LXJJ7MCA5', 'LX00031'),
       (2845, 'LXJJ7MCA5', 'LX00032'),
       (2846, 'LXJJ7MCA5', 'LX00033'),
       (2847, 'LXJJ7MCA5', 'LX00035'),
       (2848, 'LXJJ7MCA5', 'LX00036'),
       (2849, 'LXJJ7MCA5', 'LX00037'),
       (2850, 'LXJJ7MCA5', 'LX00038'),
       (2851, 'LXJJ7MCA5', 'LX00039'),
       (2852, 'LXJJ7MCA5', 'LX00040'),
       (2853, 'LXJJ7MCA5', 'LX00041'),
       (2854, 'LXJJ7MCA5', 'LX00042'),
       (2855, 'LXJJ7MCA5', 'LX00044'),
       (2856, 'LXJJ7MCA5', 'LX00045'),
       (2857, 'LXJJ7MCA5', 'LX00046'),
       (2858, 'LXJJ7MCA5', 'LX00047'),
       (2859, 'LXJJ7MCA5', 'LX00048'),
       (2860, 'LXJJ7MCA5', 'LX00049'),
       (2861, 'LXJJ7MCA5', 'LX00057'),
       (2862, 'LXJJ7MCA5', 'LX00051'),
       (2863, 'LXJJ7MCA5', 'LX00052'),
       (2864, 'LXJJ7MCA5', 'LX00060'),
       (2865, 'LXJJ7MCA5', 'LX00062'),
       (2866, 'LXJJ7MCA5', 'LX00063'),
       (2867, 'LXJJ7MCA5', 'LX00064'),
       (2868, 'LXJJ7MCA5', 'LX00065'),
       (2869, 'LXJJ7MCA5', 'LX00066'),
       (2870, 'LXJJ7MCA5', 'LX00067'),
       (2871, 'LXJJ7MCA5', 'LX00068'),
       (2872, 'LXJJ7MCA5', 'LX00070'),
       (2873, 'LXJJ7MCA5', 'LX00071'),
       (2874, 'LXJJ7MCA5', 'LX00072'),
       (2875, 'LXJJ7MCA5', 'LX00073'),
       (2876, 'LXJJ7MCA5', 'LX00074'),
       (2877, 'LXJJ7MCA5', 'LX00075'),
       (2878, 'LXJJ7MCA5', 'LX00076'),
       (2879, 'LXJJ7MCA5', 'LX00081'),
       (2880, 'LXJJ7MCA5', 'LX00082'),
       (2881, 'LXJJ7MCA5', 'LX00085'),
       (2882, 'LXJJ7MCA5', 'LX00083'),
       (2883, 'LXJJ7MCA5', 'LX00086'),
       (2884, 'LXJJ7MCA5', 'LX00091'),
       (2885, 'LXJJ7MCA5', 'LX00097'),
       (2886, 'LXJJ7MCA5', 'LX00092'),
       (2887, 'LXJJ7MCA5', 'LX00095'),
       (2888, 'LXJJ7MCA5', 'LX00096'),
       (2889, 'LXJJ7MCA5', 'LX00094'),
       (2890, 'LXJJ7MCA5', 'LX00098'),
       (2891, 'LXJJ7MCA5', 'LX00099'),
       (2892, 'LXJJ7MCA5', 'LX00101'),
       (2893, 'LXJJ7MCA5', 'LX00102'),
       (2894, 'LXJJ7MCA5', 'LX00103'),
       (2895, 'LXJJ7MCA5', 'LX00104'),
       (2896, 'LXJJ7MCA5', 'LX00106'),
       (2897, 'LXJJ7MCA5', 'LX00109'),
       (2898, 'LXJJ7MCA5', 'LX00110'),
       (2899, 'LXJJ7MCA5', 'LX00119'),
       (2900, 'LXJJ7MCA5', 'LX00107'),
       (2901, 'LXJJ7MCA5', 'LX00118'),
       (2902, 'LXJJ7MCA5', 'LX00108'),
       (2903, 'LXJJ7MCA5', 'LX00111'),
       (2904, 'LXJJ7MCA5', 'LX00112'),
       (2905, 'LXJJ7MCA5', 'LX00120'),
       (2906, 'LXJJ7MCA5', 'LX00121'),
       (2907, 'LXJJ7MCA5', 'LX00116'),
       (2908, 'LXJJ7MCA5', 'LX00113'),
       (2909, 'LXJJ7MCA5', 'LX00114'),
       (2910, 'LXJJ7MCA5', 'LX00115'),
       (2911, 'LXJJ7MCA5', 'LX00122'),
       (2912, 'LXJJ7MCA5', 'LX00124'),
       (2913, 'LXJJ7MCA5', 'LX00123'),
       (2914, 'LXJJ7MCA5', 'LX00126'),
       (2915, 'LXJJ7MCA5', 'LX00127'),
       (2916, 'LXJJ7MCA5', 'LX00128'),
       (2917, 'LXJJ7MCA5', 'LX00129'),
       (2918, 'LXJJ7MCA5', 'LX00130'),
       (2919, 'LXJJ7MCA5', 'LX00131'),
       (2920, 'LXJJ7MCA5', 'LX00132'),
       (2921, 'LXJJ7MCA5', 'LX00133'),
       (2922, 'LXJJ7MCA5', 'LX00135'),
       (2923, 'LXJJ7MCA5', 'LX00136'),
       (2924, 'LXJJ7MCA5', 'LX00137'),
       (2925, 'LXJJ7MCA5', 'LX00138'),
       (2926, 'LXJJ7MCA5', 'LX00140'),
       (2927, 'LXJJ7MCA5', 'LX00141'),
       (2928, 'LXJJ7MCA5', 'LX00142'),
       (2929, 'LXJJ8MAT5', 'LX00001'),
       (2930, 'LXJJ8MAT5', 'LX00003'),
       (2931, 'LXJJ8MAT5', 'LX00004'),
       (2932, 'LXJJ8MAT5', 'LX00005'),
       (2933, 'LXJJ8MAT5', 'LX00006'),
       (2934, 'LXJJ8MAT5', 'LX00007'),
       (2935, 'LXJJ8MAT5', 'LX00013'),
       (2936, 'LXJJ8MAT5', 'LX00014'),
       (2937, 'LXJJ8MAT5', 'LX00015'),
       (2938, 'LXJJ8MAT5', 'LX00016'),
       (2939, 'LXJJ8MAT5', 'LX00017'),
       (2940, 'LXJJ8MAT5', 'LX00018'),
       (2941, 'LXJJ8MAT5', 'LX00010'),
       (2942, 'LXJJ8MAT5', 'LX00011'),
       (2943, 'LXJJ8MAT5', 'LX00012'),
       (2944, 'LXJJ8MAT5', 'LX00029'),
       (2945, 'LXJJ8MAT5', 'LX00030'),
       (2946, 'LXJJ8MAT5', 'LX00031'),
       (2947, 'LXJJ8MAT5', 'LX00032'),
       (2948, 'LXJJ8MAT5', 'LX00034'),
       (2949, 'LXJJ8MAT5', 'LX00035'),
       (2950, 'LXJJ8MAT5', 'LX00036'),
       (2951, 'LXJJ8MAT5', 'LX00037'),
       (2952, 'LXJJ8MAT5', 'LX00038'),
       (2953, 'LXJJ8MAT5', 'LX00039'),
       (2954, 'LXJJ8MAT5', 'LX00040'),
       (2955, 'LXJJ8MAT5', 'LX00041'),
       (2956, 'LXJJ8MAT5', 'LX00042'),
       (2957, 'LXJJ8MAT5', 'LX00043'),
       (2958, 'LXJJ8MAT5', 'LX00044'),
       (2959, 'LXJJ8MAT5', 'LX00045'),
       (2960, 'LXJJ8MAT5', 'LX00046'),
       (2961, 'LXJJ8MAT5', 'LX00047'),
       (2962, 'LXJJ8MAT5', 'LX00048'),
       (2963, 'LXJJ8MAT5', 'LX00049'),
       (2964, 'LXJJ8MAT5', 'LX00056'),
       (2965, 'LXJJ8MAT5', 'LX00058'),
       (2966, 'LXJJ8MAT5', 'LX00059'),
       (2967, 'LXJJ8MAT5', 'LX00060'),
       (2968, 'LXJJ8MAT5', 'LX00062'),
       (2969, 'LXJJ8MAT5', 'LX00079'),
       (2970, 'LXJJ8MAT5', 'LX00080'),
       (2971, 'LXJJ8MAT5', 'LX00081'),
       (2972, 'LXJJ8MAT5', 'LX00082'),
       (2973, 'LXJJ8MAT5', 'LX00085'),
       (2974, 'LXJJ8MAT5', 'LX00084'),
       (2975, 'LXJJ8MAT5', 'LX00086'),
       (2976, 'LXJJ8MAT5', 'LX00102'),
       (2977, 'LXJJ8MAT5', 'LX00103'),
       (2978, 'LXJJ8MAT5', 'LX00104'),
       (2979, 'LXJJ8MAT5', 'LX00105'),
       (2980, 'LXJJ8MAT5', 'LX00106'),
       (2981, 'LXJJ8MAT5', 'LX00109'),
       (2982, 'LXJJ8MAT5', 'LX00110'),
       (2983, 'LXJJ8MAT5', 'LX00119'),
       (2984, 'LXJJ8MAT5', 'LX00107'),
       (2985, 'LXJJ8MAT5', 'LX00118'),
       (2986, 'LXJJ8MAT5', 'LX00108'),
       (2987, 'LXJJ8MAT5', 'LX00111'),
       (2988, 'LXJJ8MAT5', 'LX00112'),
       (2989, 'LXJJ8MAT5', 'LX00120'),
       (2990, 'LXJJ8MAT5', 'LX00121'),
       (2991, 'LXJJ8MAT5', 'LX00116'),
       (2992, 'LXJJ8MAT5', 'LX00113'),
       (2993, 'LXJJ8MAT5', 'LX00114'),
       (2994, 'LXJJ8MAT5', 'LX00115'),
       (2995, 'LXJJ8MAT5', 'LX00135'),
       (2996, 'LXJJ8MAT5', 'LX00136'),
       (2997, 'LXJJ8MAT5', 'LX00137'),
       (2998, 'LXJJ8MAT5', 'LX00138'),
       (2999, 'LXJJ8MAT5', 'LX00139'),
       (3000, 'LXJJ8MAT5', 'LX00140'),
       (3001, 'LXJJ8MBT5', 'LX00001'),
       (3002, 'LXJJ8MBT5', 'LX00003'),
       (3003, 'LXJJ8MBT5', 'LX00004'),
       (3004, 'LXJJ8MBT5', 'LX00005'),
       (3005, 'LXJJ8MBT5', 'LX00006'),
       (3006, 'LXJJ8MBT5', 'LX00007'),
       (3007, 'LXJJ8MBT5', 'LX00013'),
       (3008, 'LXJJ8MBT5', 'LX00014'),
       (3009, 'LXJJ8MBT5', 'LX00015'),
       (3010, 'LXJJ8MBT5', 'LX00016'),
       (3011, 'LXJJ8MBT5', 'LX00017'),
       (3012, 'LXJJ8MBT5', 'LX00018'),
       (3013, 'LXJJ8MBT5', 'LX00010'),
       (3014, 'LXJJ8MBT5', 'LX00011'),
       (3015, 'LXJJ8MBT5', 'LX00012'),
       (3016, 'LXJJ8MBT5', 'LX00019'),
       (3017, 'LXJJ8MBT5', 'LX00020'),
       (3018, 'LXJJ8MBT5', 'LX00021'),
       (3019, 'LXJJ8MBT5', 'LX00022'),
       (3020, 'LXJJ8MBT5', 'LX00029'),
       (3021, 'LXJJ8MBT5', 'LX00030'),
       (3022, 'LXJJ8MBT5', 'LX00031'),
       (3023, 'LXJJ8MBT5', 'LX00032'),
       (3024, 'LXJJ8MBT5', 'LX00034'),
       (3025, 'LXJJ8MBT5', 'LX00035'),
       (3026, 'LXJJ8MBT5', 'LX00036'),
       (3027, 'LXJJ8MBT5', 'LX00037'),
       (3028, 'LXJJ8MBT5', 'LX00038'),
       (3029, 'LXJJ8MBT5', 'LX00039'),
       (3030, 'LXJJ8MBT5', 'LX00040'),
       (3031, 'LXJJ8MBT5', 'LX00041'),
       (3032, 'LXJJ8MBT5', 'LX00042'),
       (3033, 'LXJJ8MBT5', 'LX00044'),
       (3034, 'LXJJ8MBT5', 'LX00045'),
       (3035, 'LXJJ8MBT5', 'LX00046'),
       (3036, 'LXJJ8MBT5', 'LX00047'),
       (3037, 'LXJJ8MBT5', 'LX00048'),
       (3038, 'LXJJ8MBT5', 'LX00049'),
       (3039, 'LXJJ8MBT5', 'LX00056'),
       (3040, 'LXJJ8MBT5', 'LX00050'),
       (3041, 'LXJJ8MBT5', 'LX00057'),
       (3042, 'LXJJ8MBT5', 'LX00051'),
       (3043, 'LXJJ8MBT5', 'LX00059'),
       (3044, 'LXJJ8MBT5', 'LX00060'),
       (3045, 'LXJJ8MBT5', 'LX00062'),
       (3046, 'LXJJ8MBT5', 'LX00063'),
       (3047, 'LXJJ8MBT5', 'LX00064'),
       (3048, 'LXJJ8MBT5', 'LX00065'),
       (3049, 'LXJJ8MBT5', 'LX00066'),
       (3050, 'LXJJ8MBT5', 'LX00067'),
       (3051, 'LXJJ8MBT5', 'LX00081'),
       (3052, 'LXJJ8MBT5', 'LX00082'),
       (3053, 'LXJJ8MBT5', 'LX00085'),
       (3054, 'LXJJ8MBT5', 'LX00084'),
       (3055, 'LXJJ8MBT5', 'LX00086'),
       (3056, 'LXJJ8MBT5', 'LX00091'),
       (3057, 'LXJJ8MBT5', 'LX00093'),
       (3058, 'LXJJ8MBT5', 'LX00097'),
       (3059, 'LXJJ8MBT5', 'LX00092'),
       (3060, 'LXJJ8MBT5', 'LX00095'),
       (3061, 'LXJJ8MBT5', 'LX00096'),
       (3062, 'LXJJ8MBT5', 'LX00102'),
       (3063, 'LXJJ8MBT5', 'LX00103'),
       (3064, 'LXJJ8MBT5', 'LX00104'),
       (3065, 'LXJJ8MBT5', 'LX00106'),
       (3066, 'LXJJ8MBT5', 'LX00109'),
       (3067, 'LXJJ8MBT5', 'LX00110'),
       (3068, 'LXJJ8MBT5', 'LX00119'),
       (3069, 'LXJJ8MBT5', 'LX00107'),
       (3070, 'LXJJ8MBT5', 'LX00118'),
       (3071, 'LXJJ8MBT5', 'LX00108'),
       (3072, 'LXJJ8MBT5', 'LX00111'),
       (3073, 'LXJJ8MBT5', 'LX00112'),
       (3074, 'LXJJ8MBT5', 'LX00120'),
       (3075, 'LXJJ8MBT5', 'LX00121'),
       (3076, 'LXJJ8MBT5', 'LX00116'),
       (3077, 'LXJJ8MBT5', 'LX00113'),
       (3078, 'LXJJ8MBT5', 'LX00114'),
       (3079, 'LXJJ8MBT5', 'LX00115'),
       (3080, 'LXJJ8MBT5', 'LX00122'),
       (3081, 'LXJJ8MBT5', 'LX00124'),
       (3082, 'LXJJ8MBT5', 'LX00123'),
       (3083, 'LXJJ8MBT5', 'LX00126'),
       (3084, 'LXJJ8MBT5', 'LX00127'),
       (3085, 'LXJJ8MBT5', 'LX00128'),
       (3086, 'LXJJ8MBT5', 'LX00129'),
       (3087, 'LXJJ8MBT5', 'LX00130'),
       (3088, 'LXJJ8MBT5', 'LX00135'),
       (3089, 'LXJJ8MBT5', 'LX00136'),
       (3090, 'LXJJ8MBT5', 'LX00137'),
       (3091, 'LXJJ8MBT5', 'LX00138'),
       (3092, 'LXJJ8MBT5', 'LX00139'),
       (3093, 'LXJJ8MBT5', 'LX00140'),
       (3094, 'LXJJ8MCT5', 'LX00001'),
       (3095, 'LXJJ8MCT5', 'LX00003'),
       (3096, 'LXJJ8MCT5', 'LX00004'),
       (3097, 'LXJJ8MCT5', 'LX00005'),
       (3098, 'LXJJ8MCT5', 'LX00006'),
       (3099, 'LXJJ8MCT5', 'LX00007'),
       (3100, 'LXJJ8MCT5', 'LX00013'),
       (3101, 'LXJJ8MCT5', 'LX00014'),
       (3102, 'LXJJ8MCT5', 'LX00015'),
       (3103, 'LXJJ8MCT5', 'LX00016'),
       (3104, 'LXJJ8MCT5', 'LX00017'),
       (3105, 'LXJJ8MCT5', 'LX00018'),
       (3106, 'LXJJ8MCT5', 'LX00010'),
       (3107, 'LXJJ8MCT5', 'LX00011'),
       (3108, 'LXJJ8MCT5', 'LX00012'),
       (3109, 'LXJJ8MCT5', 'LX00019'),
       (3110, 'LXJJ8MCT5', 'LX00020'),
       (3111, 'LXJJ8MCT5', 'LX00021'),
       (3112, 'LXJJ8MCT5', 'LX00022'),
       (3113, 'LXJJ8MCT5', 'LX00023'),
       (3114, 'LXJJ8MCT5', 'LX00024'),
       (3115, 'LXJJ8MCT5', 'LX00025'),
       (3116, 'LXJJ8MCT5', 'LX00026'),
       (3117, 'LXJJ8MCT5', 'LX00027'),
       (3118, 'LXJJ8MCT5', 'LX00028'),
       (3119, 'LXJJ8MCT5', 'LX00029'),
       (3120, 'LXJJ8MCT5', 'LX00030'),
       (3121, 'LXJJ8MCT5', 'LX00031'),
       (3122, 'LXJJ8MCT5', 'LX00032'),
       (3123, 'LXJJ8MCT5', 'LX00035'),
       (3124, 'LXJJ8MCT5', 'LX00036'),
       (3125, 'LXJJ8MCT5', 'LX00037'),
       (3126, 'LXJJ8MCT5', 'LX00038'),
       (3127, 'LXJJ8MCT5', 'LX00039'),
       (3128, 'LXJJ8MCT5', 'LX00040'),
       (3129, 'LXJJ8MCT5', 'LX00041'),
       (3130, 'LXJJ8MCT5', 'LX00042'),
       (3131, 'LXJJ8MCT5', 'LX00044'),
       (3132, 'LXJJ8MCT5', 'LX00045'),
       (3133, 'LXJJ8MCT5', 'LX00046'),
       (3134, 'LXJJ8MCT5', 'LX00047'),
       (3135, 'LXJJ8MCT5', 'LX00048'),
       (3136, 'LXJJ8MCT5', 'LX00049'),
       (3137, 'LXJJ8MCT5', 'LX00057'),
       (3138, 'LXJJ8MCT5', 'LX00051'),
       (3139, 'LXJJ8MCT5', 'LX00052'),
       (3140, 'LXJJ8MCT5', 'LX00060'),
       (3141, 'LXJJ8MCT5', 'LX00062'),
       (3142, 'LXJJ8MCT5', 'LX00063'),
       (3143, 'LXJJ8MCT5', 'LX00064'),
       (3144, 'LXJJ8MCT5', 'LX00065'),
       (3145, 'LXJJ8MCT5', 'LX00066'),
       (3146, 'LXJJ8MCT5', 'LX00067'),
       (3147, 'LXJJ8MCT5', 'LX00068'),
       (3148, 'LXJJ8MCT5', 'LX00070'),
       (3149, 'LXJJ8MCT5', 'LX00071'),
       (3150, 'LXJJ8MCT5', 'LX00072'),
       (3151, 'LXJJ8MCT5', 'LX00073'),
       (3152, 'LXJJ8MCT5', 'LX00074'),
       (3153, 'LXJJ8MCT5', 'LX00075'),
       (3154, 'LXJJ8MCT5', 'LX00076'),
       (3155, 'LXJJ8MCT5', 'LX00081'),
       (3156, 'LXJJ8MCT5', 'LX00082'),
       (3157, 'LXJJ8MCT5', 'LX00085'),
       (3158, 'LXJJ8MCT5', 'LX00084'),
       (3159, 'LXJJ8MCT5', 'LX00086'),
       (3160, 'LXJJ8MCT5', 'LX00091'),
       (3161, 'LXJJ8MCT5', 'LX00097'),
       (3162, 'LXJJ8MCT5', 'LX00092'),
       (3163, 'LXJJ8MCT5', 'LX00095'),
       (3164, 'LXJJ8MCT5', 'LX00096'),
       (3165, 'LXJJ8MCT5', 'LX00094'),
       (3166, 'LXJJ8MCT5', 'LX00098'),
       (3167, 'LXJJ8MCT5', 'LX00099'),
       (3168, 'LXJJ8MCT5', 'LX00101'),
       (3169, 'LXJJ8MCT5', 'LX00102'),
       (3170, 'LXJJ8MCT5', 'LX00103'),
       (3171, 'LXJJ8MCT5', 'LX00104'),
       (3172, 'LXJJ8MCT5', 'LX00106'),
       (3173, 'LXJJ8MCT5', 'LX00109'),
       (3174, 'LXJJ8MCT5', 'LX00110'),
       (3175, 'LXJJ8MCT5', 'LX00119'),
       (3176, 'LXJJ8MCT5', 'LX00107'),
       (3177, 'LXJJ8MCT5', 'LX00118'),
       (3178, 'LXJJ8MCT5', 'LX00108'),
       (3179, 'LXJJ8MCT5', 'LX00111'),
       (3180, 'LXJJ8MCT5', 'LX00112'),
       (3181, 'LXJJ8MCT5', 'LX00120'),
       (3182, 'LXJJ8MCT5', 'LX00121'),
       (3183, 'LXJJ8MCT5', 'LX00116'),
       (3184, 'LXJJ8MCT5', 'LX00113'),
       (3185, 'LXJJ8MCT5', 'LX00114'),
       (3186, 'LXJJ8MCT5', 'LX00115'),
       (3187, 'LXJJ8MCT5', 'LX00122'),
       (3188, 'LXJJ8MCT5', 'LX00124'),
       (3189, 'LXJJ8MCT5', 'LX00123'),
       (3190, 'LXJJ8MCT5', 'LX00126'),
       (3191, 'LXJJ8MCT5', 'LX00127'),
       (3192, 'LXJJ8MCT5', 'LX00128'),
       (3193, 'LXJJ8MCT5', 'LX00129'),
       (3194, 'LXJJ8MCT5', 'LX00130'),
       (3195, 'LXJJ8MCT5', 'LX00131'),
       (3196, 'LXJJ8MCT5', 'LX00132'),
       (3197, 'LXJJ8MCT5', 'LX00133'),
       (3198, 'LXJJ8MCT5', 'LX00135'),
       (3199, 'LXJJ8MCT5', 'LX00136'),
       (3200, 'LXJJ8MCT5', 'LX00137'),
       (3201, 'LXJJ8MCT5', 'LX00138'),
       (3202, 'LXJJ8MCT5', 'LX00140'),
       (3203, 'LXJJ8MCT5', 'LX00141'),
       (3204, 'LXJJ8MCT5', 'LX00142');
/*!40000 ALTER TABLE `defaultOption_carTrims`
    ENABLE KEYS */;
UNLOCK TABLES;

--
-- Table structure for table `disabledOption`
--

DROP TABLE IF EXISTS `disabledOption`;
/*!40101 SET @saved_cs_client = @@character_set_client */;
/*!50503 SET character_set_client = utf8mb4 */;
CREATE TABLE `disabledOption`
(
    `id`                 int         NOT NULL AUTO_INCREMENT,
    `disabled_option_id` varchar(50) NOT NULL,
    `selected_option_id` varchar(50) NOT NULL,
    PRIMARY KEY (`id`),
    KEY `FK_selectOption_TO_disabledOption_1` (`disabled_option_id`),
    KEY `FK_selectOption_TO_disabledOption_2` (`selected_option_id`),
    CONSTRAINT `FK_selectOption_TO_disabledOption_1` FOREIGN KEY (`disabled_option_id`) REFERENCES `selectOption` (`id`),
    CONSTRAINT `FK_selectOption_TO_disabledOption_2` FOREIGN KEY (`selected_option_id`) REFERENCES `selectOption` (`id`)
) ENGINE = InnoDB
  AUTO_INCREMENT = 36
  DEFAULT CHARSET = utf8mb4
  COLLATE = utf8mb4_0900_ai_ci;
/*!40101 SET character_set_client = @saved_cs_client */;

--
-- Dumping data for table `disabledOption`
--

LOCK TABLES `disabledOption` WRITE;
/*!40000 ALTER TABLE `disabledOption`
    DISABLE KEYS */;
INSERT INTO `disabledOption`
VALUES (30, 'LX3232', 'TRP'),
       (31, 'LX0004', 'VI2'),
       (32, 'LX3220', 'VI2'),
       (33, 'LX3233', 'VI2'),
       (34, 'LX3229', 'VI2'),
       (35, 'LX0004', 'LST');
/*!40000 ALTER TABLE `disabledOption`
    ENABLE KEYS */;
UNLOCK TABLES;

--
-- Table structure for table `engine`
--

DROP TABLE IF EXISTS `engine`;
/*!40101 SET @saved_cs_client = @@character_set_client */;
/*!50503 SET character_set_client = utf8mb4 */;
CREATE TABLE `engine`
(
    `id`               int          NOT NULL AUTO_INCREMENT,
    `name`             varchar(50)  NOT NULL,
    `maximum_power`    varchar(50)  NOT NULL,
    `maximum_torque`   varchar(50)  NOT NULL,
    `image_url`        varchar(255) NOT NULL,
    `description`      text         NOT NULL,
    `additional_price` int          NOT NULL,
    `model_id`         int          NOT NULL,
    PRIMARY KEY (`id`),
    KEY `FK_model_TO_engine_1` (`model_id`),
    CONSTRAINT `FK_model_TO_engine_1` FOREIGN KEY (`model_id`) REFERENCES `model` (`id`)
) ENGINE = InnoDB
  AUTO_INCREMENT = 3
  DEFAULT CHARSET = utf8mb4
  COLLATE = utf8mb4_0900_ai_ci;
/*!40101 SET character_set_client = @saved_cs_client */;

--
-- Dumping data for table `engine`
--

LOCK TABLES `engine` WRITE;
/*!40000 ALTER TABLE `engine`
    DISABLE KEYS */;
INSERT INTO `engine`
VALUES (1, '디젤 2.2', '202/3,800PS/rpm', '45.0/1,750~2,750kgf-m/rpm',
        'https://88hey-bucket.s3.ap-northeast-2.amazonaws.com/88hey/engine/dieselengine2.2.jpg',
        '높은 토크로 파워풀한 드라이빙이 가능하며, 차급대비 연비 효율이 우수합니다', 1480000, 1),
       (2, '가솔린 3.8', '295/6,000PS/rpm', '36.2/5,200kgf-m/rpm',
        'https://88hey-bucket.s3.ap-northeast-2.amazonaws.com/88hey/engine/gasoline3.8.jpg',
        '고마력의 우수한 가속 성능을 확보하여, 넉넉하고 안정감 있는 주행이 가능합니다\n엔진의 진동이 적어 편안하고 조용한 드라이빙 감성을 제공합니다', 0, 1);
/*!40000 ALTER TABLE `engine`
    ENABLE KEYS */;
UNLOCK TABLES;

--
-- Table structure for table `exteriorColor`
--

DROP TABLE IF EXISTS `exteriorColor`;
/*!40101 SET @saved_cs_client = @@character_set_client */;
/*!50503 SET character_set_client = utf8mb4 */;
CREATE TABLE `exteriorColor`
(
    `id`                 int          NOT NULL AUTO_INCREMENT,
    `name`               varchar(50)  NOT NULL,
    `color_image_url`    varchar(255) NOT NULL,
    `exterior_image_url` varchar(255) NOT NULL,
    `additional_price`   int          NOT NULL,
    PRIMARY KEY (`id`)
) ENGINE = InnoDB
  AUTO_INCREMENT = 9
  DEFAULT CHARSET = utf8mb4
  COLLATE = utf8mb4_0900_ai_ci;
/*!40101 SET character_set_client = @saved_cs_client */;

--
-- Dumping data for table `exteriorColor`
--

LOCK TABLES `exteriorColor` WRITE;
/*!40000 ALTER TABLE `exteriorColor`
    DISABLE KEYS */;
INSERT INTO `exteriorColor`
VALUES (1, '어비스 블랙 펄',
        'https://88hey-bucket.s3.ap-northeast-2.amazonaws.com/88hey/color/exterior/colorchip/Abyss-Black-Pearl.png',
        'https://88hey-bucket.s3.ap-northeast-2.amazonaws.com/88hey/color/exterior/car/avisblack/', 0),
       (2, '쉬머링 실버 메탈릭',
        'https://88hey-bucket.s3.ap-northeast-2.amazonaws.com/88hey/color/exterior/colorchip/shimmering-silver-metallic.png',
        'https://88hey-bucket.s3.ap-northeast-2.amazonaws.com/88hey/color/exterior/car/silvermetal/', 0),
       (3, '문라이프 블루 펄',
        'https://88hey-bucket.s3.ap-northeast-2.amazonaws.com/88hey/color/exterior/colorchip/Moonlight-Blue-Pearl.png',
        'https://88hey-bucket.s3.ap-northeast-2.amazonaws.com/88hey/color/exterior/car/bluepearl/', 0),
       (4, '가이아 브라운 펄',
        'https://88hey-bucket.s3.ap-northeast-2.amazonaws.com/88hey/color/exterior/colorchip/Gaia-Brown-Pearl.png',
        'https://88hey-bucket.s3.ap-northeast-2.amazonaws.com/88hey/color/exterior/car/brownpearl/', 0),
       (5, '그라파이트 그레이 메탈릭',
        'https://88hey-bucket.s3.ap-northeast-2.amazonaws.com/88hey/color/exterior/colorchip/graphite-gray-Metallic.png',
        'https://88hey-bucket.s3.ap-northeast-2.amazonaws.com/88hey/color/exterior/car/graphite/', 0),
       (6, '크리미 화이트 펄',
        'https://88hey-bucket.s3.ap-northeast-2.amazonaws.com/88hey/color/exterior/colorchip/Creamy-White-Pearl.png',
        'https://88hey-bucket.s3.ap-northeast-2.amazonaws.com/88hey/color/exterior/car/whitepearl/', 100000),
       (7, '로버스트 에메랄드 펄',
        'https://88hey-bucket.s3.ap-northeast-2.amazonaws.com/88hey/color/exterior/colorchip/Robust-Emerald-Pearl.png',
        'https://88hey-bucket.s3.ap-northeast-2.amazonaws.com/88hey/color/exterior/car/robust/', 0);
/*!40000 ALTER TABLE `exteriorColor`
    ENABLE KEYS */;
UNLOCK TABLES;

--
-- Table structure for table `exteriorColor_availableTag`
--

DROP TABLE IF EXISTS `exteriorColor_availableTag`;
/*!40101 SET @saved_cs_client = @@character_set_client */;
/*!50503 SET character_set_client = utf8mb4 */;
CREATE TABLE `exteriorColor_availableTag`
(
    `id`                int NOT NULL AUTO_INCREMENT,
    `tag_id`            int NOT NULL,
    `exterior_color_id` int NOT NULL,
    PRIMARY KEY (`id`),
    KEY `FK_tag_TO_exteriorColor_availableTag_1` (`tag_id`),
    KEY `FK_exteriorColor_TO_exteriorColor_availableTag_1` (`exterior_color_id`),
    CONSTRAINT `FK_exteriorColor_TO_exteriorColor_availableTag_1` FOREIGN KEY (`exterior_color_id`) REFERENCES `exteriorColor` (`id`),
    CONSTRAINT `FK_tag_TO_exteriorColor_availableTag_1` FOREIGN KEY (`tag_id`) REFERENCES `tag` (`id`)
) ENGINE = InnoDB
  AUTO_INCREMENT = 43
  DEFAULT CHARSET = utf8mb4
  COLLATE = utf8mb4_0900_ai_ci;
/*!40101 SET character_set_client = @saved_cs_client */;

--
-- Dumping data for table `exteriorColor_availableTag`
--

LOCK TABLES `exteriorColor_availableTag` WRITE;
/*!40000 ALTER TABLE `exteriorColor_availableTag`
    DISABLE KEYS */;
INSERT INTO `exteriorColor_availableTag`
VALUES (1, 1, 1),
       (2, 2, 1),
       (3, 3, 1),
       (4, 4, 1),
       (5, 5, 1),
       (6, 6, 1),
       (7, 1, 2),
       (8, 2, 2),
       (9, 3, 2),
       (10, 4, 2),
       (11, 5, 2),
       (12, 6, 2),
       (13, 1, 3),
       (14, 2, 3),
       (15, 3, 3),
       (16, 4, 3),
       (17, 5, 3),
       (18, 6, 3),
       (19, 1, 4),
       (20, 2, 4),
       (21, 3, 4),
       (22, 4, 4),
       (23, 5, 4),
       (24, 6, 4),
       (25, 1, 5),
       (26, 2, 5),
       (27, 3, 5),
       (28, 4, 5),
       (29, 5, 5),
       (30, 6, 5),
       (31, 1, 6),
       (32, 2, 6),
       (33, 3, 6),
       (34, 4, 6),
       (35, 5, 6),
       (36, 6, 6),
       (37, 1, 7),
       (38, 2, 7),
       (39, 3, 7),
       (40, 4, 7),
       (41, 5, 7),
       (42, 6, 7);
/*!40000 ALTER TABLE `exteriorColor_availableTag`
    ENABLE KEYS */;
UNLOCK TABLES;

--
-- Table structure for table `exteriorColor_interiorColor`
--

DROP TABLE IF EXISTS `exteriorColor_interiorColor`;
/*!40101 SET @saved_cs_client = @@character_set_client */;
/*!50503 SET character_set_client = utf8mb4 */;
CREATE TABLE `exteriorColor_interiorColor`
(
    `id`                int NOT NULL AUTO_INCREMENT,
    `trim_id`           int NOT NULL,
    `interior_color_id` int NOT NULL,
    `exterior_color_id` int NOT NULL,
    PRIMARY KEY (`id`),
    KEY `FK_trim_TO_trim_color_1` (`trim_id`),
    KEY `FK_interior_color_TO_trim_color_1` (`interior_color_id`),
    KEY `FK_exterior_color_TO_trim_color_1` (`exterior_color_id`),
    CONSTRAINT `FK_exterior_color_TO_trim_color_1` FOREIGN KEY (`exterior_color_id`) REFERENCES `exteriorColor` (`id`),
    CONSTRAINT `FK_interior_color_TO_trim_color_1` FOREIGN KEY (`interior_color_id`) REFERENCES `interiorColor` (`id`),
    CONSTRAINT `FK_trim_TO_trim_color_1` FOREIGN KEY (`trim_id`) REFERENCES `trim` (`id`)
) ENGINE = InnoDB
  AUTO_INCREMENT = 60
  DEFAULT CHARSET = utf8mb4
  COLLATE = utf8mb4_0900_ai_ci;
/*!40101 SET character_set_client = @saved_cs_client */;

--
-- Dumping data for table `exteriorColor_interiorColor`
--

LOCK TABLES `exteriorColor_interiorColor` WRITE;
/*!40000 ALTER TABLE `exteriorColor_interiorColor`
    DISABLE KEYS */;
INSERT INTO `exteriorColor_interiorColor`
VALUES (1, 1, 1, 1),
       (2, 1, 2, 1),
       (3, 1, 1, 2),
       (4, 1, 2, 2),
       (5, 1, 1, 3),
       (6, 1, 2, 3),
       (7, 1, 1, 4),
       (8, 1, 2, 4),
       (9, 1, 1, 5),
       (10, 1, 2, 5),
       (11, 1, 1, 6),
       (12, 1, 2, 6),
       (13, 2, 3, 1),
       (14, 2, 3, 2),
       (15, 2, 3, 3),
       (16, 2, 3, 4),
       (17, 2, 3, 5),
       (18, 2, 3, 6),
       (19, 3, 7, 1),
       (20, 3, 9, 1),
       (21, 3, 10, 1),
       (22, 3, 7, 2),
       (23, 3, 9, 2),
       (24, 3, 10, 2),
       (25, 3, 7, 3),
       (26, 3, 9, 3),
       (27, 3, 10, 3),
       (28, 3, 7, 4),
       (29, 3, 9, 4),
       (30, 3, 10, 4),
       (31, 3, 7, 5),
       (32, 3, 9, 5),
       (33, 3, 10, 5),
       (34, 3, 7, 6),
       (35, 3, 9, 6),
       (36, 3, 10, 6),
       (37, 4, 4, 1),
       (38, 4, 5, 1),
       (39, 4, 6, 1),
       (40, 4, 8, 1),
       (41, 4, 4, 6),
       (42, 4, 5, 6),
       (43, 4, 6, 6),
       (44, 4, 8, 6),
       (45, 4, 4, 2),
       (46, 4, 6, 2),
       (47, 4, 8, 2),
       (48, 4, 4, 3),
       (49, 4, 6, 3),
       (50, 4, 8, 3),
       (51, 4, 4, 4),
       (52, 4, 6, 4),
       (53, 4, 8, 4),
       (54, 4, 4, 5),
       (55, 4, 6, 5),
       (56, 4, 8, 5),
       (57, 4, 4, 7),
       (58, 4, 6, 7),
       (59, 4, 8, 7);
/*!40000 ALTER TABLE `exteriorColor_interiorColor`
    ENABLE KEYS */;
UNLOCK TABLES;

--
-- Table structure for table `exteriorColor_selectedTag`
--

DROP TABLE IF EXISTS `exteriorColor_selectedTag`;
/*!40101 SET @saved_cs_client = @@character_set_client */;
/*!50503 SET character_set_client = utf8mb4 */;
CREATE TABLE `exteriorColor_selectedTag`
(
    `id`                         int NOT NULL AUTO_INCREMENT,
    `archiving_exteriorColor_id` int NOT NULL,
    `tag_id`                     int NOT NULL,
    PRIMARY KEY (`id`),
    KEY `FK_tag_TO_exteriorColor_selectedTag_1` (`tag_id`),
    KEY `FK_archiving_exteriorColor_TO_exteriorColor_selectedTag_1` (`archiving_exteriorColor_id`),
    CONSTRAINT `FK_archiving_exteriorColor_TO_exteriorColor_selectedTag_1` FOREIGN KEY (`archiving_exteriorColor_id`) REFERENCES `archiving_exteriorColor` (`id`) ON DELETE CASCADE,
    CONSTRAINT `FK_tag_TO_exteriorColor_selectedTag_1` FOREIGN KEY (`tag_id`) REFERENCES `tag` (`id`)
) ENGINE = InnoDB
  AUTO_INCREMENT = 301
  DEFAULT CHARSET = utf8mb4
  COLLATE = utf8mb4_0900_ai_ci;
/*!40101 SET character_set_client = @saved_cs_client */;

--
-- Dumping data for table `exteriorColor_selectedTag`
--

LOCK TABLES `exteriorColor_selectedTag` WRITE;
/*!40000 ALTER TABLE `exteriorColor_selectedTag`
    DISABLE KEYS */;
INSERT INTO `exteriorColor_selectedTag`
VALUES (4, 2, 29),
       (5, 2, 2),
       (6, 2, 19),
       (7, 3, 50),
       (8, 3, 56),
       (9, 3, 1),
       (10, 4, 40),
       (11, 4, 52),
       (12, 4, 45),
       (16, 6, 6),
       (17, 6, 37),
       (18, 6, 59),
       (19, 7, 42),
       (20, 7, 58),
       (21, 7, 15),
       (22, 8, 59),
       (23, 8, 33),
       (24, 8, 29),
       (25, 9, 30),
       (26, 9, 66),
       (27, 9, 54),
       (28, 10, 14),
       (29, 10, 65),
       (30, 10, 40),
       (31, 11, 63),
       (32, 11, 7),
       (33, 11, 38),
       (34, 12, 4),
       (35, 12, 42),
       (36, 12, 28),
       (37, 13, 41),
       (38, 13, 61),
       (39, 13, 36),
       (40, 14, 1),
       (41, 14, 9),
       (42, 14, 67),
       (43, 15, 25),
       (44, 15, 52),
       (45, 15, 24),
       (46, 16, 39),
       (47, 16, 10),
       (48, 16, 36),
       (49, 17, 58),
       (50, 17, 45),
       (51, 17, 6),
       (52, 18, 65),
       (53, 18, 11),
       (54, 18, 17),
       (55, 19, 64),
       (56, 19, 35),
       (57, 19, 60),
       (58, 20, 14),
       (59, 20, 53),
       (60, 20, 18),
       (61, 21, 1),
       (62, 21, 10),
       (63, 21, 17),
       (64, 22, 57),
       (65, 22, 61),
       (66, 22, 42),
       (67, 23, 15),
       (68, 23, 12),
       (69, 23, 60),
       (70, 24, 4),
       (71, 24, 20),
       (72, 24, 60),
       (76, 26, 54),
       (77, 26, 24),
       (78, 26, 56),
       (79, 27, 49),
       (80, 27, 48),
       (81, 27, 43),
       (82, 28, 43),
       (83, 28, 5),
       (84, 28, 49),
       (85, 29, 40),
       (86, 29, 39),
       (87, 29, 23),
       (88, 30, 44),
       (89, 30, 24),
       (90, 30, 65),
       (94, 32, 7),
       (95, 32, 25),
       (96, 32, 52),
       (103, 35, 8),
       (104, 35, 49),
       (105, 35, 42),
       (106, 36, 64),
       (107, 36, 63),
       (108, 36, 17),
       (109, 37, 61),
       (110, 37, 59),
       (111, 37, 50),
       (112, 38, 37),
       (113, 38, 36),
       (114, 38, 19),
       (115, 39, 34),
       (116, 39, 5),
       (117, 39, 33),
       (118, 40, 19),
       (119, 40, 67),
       (120, 40, 4),
       (121, 41, 8),
       (122, 41, 44),
       (123, 41, 33),
       (124, 42, 38),
       (125, 42, 44),
       (126, 42, 49),
       (127, 43, 53),
       (128, 43, 6),
       (129, 43, 13),
       (130, 44, 60),
       (131, 44, 41),
       (132, 44, 8),
       (133, 45, 43),
       (134, 45, 61),
       (135, 45, 20),
       (136, 46, 50),
       (137, 46, 38),
       (138, 46, 67),
       (139, 47, 7),
       (140, 47, 9),
       (141, 47, 12),
       (142, 48, 41),
       (143, 48, 49),
       (144, 48, 32),
       (145, 49, 21),
       (146, 49, 12),
       (147, 49, 2),
       (148, 50, 13),
       (149, 50, 44),
       (150, 50, 36),
       (151, 51, 46),
       (152, 51, 26),
       (153, 51, 37),
       (154, 52, 51),
       (155, 52, 49),
       (156, 52, 5),
       (157, 53, 59),
       (158, 53, 62),
       (159, 53, 16),
       (160, 54, 18),
       (161, 54, 22),
       (162, 54, 17),
       (163, 55, 12),
       (164, 55, 49),
       (165, 55, 3),
       (166, 56, 11),
       (167, 56, 16),
       (168, 56, 33),
       (169, 57, 31),
       (170, 57, 64),
       (171, 57, 43),
       (172, 58, 67),
       (173, 58, 22),
       (174, 58, 7),
       (175, 59, 50),
       (176, 59, 54),
       (177, 59, 53),
       (181, 61, 5),
       (182, 61, 27),
       (183, 61, 37),
       (184, 62, 66),
       (185, 62, 27),
       (186, 62, 57),
       (187, 63, 62),
       (188, 63, 16),
       (189, 63, 8),
       (190, 64, 45),
       (191, 64, 55),
       (192, 64, 36),
       (193, 65, 15),
       (194, 65, 44),
       (195, 65, 24),
       (196, 66, 17),
       (197, 66, 20),
       (198, 66, 43),
       (199, 67, 61),
       (200, 67, 51),
       (201, 67, 4),
       (202, 68, 66),
       (203, 68, 48),
       (204, 68, 59),
       (208, 70, 63),
       (209, 70, 3),
       (210, 70, 44),
       (211, 71, 38),
       (212, 71, 1),
       (213, 71, 51),
       (214, 72, 62),
       (215, 72, 61),
       (216, 72, 46),
       (217, 73, 6),
       (218, 73, 62),
       (219, 73, 42),
       (220, 74, 18),
       (221, 74, 20),
       (222, 74, 49),
       (223, 75, 20),
       (224, 75, 19),
       (225, 75, 27),
       (226, 76, 48),
       (227, 76, 10),
       (228, 76, 64),
       (232, 78, 8),
       (233, 78, 26),
       (234, 78, 59),
       (241, 81, 56),
       (242, 81, 41),
       (243, 81, 39),
       (244, 82, 42),
       (245, 82, 34),
       (246, 82, 5),
       (247, 83, 21),
       (248, 83, 58),
       (249, 83, 26),
       (250, 84, 13),
       (251, 84, 14),
       (252, 84, 39),
       (256, 86, 17),
       (257, 86, 5),
       (258, 86, 25),
       (259, 87, 2),
       (260, 87, 26),
       (261, 87, 60),
       (262, 88, 31),
       (263, 88, 15),
       (264, 88, 39),
       (268, 90, 31),
       (269, 90, 26),
       (270, 90, 18),
       (271, 91, 36),
       (272, 91, 14),
       (273, 91, 22),
       (274, 92, 62),
       (275, 92, 36),
       (276, 92, 55),
       (277, 93, 58),
       (278, 93, 13),
       (279, 93, 29),
       (280, 94, 29),
       (281, 94, 33),
       (282, 94, 35),
       (283, 95, 26),
       (284, 95, 16),
       (285, 95, 58),
       (286, 96, 59),
       (287, 96, 15),
       (288, 96, 14),
       (289, 97, 45),
       (290, 97, 56),
       (291, 97, 30),
       (292, 98, 45),
       (293, 98, 63),
       (294, 98, 14);
/*!40000 ALTER TABLE `exteriorColor_selectedTag`
    ENABLE KEYS */;
UNLOCK TABLES;

--
-- Table structure for table `feed`
--

DROP TABLE IF EXISTS `feed`;
/*!40101 SET @saved_cs_client = @@character_set_client */;
/*!50503 SET character_set_client = utf8mb4 */;
CREATE TABLE `feed`
(
    `id`           int    NOT NULL AUTO_INCREMENT,
    `user_id`      int    NOT NULL,
    `archiving_id` bigint NOT NULL,
    PRIMARY KEY (`id`),
    KEY `FK_user_TO_feed_1` (`user_id`),
    KEY `FK_archiving_TO_feed_1` (`archiving_id`),
    CONSTRAINT `FK_user_TO_feed_1` FOREIGN KEY (`user_id`) REFERENCES `user` (`id`)
) ENGINE = InnoDB
  AUTO_INCREMENT = 277
  DEFAULT CHARSET = utf8mb4
  COLLATE = utf8mb4_0900_ai_ci;
/*!40101 SET character_set_client = @saved_cs_client */;

--
-- Dumping data for table `feed`
--

LOCK TABLES `feed` WRITE;
/*!40000 ALTER TABLE `feed`
    DISABLE KEYS */;
INSERT INTO `feed`
VALUES (246, 1, 2),
       (257, 1, 1),
       (258, 1, 1);
/*!40000 ALTER TABLE `feed`
    ENABLE KEYS */;
UNLOCK TABLES;

--
-- Table structure for table `interiorColor`
--

DROP TABLE IF EXISTS `interiorColor`;
/*!40101 SET @saved_cs_client = @@character_set_client */;
/*!50503 SET character_set_client = utf8mb4 */;
CREATE TABLE `interiorColor`
(
    `id`                 int          NOT NULL AUTO_INCREMENT,
    `name`               varchar(50)  NOT NULL,
    `color_image_url`    varchar(255) NOT NULL,
    `interior_image_url` varchar(255) NOT NULL,
    `additional_price`   int          NOT NULL,
    PRIMARY KEY (`id`)
) ENGINE = InnoDB
  AUTO_INCREMENT = 11
  DEFAULT CHARSET = utf8mb4
  COLLATE = utf8mb4_0900_ai_ci;
/*!40101 SET character_set_client = @saved_cs_client */;

--
-- Dumping data for table `interiorColor`
--

LOCK TABLES `interiorColor` WRITE;
/*!40000 ALTER TABLE `interiorColor`
    DISABLE KEYS */;
INSERT INTO `interiorColor`
VALUES (1, '퀄팅천연(블랙)',
        'https://88hey-bucket.s3.ap-northeast-2.amazonaws.com/88hey/color/interior/colorchip/quilting-natural-black.png',
        'https://88hey-bucket.s3.ap-northeast-2.amazonaws.com/88hey/color/interior/car/quilting-natural-black.png', 0),
       (2, '쿨그레이', 'https://88hey-bucket.s3.ap-northeast-2.amazonaws.com/88hey/color/interior/colorchip/coolgray.png',
        'https://88hey-bucket.s3.ap-northeast-2.amazonaws.com/88hey/color/interior/car/coolgray.png', 0),
       (3, '인조가죽(블랙)',
        'https://88hey-bucket.s3.ap-northeast-2.amazonaws.com/88hey/color/interior/colorchip/artificial-leather-black.png',
        'https://88hey-bucket.s3.ap-northeast-2.amazonaws.com/88hey/color/interior/car/artificial-leather-black.png',
        0),
       (4, '블랙(고급)',
        'https://88hey-bucket.s3.ap-northeast-2.amazonaws.com/88hey/color/interior/colorchip/black-advanced.png',
        'https://88hey-bucket.s3.ap-northeast-2.amazonaws.com/88hey/color/interior/car/black-advanced.png', 0),
       (5, '블랙원톤(블랙에디션 전용)',
        'https://88hey-bucket.s3.ap-northeast-2.amazonaws.com/88hey/color/interior/colorchip/black-one.png',
        'https://88hey-bucket.s3.ap-northeast-2.amazonaws.com/88hey/color/interior/car/black-one.png', 0),
       (6, '브라운', 'https://88hey-bucket.s3.ap-northeast-2.amazonaws.com/88hey/color/interior/colorchip/brown.png',
        'https://88hey-bucket.s3.ap-northeast-2.amazonaws.com/88hey/color/interior/car/brown.png', 0),
       (7, '네이비', 'https://88hey-bucket.s3.ap-northeast-2.amazonaws.com/88hey/color/interior/colorchip/navy.png',
        'https://88hey-bucket.s3.ap-northeast-2.amazonaws.com/88hey/color/interior/car/navy.png', 0),
       (8, '네이비/웜그레이 투톤',
        'https://88hey-bucket.s3.ap-northeast-2.amazonaws.com/88hey/color/interior/colorchip/Navy-Worm-Gray.png',
        'https://88hey-bucket.s3.ap-northeast-2.amazonaws.com/88hey/color/interior/car/Navy-Worm-Gray.png', 0),
       (9, '블랙', 'https://88hey-bucket.s3.ap-northeast-2.amazonaws.com/88hey/color/interior/colorchip/black.png',
        'https://88hey-bucket.s3.ap-northeast-2.amazonaws.com/88hey/color/interior/car/black.png', 0),
       (10, '버건디', 'https://88hey-bucket.s3.ap-northeast-2.amazonaws.com/88hey/color/interior/colorchip/burgundy.png',
        'https://88hey-bucket.s3.ap-northeast-2.amazonaws.com/88hey/color/interior/car/burgundy.png', 0);
/*!40000 ALTER TABLE `interiorColor`
    ENABLE KEYS */;
UNLOCK TABLES;

--
-- Table structure for table `interiorColor_availableTag`
--

DROP TABLE IF EXISTS `interiorColor_availableTag`;
/*!40101 SET @saved_cs_client = @@character_set_client */;
/*!50503 SET character_set_client = utf8mb4 */;
CREATE TABLE `interiorColor_availableTag`
(
    `id`                int NOT NULL AUTO_INCREMENT,
    `tag_id`            int NOT NULL,
    `interior_color_id` int NOT NULL,
    PRIMARY KEY (`id`),
    KEY `FK_tag_TO_interiorColor_availableTag_1` (`tag_id`),
    KEY `FK_interiorColor_TO_interiorColor_availableTag_1` (`interior_color_id`),
    CONSTRAINT `FK_interiorColor_TO_interiorColor_availableTag_1` FOREIGN KEY (`interior_color_id`) REFERENCES `interiorColor` (`id`),
    CONSTRAINT `FK_tag_TO_interiorColor_availableTag_1` FOREIGN KEY (`tag_id`) REFERENCES `tag` (`id`)
) ENGINE = InnoDB
  AUTO_INCREMENT = 51
  DEFAULT CHARSET = utf8mb4
  COLLATE = utf8mb4_0900_ai_ci;
/*!40101 SET character_set_client = @saved_cs_client */;

--
-- Dumping data for table `interiorColor_availableTag`
--

LOCK TABLES `interiorColor_availableTag` WRITE;
/*!40000 ALTER TABLE `interiorColor_availableTag`
    DISABLE KEYS */;
INSERT INTO `interiorColor_availableTag`
VALUES (1, 4, 1),
       (2, 4, 2),
       (3, 4, 3),
       (4, 4, 4),
       (5, 4, 5),
       (6, 4, 6),
       (7, 4, 7),
       (8, 4, 8),
       (9, 4, 9),
       (10, 4, 10),
       (11, 5, 1),
       (12, 5, 2),
       (13, 5, 3),
       (14, 5, 4),
       (15, 5, 5),
       (16, 5, 6),
       (17, 5, 7),
       (18, 5, 8),
       (19, 5, 9),
       (20, 5, 10),
       (21, 6, 1),
       (22, 6, 2),
       (23, 6, 3),
       (24, 6, 4),
       (25, 6, 5),
       (26, 6, 6),
       (27, 6, 7),
       (28, 6, 8),
       (29, 6, 9),
       (30, 6, 10),
       (31, 7, 1),
       (32, 7, 2),
       (33, 7, 3),
       (34, 7, 4),
       (35, 7, 5),
       (36, 7, 6),
       (37, 7, 7),
       (38, 7, 8),
       (39, 7, 9),
       (40, 7, 10),
       (41, 8, 1),
       (42, 8, 2),
       (43, 8, 3),
       (44, 8, 4),
       (45, 8, 5),
       (46, 8, 6),
       (47, 8, 7),
       (48, 8, 8),
       (49, 8, 9),
       (50, 8, 10);
/*!40000 ALTER TABLE `interiorColor_availableTag`
    ENABLE KEYS */;
UNLOCK TABLES;

--
-- Table structure for table `interiorColor_selectedTag`
--

DROP TABLE IF EXISTS `interiorColor_selectedTag`;
/*!40101 SET @saved_cs_client = @@character_set_client */;
/*!50503 SET character_set_client = utf8mb4 */;
CREATE TABLE `interiorColor_selectedTag`
(
    `id`                         int NOT NULL AUTO_INCREMENT,
    `archiving_interiorColor_id` int NOT NULL,
    `tag_id`                     int NOT NULL,
    PRIMARY KEY (`id`),
    KEY `FK_tag_TO_interiorColor_selectedTag_1` (`tag_id`),
    KEY `FK_archiving_interiorColor_TO_interiorColor_selectedTag_1` (`archiving_interiorColor_id`),
    CONSTRAINT `FK_archiving_interiorColor_TO_interiorColor_selectedTag_1` FOREIGN KEY (`archiving_interiorColor_id`) REFERENCES `archiving_interiorColor` (`id`) ON DELETE CASCADE,
    CONSTRAINT `FK_tag_TO_interiorColor_selectedTag_1` FOREIGN KEY (`tag_id`) REFERENCES `tag` (`id`)
) ENGINE = InnoDB
  AUTO_INCREMENT = 301
  DEFAULT CHARSET = utf8mb4
  COLLATE = utf8mb4_0900_ai_ci;
/*!40101 SET character_set_client = @saved_cs_client */;

--
-- Dumping data for table `interiorColor_selectedTag`
--

LOCK TABLES `interiorColor_selectedTag` WRITE;
/*!40000 ALTER TABLE `interiorColor_selectedTag`
    DISABLE KEYS */;
INSERT INTO `interiorColor_selectedTag`
VALUES (4, 2, 29),
       (5, 2, 2),
       (6, 2, 19),
       (10, 4, 40),
       (11, 4, 52),
       (12, 4, 45),
       (13, 5, 49),
       (14, 5, 65),
       (15, 5, 39),
       (16, 6, 6),
       (17, 6, 37),
       (18, 6, 59),
       (19, 7, 42),
       (20, 7, 58),
       (21, 7, 15),
       (22, 8, 59),
       (23, 8, 33),
       (24, 8, 29),
       (25, 9, 30),
       (26, 9, 66),
       (27, 9, 54),
       (28, 10, 14),
       (29, 10, 65),
       (30, 10, 40),
       (31, 11, 63),
       (32, 11, 7),
       (33, 11, 38),
       (34, 12, 4),
       (35, 12, 42),
       (36, 12, 28),
       (37, 13, 41),
       (38, 13, 61),
       (39, 13, 36),
       (40, 14, 1),
       (41, 14, 9),
       (42, 14, 67),
       (43, 15, 25),
       (44, 15, 52),
       (45, 15, 24),
       (46, 16, 39),
       (47, 16, 10),
       (48, 16, 36),
       (49, 17, 58),
       (50, 17, 45),
       (51, 17, 6),
       (52, 18, 65),
       (53, 18, 11),
       (54, 18, 17),
       (55, 19, 64),
       (56, 19, 35),
       (57, 19, 60),
       (58, 20, 14),
       (59, 20, 53),
       (60, 20, 18),
       (61, 21, 1),
       (62, 21, 10),
       (63, 21, 17),
       (64, 22, 57),
       (65, 22, 61),
       (66, 22, 42),
       (73, 25, 44),
       (74, 25, 41),
       (75, 25, 5),
       (76, 26, 54),
       (77, 26, 24),
       (78, 26, 56),
       (79, 27, 49),
       (80, 27, 48),
       (81, 27, 43),
       (82, 28, 43),
       (83, 28, 5),
       (84, 28, 49),
       (85, 29, 40),
       (86, 29, 39),
       (87, 29, 23),
       (88, 30, 44),
       (89, 30, 24),
       (90, 30, 65),
       (91, 31, 47),
       (92, 31, 42),
       (93, 31, 60),
       (94, 32, 7),
       (95, 32, 25),
       (96, 32, 52),
       (97, 33, 13),
       (98, 33, 34),
       (99, 33, 55),
       (100, 34, 63),
       (101, 34, 27),
       (102, 34, 41),
       (103, 35, 8),
       (104, 35, 49),
       (105, 35, 42),
       (106, 36, 64),
       (107, 36, 63),
       (108, 36, 17),
       (112, 38, 37),
       (113, 38, 36),
       (114, 38, 19),
       (115, 39, 34),
       (116, 39, 5),
       (117, 39, 33),
       (118, 40, 19),
       (119, 40, 67),
       (120, 40, 4),
       (121, 41, 8),
       (122, 41, 44),
       (123, 41, 33),
       (124, 42, 38),
       (125, 42, 44),
       (126, 42, 49),
       (127, 43, 53),
       (128, 43, 6),
       (129, 43, 13),
       (130, 44, 60),
       (131, 44, 41),
       (132, 44, 8),
       (133, 45, 43),
       (134, 45, 61),
       (135, 45, 20),
       (136, 46, 50),
       (137, 46, 38),
       (138, 46, 67),
       (139, 47, 7),
       (140, 47, 9),
       (141, 47, 12),
       (142, 48, 41),
       (143, 48, 49),
       (144, 48, 32),
       (145, 49, 21),
       (146, 49, 12),
       (147, 49, 2),
       (148, 50, 13),
       (149, 50, 44),
       (150, 50, 36),
       (151, 51, 46),
       (152, 51, 26),
       (153, 51, 37),
       (154, 52, 51),
       (155, 52, 49),
       (156, 52, 5),
       (157, 53, 59),
       (158, 53, 62),
       (159, 53, 16),
       (160, 54, 18),
       (161, 54, 22),
       (162, 54, 17),
       (163, 55, 12),
       (164, 55, 49),
       (165, 55, 3),
       (166, 56, 11),
       (167, 56, 16),
       (168, 56, 33),
       (169, 57, 31),
       (170, 57, 64),
       (171, 57, 43),
       (172, 58, 67),
       (173, 58, 22),
       (174, 58, 7),
       (175, 59, 50),
       (176, 59, 54),
       (177, 59, 53),
       (178, 60, 9),
       (179, 60, 63),
       (180, 60, 50),
       (181, 61, 5),
       (182, 61, 27),
       (183, 61, 37),
       (184, 62, 66),
       (185, 62, 27),
       (186, 62, 57),
       (187, 63, 62),
       (188, 63, 16),
       (189, 63, 8),
       (190, 64, 45),
       (191, 64, 55),
       (192, 64, 36),
       (193, 65, 15),
       (194, 65, 44),
       (195, 65, 24),
       (196, 66, 17),
       (197, 66, 20),
       (198, 66, 43),
       (199, 67, 61),
       (200, 67, 51),
       (201, 67, 4),
       (202, 68, 66),
       (203, 68, 48),
       (204, 68, 59),
       (205, 69, 66),
       (206, 69, 2),
       (207, 69, 62),
       (208, 70, 63),
       (209, 70, 3),
       (210, 70, 44),
       (214, 72, 62),
       (215, 72, 61),
       (216, 72, 46),
       (217, 73, 6),
       (218, 73, 62),
       (219, 73, 42),
       (220, 74, 18),
       (221, 74, 20),
       (222, 74, 49),
       (229, 77, 16),
       (230, 77, 50),
       (231, 77, 9),
       (235, 79, 34),
       (236, 79, 44),
       (237, 79, 1),
       (238, 80, 27),
       (239, 80, 14),
       (240, 80, 33),
       (241, 81, 56),
       (242, 81, 41),
       (243, 81, 39),
       (247, 83, 21),
       (248, 83, 58),
       (249, 83, 26),
       (250, 84, 13),
       (251, 84, 14),
       (252, 84, 39),
       (253, 85, 40),
       (254, 85, 34),
       (255, 85, 30),
       (256, 86, 17),
       (257, 86, 5),
       (258, 86, 25),
       (259, 87, 2),
       (260, 87, 26),
       (261, 87, 60),
       (268, 90, 31),
       (269, 90, 26),
       (270, 90, 18),
       (271, 91, 36),
       (272, 91, 14),
       (273, 91, 22),
       (274, 92, 62),
       (275, 92, 36),
       (276, 92, 55),
       (280, 94, 29),
       (281, 94, 33),
       (282, 94, 35),
       (283, 95, 26),
       (284, 95, 16),
       (285, 95, 58),
       (286, 96, 59),
       (287, 96, 15),
       (288, 96, 14),
       (289, 97, 45),
       (290, 97, 56),
       (291, 97, 30),
       (292, 98, 45),
       (293, 98, 63),
       (294, 98, 14);
/*!40000 ALTER TABLE `interiorColor_selectedTag`
    ENABLE KEYS */;
UNLOCK TABLES;

--
-- Table structure for table `model`
--

DROP TABLE IF EXISTS `model`;
/*!40101 SET @saved_cs_client = @@character_set_client */;
/*!50503 SET character_set_client = utf8mb4 */;
CREATE TABLE `model`
(
    `id`          int         NOT NULL AUTO_INCREMENT,
    `name`        varchar(50) NOT NULL,
    `category_id` int         NOT NULL,
    PRIMARY KEY (`id`),
    KEY `FK_car_type_TO_model_1` (`category_id`),
    CONSTRAINT `FK_car_type_TO_model_1` FOREIGN KEY (`category_id`) REFERENCES `carType` (`id`)
) ENGINE = InnoDB
  AUTO_INCREMENT = 2
  DEFAULT CHARSET = utf8mb4
  COLLATE = utf8mb4_0900_ai_ci;
/*!40101 SET character_set_client = @saved_cs_client */;

--
-- Dumping data for table `model`
--

LOCK TABLES `model` WRITE;
/*!40000 ALTER TABLE `model`
    DISABLE KEYS */;
INSERT INTO `model`
VALUES (1, '팰리세이드', 3);
/*!40000 ALTER TABLE `model`
    ENABLE KEYS */;
UNLOCK TABLES;

--
-- Table structure for table `modelImage`
--

DROP TABLE IF EXISTS `modelImage`;
/*!40101 SET @saved_cs_client = @@character_set_client */;
/*!50503 SET character_set_client = utf8mb4 */;
CREATE TABLE `modelImage`
(
    `id`        int          NOT NULL AUTO_INCREMENT,
    `image_url` varchar(255) NOT NULL,
    `model_id`  int          NOT NULL,
    PRIMARY KEY (`id`),
    KEY `FK_model_TO_modelImage_1` (`model_id`),
    CONSTRAINT `FK_model_TO_modelImage_1` FOREIGN KEY (`model_id`) REFERENCES `model` (`id`)
) ENGINE = InnoDB
  AUTO_INCREMENT = 5
  DEFAULT CHARSET = utf8mb4
  COLLATE = utf8mb4_0900_ai_ci;
/*!40101 SET character_set_client = @saved_cs_client */;

--
-- Dumping data for table `modelImage`
--

LOCK TABLES `modelImage` WRITE;
/*!40000 ALTER TABLE `modelImage`
    DISABLE KEYS */;
INSERT INTO `modelImage`
VALUES (1, 'https://88hey-bucket.s3.ap-northeast-2.amazonaws.com/88hey/model/palisade/palisade1.png', 1),
       (2, 'https://88hey-bucket.s3.ap-northeast-2.amazonaws.com/88hey/model/palisade/palisade2.png', 1),
       (3, 'https://88hey-bucket.s3.ap-northeast-2.amazonaws.com/88hey/model/palisade/palisade3.png', 1),
       (4, 'https://88hey-bucket.s3.ap-northeast-2.amazonaws.com/88hey/model/palisade/palisade4.png', 1);
/*!40000 ALTER TABLE `modelImage`
    ENABLE KEYS */;
UNLOCK TABLES;

--
-- Table structure for table `myArchiving`
--

DROP TABLE IF EXISTS `myArchiving`;
/*!40101 SET @saved_cs_client = @@character_set_client */;
/*!50503 SET character_set_client = utf8mb4 */;
CREATE TABLE `myArchiving`
(
    `id`                bigint     NOT NULL,
    `user_id`           int DEFAULT NULL,
    `interior_color_id` int DEFAULT NULL,
    `exterior_color_id` int DEFAULT NULL,
    `body_type_id`      int DEFAULT NULL,
    `wheel_type_id`     int DEFAULT NULL,
    `trim_id`           int DEFAULT NULL,
    `engine_id`         int DEFAULT NULL,
    `is_submitted`      tinyint(1) NOT NULL,
    `last_modified`     datetime   NOT NULL,
    PRIMARY KEY (`id`),
    KEY `FK_exteriorColor_TO_myArchiving_1` (`exterior_color_id`),
    KEY `FK_interiorColor_TO_myArchiving_1` (`interior_color_id`),
    KEY `FK_user_TO_myArchiving_1` (`user_id`),
    KEY `FK_bodyType_TO_myArchiving_1` (`body_type_id`),
    KEY `FK_wheelType_TO_myArchiving_1` (`wheel_type_id`),
    KEY `FK_trim_TO_myArchiving_1` (`trim_id`),
    KEY `FK_engine_TO_myArchiving_1` (`engine_id`),
    CONSTRAINT `FK_bodyType_TO_myArchiving_1` FOREIGN KEY (`body_type_id`) REFERENCES `bodyType` (`id`),
    CONSTRAINT `FK_engine_TO_myArchiving_1` FOREIGN KEY (`engine_id`) REFERENCES `engine` (`id`),
    CONSTRAINT `FK_exteriorColor_TO_myArchiving_1` FOREIGN KEY (`exterior_color_id`) REFERENCES `exteriorColor` (`id`),
    CONSTRAINT `FK_interiorColor_TO_myArchiving_1` FOREIGN KEY (`interior_color_id`) REFERENCES `interiorColor` (`id`),
    CONSTRAINT `FK_trim_TO_myArchiving_1` FOREIGN KEY (`trim_id`) REFERENCES `trim` (`id`),
    CONSTRAINT `FK_user_TO_myArchiving_1` FOREIGN KEY (`user_id`) REFERENCES `user` (`id`),
    CONSTRAINT `FK_wheelType_TO_myArchiving_1` FOREIGN KEY (`wheel_type_id`) REFERENCES `wheelType` (`id`)
) ENGINE = InnoDB
  DEFAULT CHARSET = utf8mb4
  COLLATE = utf8mb4_0900_ai_ci;
/*!40101 SET character_set_client = @saved_cs_client */;

--
-- Dumping data for table `myArchiving`
--

LOCK TABLES `myArchiving` WRITE;
/*!40000 ALTER TABLE `myArchiving`
    DISABLE KEYS */;
INSERT INTO `myArchiving`
VALUES (481475070932036900, 1, 1, 1, 1, 1, 1, 1, 1, '2023-08-21 14:55:05'),
       (481477099175816661, 1, 1, 1, 1, 1, 1, 1, 1, '2023-08-21 15:04:48'),
       (481480846484450093, 1, 1, 1, 1, 1, 1, 1, 1, '2023-08-21 15:13:03'),
       (481481074642005997, 1, 1, 1, 1, 1, 1, 1, 1, '2023-08-21 15:13:58'),
       (481481847144722153, 1, 1, 1, 1, 1, 1, 1, 1, '2023-08-21 15:17:07'),
       (481482448784072969, 1, 1, 1, 1, 1, 1, 1, 1, '2023-08-21 15:19:25'),
       (481483270469197972, 1, 1, 1, 1, 1, 1, 1, 1, '2023-08-21 15:22:41'),
       (481483391516811716, 1, 1, 1, 1, 1, 1, 1, 1, '2023-08-21 15:23:09'),
       (481483854156932662, 1, 1, 1, 2, 1, 1, 1, 0, '2023-08-21 15:26:27'),
       (481487121896302673, 1, 1, 1, 1, 1, 1, 1, 0, '2023-08-21 15:38:29'),
       (481489416813930600, 1, 2, 1, 1, 1, 1, 1, 0, '2023-08-21 15:50:51'),
       (481490775913230951, 1, 5, 3, 1, 1, 2, 1, 0, '2023-08-22 02:21:28'),
       (481491588356107607, 1, 1, 6, 2, 2, 1, 2, 1, '2023-08-21 15:56:31'),
       (481494405280032806, 1, 2, 5, 1, 2, 1, 1, 0, '2023-08-21 16:08:22'),
       (481495201874831745, 1, 1, 3, 2, 2, 1, 1, 1, '2023-08-21 16:18:15'),
       (481603716467518117, 1, 1, 3, 2, 2, 1, 1, 0, '2023-08-21 23:21:49'),
       (481628272301305854, 1, 2, 6, 1, 2, 1, 1, 0, '2023-08-22 01:03:21'),
       (481629406428523323, 1, 2, 2, 1, 2, 1, 1, 0, '2023-08-22 01:12:07'),
       (481629674817839359, 1, NULL, NULL, 1, 1, 1, 1, 0, '2023-08-22 01:04:24'),
       (481640110460102669, 1, 1, 1, 1, 1, 1, 1, 0, '2023-08-22 01:45:57'),
       (481644720360907755, 1, 1, 2, 1, 1, 1, 1, 1, '2023-08-22 02:04:35'),
       (481645008601867899, 1, 2, 2, 2, 2, 1, 1, 0, '2023-08-22 02:07:40'),
       (481692944127251819, 109, NULL, NULL, 2, 2, 1, 2, 0, '2023-08-22 05:16:06'),
       (481699349878034598, 109, 2, 4, 2, 2, 1, 1, 0, '2023-08-22 05:41:47'),
       (481708523982706360, 109, 2, 1, 1, 2, 1, 1, 0, '2023-08-22 06:24:50'),
       (481734184695686931, 109, 1, 3, 2, 2, 1, 1, 1, '2023-08-22 17:00:25'),
       (481837051733257299, 109, NULL, NULL, NULL, NULL, 1, 1, 0, '2023-08-22 23:48:27'),
       (481837185007263866, 109, NULL, NULL, 1, 2, 1, 1, 0, '2023-08-22 23:48:59'),
       (481837342474021791, 109, NULL, NULL, 2, 2, 1, 2, 0, '2023-08-22 23:49:42'),
       (481837484413461503, 109, 1, 1, 2, 1, 1, 1, 1, '2023-08-22 23:59:03'),
       (481847935616592298, 109, NULL, NULL, 1, 1, 1, 1, 0, '2023-08-23 00:32:14'),
       (481849551136663574, 109, NULL, NULL, NULL, NULL, 1, NULL, 0, '2023-08-23 00:38:05'),
       (481850974620524908, 109, NULL, NULL, NULL, NULL, 1, NULL, 0, '2023-08-23 00:43:45'),
       (481852143203950595, 109, NULL, NULL, NULL, NULL, 1, NULL, 0, '2023-08-23 00:48:23'),
       (481857463942818804, 109, NULL, NULL, NULL, NULL, 1, NULL, 0, '2023-08-23 01:09:32'),
       (481862651571250845, 109, NULL, NULL, NULL, NULL, 1, NULL, 0, '2023-08-23 01:30:09'),
       (481863604194160035, 109, NULL, NULL, 1, 2, 1, 2, 0, '2023-08-23 01:34:09'),
       (481870360454538147, 109, NULL, NULL, 2, 1, 1, 2, 0, '2023-08-23 02:00:52'),
       (481968280268876181, 109, NULL, NULL, NULL, NULL, 1, NULL, 0, '2023-08-23 08:29:53'),
       (481993924302253431, 109, NULL, 1, 1, 1, 1, 1, 0, '2023-08-23 10:11:57'),
       (481994651334518613, 109, NULL, NULL, 1, 1, 1, 1, 0, '2023-08-23 10:14:43'),
       (482002655333228963, 109, NULL, NULL, NULL, NULL, 1, NULL, 0, '2023-08-23 10:46:28'),
       (482008588547194960, 109, NULL, NULL, NULL, NULL, 1, NULL, 0, '2023-08-23 11:10:03'),
       (482013696764873984, 109, NULL, 1, 1, 1, 1, 2, 0, '2023-08-23 11:30:28'),
       (482013833419489896, 109, NULL, 1, 1, 1, 1, 1, 0, '2023-08-23 11:31:01'),
       (482014313457583718, 109, NULL, 1, 1, 1, 1, 1, 0, '2023-08-23 11:32:52'),
       (482014476972524568, 109, NULL, 1, 1, 1, 1, 1, 0, '2023-08-23 11:33:38'),
       (482015137801899424, 109, 1, 1, 1, 1, 1, 1, 0, '2023-08-23 11:37:28'),
       (482015581286631591, 109, 1, 1, 1, 1, 1, 1, 0, '2023-08-23 11:37:59'),
       (482034665642462766, 109, NULL, NULL, 1, 1, 1, 1, 0, '2023-08-23 12:53:46'),
       (482037282279984661, 109, NULL, NULL, NULL, NULL, 1, NULL, 0, '2023-08-23 13:04:04'),
       (482038491547508008, 1, NULL, NULL, NULL, NULL, NULL, NULL, 0, '2023-08-23 13:08:52'),
       (482038908390673014, 109, NULL, NULL, NULL, NULL, 1, NULL, 0, '2023-08-23 13:10:45'),
       (482039448285678256, 109, NULL, NULL, NULL, NULL, 1, 1, 0, '2023-08-23 13:12:51'),
       (482043822680507571, 109, NULL, NULL, NULL, NULL, 1, NULL, 0, '2023-08-23 13:30:03'),
       (482044144131968693, 109, NULL, NULL, NULL, NULL, 1, NULL, 0, '2023-08-23 13:31:20'),
       (482045195887250249, 109, NULL, NULL, NULL, NULL, 1, NULL, 0, '2023-08-23 13:35:31'),
       (482047020879252556, 109, NULL, NULL, NULL, NULL, 1, NULL, 0, '2023-08-23 13:42:46'),
       (482051114872276720, 109, NULL, NULL, NULL, NULL, 1, NULL, 0, '2023-08-23 13:59:02'),
       (482051372561927241, 109, NULL, NULL, NULL, NULL, 1, NULL, 0, '2023-08-23 14:00:03'),
       (482053631077189077, 109, NULL, NULL, NULL, NULL, 1, NULL, 0, '2023-08-23 14:09:02'),
       (482055414155513054, 109, NULL, NULL, 2, NULL, 1, 2, 0, '2023-08-23 14:16:31'),
       (482056248104782960, 109, NULL, NULL, NULL, NULL, 1, 1, 0, '2023-08-23 14:19:30');
/*!40000 ALTER TABLE `myArchiving`
    ENABLE KEYS */;
UNLOCK TABLES;

--
-- Table structure for table `myArchiving_selectOption`
--

DROP TABLE IF EXISTS `myArchiving_selectOption`;
/*!40101 SET @saved_cs_client = @@character_set_client */;
/*!50503 SET character_set_client = utf8mb4 */;
CREATE TABLE `myArchiving_selectOption`
(
    `id`               int         NOT NULL AUTO_INCREMENT,
    `select_option_id` varchar(50) NOT NULL,
    `myArchiving_id`   bigint      NOT NULL,
    PRIMARY KEY (`id`),
    KEY `FK_selectOption_TO_myArchiving_selectOption_1` (`select_option_id`),
    KEY `FK_myArchiving_TO_myArchiving_selectOption_1` (`myArchiving_id`),
    CONSTRAINT `FK_myArchiving_TO_myArchiving_selectOption_1` FOREIGN KEY (`myArchiving_id`) REFERENCES `myArchiving` (`id`),
    CONSTRAINT `FK_selectOption_TO_myArchiving_selectOption_1` FOREIGN KEY (`select_option_id`) REFERENCES `selectOption` (`id`)
) ENGINE = InnoDB
  AUTO_INCREMENT = 4183
  DEFAULT CHARSET = utf8mb4
  COLLATE = utf8mb4_0900_ai_ci;
/*!40101 SET character_set_client = @saved_cs_client */;

--
-- Dumping data for table `myArchiving_selectOption`
--

LOCK TABLES `myArchiving_selectOption` WRITE;
/*!40000 ALTER TABLE `myArchiving_selectOption`
    DISABLE KEYS */;
INSERT INTO `myArchiving_selectOption`
VALUES (852, 'LX0010', 481491588356107607),
       (853, 'LX3220', 481491588356107607),
       (854, 'LX3226', 481491588356107607),
       (899, 'PA2', 481494405280032806),
       (900, 'CO2', 481494405280032806),
       (901, 'DUP', 481494405280032806),
       (902, 'LX0010', 481494405280032806),
       (903, 'LX3220', 481494405280032806),
       (904, 'LX3227', 481494405280032806),
       (907, 'LX0004', 481495201874831745),
       (908, 'LX3233', 481495201874831745),
       (909, 'LX3228', 481495201874831745),
       (917, 'LX0010', 481490775913230951),
       (918, 'PA1', 481490775913230951),
       (979, 'LX0010', 481645008601867899),
       (980, 'LX3228', 481645008601867899),
       (1215, 'LX3226', 481734184695686931),
       (3382, 'PA2', 482015137801899424),
       (3383, 'CO2', 482015137801899424),
       (3384, 'PA2', 482015581286631591),
       (3385, 'CO2', 482015581286631591);
/*!40000 ALTER TABLE `myArchiving_selectOption`
    ENABLE KEYS */;
UNLOCK TABLES;

--
-- Table structure for table `refreshToken`
--

DROP TABLE IF EXISTS `refreshToken`;
/*!40101 SET @saved_cs_client = @@character_set_client */;
/*!50503 SET character_set_client = utf8mb4 */;
CREATE TABLE `refreshToken`
(
    `id`           int          NOT NULL AUTO_INCREMENT,
    `user_id`      int          NOT NULL,
    `refreshToken` varchar(512) NOT NULL,
    `expired_time` datetime DEFAULT NULL,
    PRIMARY KEY (`id`),
    KEY `user_id` (`user_id`),
    CONSTRAINT `refreshToken_ibfk_1` FOREIGN KEY (`user_id`) REFERENCES `user` (`id`)
) ENGINE = InnoDB
  AUTO_INCREMENT = 1512
  DEFAULT CHARSET = utf8mb4
  COLLATE = utf8mb4_0900_ai_ci;
/*!40101 SET character_set_client = @saved_cs_client */;

--
-- Dumping data for table `refreshToken`
--

LOCK TABLES `refreshToken` WRITE;
/*!40000 ALTER TABLE `refreshToken`
    DISABLE KEYS */;
INSERT INTO `refreshToken`
VALUES (207, 1, 'jwt1234', '2023-08-22 11:06:36'),
       (208, 0, 'jwt1234', '2027-08-22 11:08:47');
/*!40000 ALTER TABLE `refreshToken`
    ENABLE KEYS */;
UNLOCK TABLES;

--
-- Table structure for table `selectOption`
--

DROP TABLE IF EXISTS `selectOption`;
/*!40101 SET @saved_cs_client = @@character_set_client */;
/*!50503 SET character_set_client = utf8mb4 */;
CREATE TABLE `selectOption`
(
    `id`               varchar(50)  NOT NULL,
    `name`             varchar(100) NOT NULL,
    `image_url`        varchar(255) NOT NULL,
    `description`      text,
    `category`         varchar(50)  NOT NULL,
    `additional_price` int          NOT NULL,
    `sub_option_count` int          NOT NULL,
    PRIMARY KEY (`id`)
) ENGINE = InnoDB
  DEFAULT CHARSET = utf8mb4
  COLLATE = utf8mb4_0900_ai_ci;
/*!40101 SET character_set_client = @saved_cs_client */;

--
-- Dumping data for table `selectOption`
--

LOCK TABLES `selectOption` WRITE;
/*!40000 ALTER TABLE `selectOption`
    DISABLE KEYS */;
INSERT INTO `selectOption`
VALUES ('2VS', '2열 통풍시트', 'https://88hey-bucket.s3.amazonaws.com/88hey/select-option/2_cooling.jpg',
        '시동이 걸린 상태에서 해당 좌석의 통풍 스위치를 누르면 표시등이 켜지면서 해당 좌석에 바람이 나오는 편의장치입니다.', '선택옵션', 400000, 0),
       ('BIC', '빌트인 캠', 'https://88hey-bucket.s3.amazonaws.com/88hey/select-option/builtincam.jpg',
        '빌트인 적용된 영상기록장치로, 내비게이션 화면을 통해 영상 확인 및 앱 연동을 통해 영상 확인 및 SNS 공유가 가능합니다.', '선택옵션', 690000, 0),
       ('CO1', '컴포트 Ⅰ', 'https://88hey-bucket.s3.amazonaws.com/88hey/select-option/realleatherblack.jpg', NULL, '선택옵션',
        890000, 3),
       ('CO2', '컴포트 Ⅱ', 'https://88hey-bucket.s3.amazonaws.com/88hey/select-option/roa.jpg', NULL, '선택옵션', 1090000, 6),
       ('CVP', '컨비니언스', 'https://88hey-bucket.s3.amazonaws.com/88hey/select-option/frontdoorwindow.jpg', NULL, '선택옵션',
        790000, 3),
       ('DUP', '듀얼 와이드 선루프', 'https://88hey-bucket.s3.amazonaws.com/88hey/select-option/dualwidesunroof.jpg',
        '후석에 고정 글라스를 적용한 듀얼 파노라믹 선루프로 2/3열의 탑승객에게도 넓은 개방감을 선사합니다.', '선택옵션', 890000, 0),
       ('HSS', '현대스마트센스 Ⅰ', 'https://88hey-bucket.s3.amazonaws.com/88hey/select-option/fca2.jpg', NULL, '선택옵션', 790000,
        3),
       ('KRE', 'KRELL 사운드 패키지', 'https://88hey-bucket.s3.amazonaws.com/88hey/select-option/krellsound.jpg', NULL,
        '선택옵션', 690000, 2),
       ('LST', '라이프스타일', 'https://88hey-bucket.s3.amazonaws.com/88hey/select-option/220inverter.jpg', NULL, '선택옵션',
        690000, 7),
       ('LX0004', '프로텍션 매트 패키지 I', 'https://88hey-bucket.s3.amazonaws.com/88hey/select-option/luggageprotectmat.jpg',
        NULL, 'H Genuine Accessories', 250000, 2),
       ('LX0009', '사이드스텝', 'https://88hey-bucket.s3.amazonaws.com/88hey/select-option/sidestep.jpg', '-',
        'H Genuine Accessories', 350000, 0),
       ('LX0010', '차량 보호 필름', 'https://88hey-bucket.s3.amazonaws.com/88hey/select-option/carprotector.jpg', '-',
        'H Genuine Accessories', 490000, 0),
       ('LX3220', '빌트인 공기청정기', 'https://88hey-bucket.s3.amazonaws.com/88hey/select-option/builtinaircleaner.jpg',
        '※ 빌트인 공기청정기 전용 에어필터의 권장 사용기간은 6개월이며(하루 2시간 사용 기준), 에어필터는 현대 Shop(Shop.Hyundai.com) 현대브랜드관을 통해 개별 품목 단위로 구매 가능합니다.',
        'H Genuine Accessories', 400000, 0),
       ('LX3226', '알콘 단조 브레이크 20인치 휠 패키지', 'https://88hey-bucket.s3.amazonaws.com/88hey/select-option/alconbreak.jpg',
        NULL, 'N Performance', 3660000, 2),
       ('LX3227', '20인치 다크 스퍼터링 휠', 'https://88hey-bucket.s3.amazonaws.com/88hey/select-option/20_darkwheel.jpg', NULL,
        'N Performance', 840000, 1),
       ('LX3228', '20인치 블랙톤 전면 가공 휠', 'https://88hey-bucket.s3.amazonaws.com/88hey/select-option/20inchwheel.jpg', NULL,
        'N Performance', 840000, 1),
       ('LX3229', '냉온장 컵홀더', 'https://88hey-bucket.s3.amazonaws.com/88hey/select-option/cupholder.jpg', '-',
        'H Genuine Accessories', 490000, 0),
       ('LX3232', '듀얼 머플러 패키지', 'https://88hey-bucket.s3.amazonaws.com/88hey/select-option/dualmufflerpackage.jpg', '-',
        'H Genuine Accessories', 840000, 0),
       ('LX3233', '적외선 무릎워머', 'https://88hey-bucket.s3.amazonaws.com/88hey/select-option/kneewarmer.jpg',
        '※ 적외선 무릎 워머 상품은 사용자의 자세와 체형에 따라 효과가 상이할 수 있습니다.<br>※ 적외선 무릎 워머 상품의 발열부는 고온으로 신체 접촉 시 화상 위험이 있으므로 닿지 않도록 주의바랍니다.<br>※ 적외선 무릎 워머 상품은 실내온도에 따라 발열 온도가 조절되며, 30분 연속 작동 됩니다.<br>※ 적외선 무릎 워머는 전동식 틸트 & 텔레스코픽 스티어링 휠 적용 시 선택이 가능합니다.',
        'H Genuine Accessories', 300000, 0),
       ('PA1', '주차보조 시스템 Ⅰ', 'https://88hey-bucket.s3.amazonaws.com/88hey/select-option/bcw.jpg', NULL, '선택옵션', 1680000,
        7),
       ('PA2', '주차보조 시스템 Ⅱ', 'https://88hey-bucket.s3.amazonaws.com/88hey/select-option/pca.jpg', NULL, '선택옵션', 690000,
        2),
       ('TRP', '트레일러 & 셀프레벨라이저', 'https://88hey-bucket.s3.amazonaws.com/88hey/select-option/tractionpower.jpg', NULL,
        '선택옵션', 1580000, 3),
       ('VI2', 'VIP 패키지', 'https://88hey-bucket.s3.amazonaws.com/88hey/select-option/2_centerconsol.jpg', NULL, '선택옵션',
        5740000, 5);
/*!40000 ALTER TABLE `selectOption`
    ENABLE KEYS */;
UNLOCK TABLES;

--
-- Table structure for table `selectOption_availableTag`
--

DROP TABLE IF EXISTS `selectOption_availableTag`;
/*!40101 SET @saved_cs_client = @@character_set_client */;
/*!50503 SET character_set_client = utf8mb4 */;
CREATE TABLE `selectOption_availableTag`
(
    `id`               int         NOT NULL AUTO_INCREMENT,
    `select_option_id` varchar(50) NOT NULL,
    `tag_id`           int         NOT NULL,
    PRIMARY KEY (`id`),
    KEY `FK_selectOption_TO_selectOption_availableTag_1` (`select_option_id`),
    KEY `FK_tag_TO_selectOption_availableTag_1` (`tag_id`),
    CONSTRAINT `FK_selectOption_TO_selectOption_availableTag_1` FOREIGN KEY (`select_option_id`) REFERENCES `selectOption` (`id`),
    CONSTRAINT `FK_tag_TO_selectOption_availableTag_1` FOREIGN KEY (`tag_id`) REFERENCES `tag` (`id`)
) ENGINE = InnoDB
  AUTO_INCREMENT = 58
  DEFAULT CHARSET = utf8mb4
  COLLATE = utf8mb4_0900_ai_ci;
/*!40101 SET character_set_client = @saved_cs_client */;

--
-- Dumping data for table `selectOption_availableTag`
--

LOCK TABLES `selectOption_availableTag` WRITE;
/*!40000 ALTER TABLE `selectOption_availableTag`
    DISABLE KEYS */;
INSERT INTO `selectOption_availableTag`
VALUES (1, 'PA1', 10),
       (2, 'PA1', 11),
       (3, 'PA1', 12),
       (4, 'PA1', 13),
       (5, 'PA1', 14),
       (6, 'HSS', 12),
       (7, 'HSS', 11),
       (8, 'HSS', 16),
       (9, 'HSS', 14),
       (10, 'HSS', 15),
       (11, 'HSS', 16),
       (12, 'CO1', 17),
       (13, 'CO1', 12),
       (14, 'CO1', 18),
       (15, 'CO1', 19),
       (16, 'CO1', 20),
       (17, 'CO1', 21),
       (18, 'CO1', 11),
       (19, 'CO1', 22),
       (20, '2VS', 20),
       (21, '2VS', 11),
       (22, '2VS', 23),
       (23, '2VS', 14),
       (24, 'DUP', 24),
       (25, 'DUP', 25),
       (26, 'DUP', 20),
       (27, 'DUP', 23),
       (28, 'DUP', 32),
       (29, 'DUP', 11),
       (30, 'BIC', 26),
       (31, 'BIC', 27),
       (32, 'BIC', 28),
       (33, 'BIC', 11),
       (34, 'LX3232', 29),
       (35, 'LX3232', 1),
       (36, 'LX3232', 30),
       (37, 'LX3220', 65),
       (38, 'LX3220', 11),
       (39, 'LX3220', 20),
       (40, 'LX0009', 20),
       (41, 'LX0009', 17),
       (42, 'LX0009', 12),
       (43, 'LX0009', 11),
       (44, 'LX0009', 22),
       (45, 'LX3233', 21),
       (46, 'LX3233', 66),
       (47, 'LX3233', 12),
       (48, 'LX3233', 67),
       (49, 'LX0010', 18),
       (50, 'LX0010', 11),
       (51, 'LX0010', 17),
       (52, 'LX0010', 62),
       (53, 'LX0004', 18),
       (54, 'LX0004', 11),
       (55, 'LX0004', 17),
       (56, 'LX0004', 62),
       (57, 'LX0004', 7);
/*!40000 ALTER TABLE `selectOption_availableTag`
    ENABLE KEYS */;
UNLOCK TABLES;

--
-- Table structure for table `selectOption_carTrims`
--

DROP TABLE IF EXISTS `selectOption_carTrims`;
/*!40101 SET @saved_cs_client = @@character_set_client */;
/*!50503 SET character_set_client = utf8mb4 */;
CREATE TABLE `selectOption_carTrims`
(
    `id`                  int         NOT NULL AUTO_INCREMENT,
    `select_option_id`    varchar(50) NOT NULL,
    `car_normal_types_id` varchar(50) NOT NULL,
    PRIMARY KEY (`id`),
    KEY `FK_select_option_TO_selectOption_carTrims_1` (`select_option_id`),
    KEY `FK_carNormalTypes_TO_selectOption_carTrims_1` (`car_normal_types_id`),
    CONSTRAINT `FK_carNormalTypes_TO_selectOption_carTrims_1` FOREIGN KEY (`car_normal_types_id`) REFERENCES `carNormalTypes` (`id`),
    CONSTRAINT `FK_select_option_TO_selectOption_carTrims_1` FOREIGN KEY (`select_option_id`) REFERENCES `selectOption` (`id`)
) ENGINE = InnoDB
  AUTO_INCREMENT = 1001
  DEFAULT CHARSET = utf8mb4
  COLLATE = utf8mb4_0900_ai_ci;
/*!40101 SET character_set_client = @saved_cs_client */;

--
-- Dumping data for table `selectOption_carTrims`
--

LOCK TABLES `selectOption_carTrims` WRITE;
/*!40000 ALTER TABLE `selectOption_carTrims`
    DISABLE KEYS */;
INSERT INTO `selectOption_carTrims`
VALUES (480, '2VS', 'LXJJ7DST5'),
       (481, 'DUP', 'LXJJ7DST5'),
       (482, 'BIC', 'LXJJ7DST5'),
       (483, 'HSS', 'LXJJ7DST5'),
       (484, 'PA2', 'LXJJ7DST5'),
       (485, 'CO2', 'LXJJ7DST5'),
       (486, 'LX3227', 'LXJJ7DST5'),
       (487, 'LX3228', 'LXJJ7DST5'),
       (488, 'LX3226', 'LXJJ7DST5'),
       (489, 'LX3232', 'LXJJ7DST5'),
       (490, 'LX3220', 'LXJJ7DST5'),
       (491, 'LX0009', 'LXJJ7DST5'),
       (492, 'LX3233', 'LXJJ7DST5'),
       (493, 'LX0010', 'LXJJ7DST5'),
       (494, 'LX0004', 'LXJJ7DST5'),
       (495, '2VS', 'LXJJ7DAT5'),
       (496, 'DUP', 'LXJJ7DAT5'),
       (497, 'BIC', 'LXJJ7DAT5'),
       (498, 'PA1', 'LXJJ7DAT5'),
       (499, 'CO1', 'LXJJ7DAT5'),
       (500, 'CVP', 'LXJJ7DAT5'),
       (501, 'LX3232', 'LXJJ7DAT5'),
       (502, 'LX3220', 'LXJJ7DAT5'),
       (503, 'LX0009', 'LXJJ7DAT5'),
       (504, 'LX0010', 'LXJJ7DAT5'),
       (505, 'LX0004', 'LXJJ7DAT5'),
       (506, 'DUP', 'LXJJ7DBT5'),
       (507, 'BIC', 'LXJJ7DBT5'),
       (508, 'LST', 'LXJJ7DBT5'),
       (509, 'TRP', 'LXJJ7DBT5'),
       (511, 'HSS', 'LXJJ7DBT5'),
       (512, 'PA2', 'LXJJ7DBT5'),
       (513, 'CO2', 'LXJJ7DBT5'),
       (514, 'KRE', 'LXJJ7DBT5'),
       (515, 'LX3227', 'LXJJ7DBT5'),
       (516, 'LX3228', 'LXJJ7DBT5'),
       (517, 'LX3226', 'LXJJ7DBT5'),
       (518, 'LX3229', 'LXJJ7DBT5'),
       (519, 'LX3232', 'LXJJ7DBT5'),
       (520, 'LX3220', 'LXJJ7DBT5'),
       (521, 'LX0009', 'LXJJ7DBT5'),
       (522, 'LX3233', 'LXJJ7DBT5'),
       (523, 'LX0010', 'LXJJ7DBT5'),
       (524, 'LX0004', 'LXJJ7DBT5'),
       (525, 'DUP', 'LXJJ7DCT5'),
       (526, 'BIC', 'LXJJ7DCT5'),
       (527, 'VI2', 'LXJJ7DCT5'),
       (528, 'LST', 'LXJJ7DCT5'),
       (529, 'TRP', 'LXJJ7DCT5'),
       (533, 'LX3227', 'LXJJ7DCT5'),
       (534, 'LX3228', 'LXJJ7DCT5'),
       (535, 'LX3226', 'LXJJ7DCT5'),
       (536, 'LX3229', 'LXJJ7DCT5'),
       (537, 'LX3232', 'LXJJ7DCT5'),
       (538, 'LX3220', 'LXJJ7DCT5'),
       (539, 'LX0009', 'LXJJ7DCT5'),
       (540, 'LX3233', 'LXJJ7DCT5'),
       (541, 'LX0010', 'LXJJ7DCT5'),
       (542, 'LX0004', 'LXJJ7DCT5'),
       (543, '2VS', 'LXJJ7MST5'),
       (544, 'DUP', 'LXJJ7MST5'),
       (545, 'BIC', 'LXJJ7MST5'),
       (546, 'HSS', 'LXJJ7MST5'),
       (547, 'PA2', 'LXJJ7MST5'),
       (548, 'CO2', 'LXJJ7MST5'),
       (549, 'LX3227', 'LXJJ7MST5'),
       (550, 'LX3228', 'LXJJ7MST5'),
       (551, 'LX3226', 'LXJJ7MST5'),
       (552, 'LX3220', 'LXJJ7MST5'),
       (553, 'LX0009', 'LXJJ7MST5'),
       (554, 'LX3233', 'LXJJ7MST5'),
       (555, 'LX0010', 'LXJJ7MST5'),
       (556, 'LX0004', 'LXJJ7MST5'),
       (557, '2VS', 'LXJJ7MAT5'),
       (558, 'DUP', 'LXJJ7MAT5'),
       (559, 'BIC', 'LXJJ7MAT5'),
       (560, 'PA1', 'LXJJ7MAT5'),
       (561, 'CO1', 'LXJJ7MAT5'),
       (562, 'CVP', 'LXJJ7MAT5'),
       (563, 'LX3220', 'LXJJ7MAT5'),
       (564, 'LX0009', 'LXJJ7MAT5'),
       (565, 'LX0010', 'LXJJ7MAT5'),
       (566, 'LX0004', 'LXJJ7MAT5'),
       (577, 'DUP', 'LXJJ7MBT5'),
       (578, 'BIC', 'LXJJ7MBT5'),
       (579, 'LST', 'LXJJ7MBT5'),
       (580, 'TRP', 'LXJJ7MBT5'),
       (582, 'HSS', 'LXJJ7MBT5'),
       (583, 'PA2', 'LXJJ7MBT5'),
       (584, 'CO2', 'LXJJ7MBT5'),
       (585, 'KRE', 'LXJJ7MBT5'),
       (586, 'LX3227', 'LXJJ7MBT5'),
       (587, 'LX3228', 'LXJJ7MBT5'),
       (588, 'LX3226', 'LXJJ7MBT5'),
       (589, 'LX3229', 'LXJJ7MBT5'),
       (590, 'LX3220', 'LXJJ7MBT5'),
       (591, 'LX0009', 'LXJJ7MBT5'),
       (592, 'LX3233', 'LXJJ7MBT5'),
       (593, 'LX0010', 'LXJJ7MBT5'),
       (594, 'LX0004', 'LXJJ7MBT5'),
       (613, 'DUP', 'LXJJ7MCT5'),
       (614, 'BIC', 'LXJJ7MCT5'),
       (615, 'VI2', 'LXJJ7MCT5'),
       (616, 'LST', 'LXJJ7MCT5'),
       (617, 'TRP', 'LXJJ7MCT5'),
       (621, 'LX3227', 'LXJJ7MCT5'),
       (622, 'LX3228', 'LXJJ7MCT5'),
       (623, 'LX3226', 'LXJJ7MCT5'),
       (624, 'LX3229', 'LXJJ7MCT5'),
       (625, 'LX3220', 'LXJJ7MCT5'),
       (626, 'LX0009', 'LXJJ7MCT5'),
       (627, 'LX3233', 'LXJJ7MCT5'),
       (628, 'LX0010', 'LXJJ7MCT5'),
       (629, 'LX0004', 'LXJJ7MCT5'),
       (647, '2VS', 'LXJJ8DST5'),
       (648, 'DUP', 'LXJJ8DST5'),
       (649, 'BIC', 'LXJJ8DST5'),
       (650, 'HSS', 'LXJJ8DST5'),
       (651, 'PA2', 'LXJJ8DST5'),
       (652, 'CO2', 'LXJJ8DST5'),
       (653, 'LX3227', 'LXJJ8DST5'),
       (654, 'LX3228', 'LXJJ8DST5'),
       (655, 'LX3226', 'LXJJ8DST5'),
       (656, 'LX3232', 'LXJJ8DST5'),
       (657, 'LX3220', 'LXJJ8DST5'),
       (658, 'LX0009', 'LXJJ8DST5'),
       (659, 'LX3233', 'LXJJ8DST5'),
       (660, 'LX0010', 'LXJJ8DST5'),
       (661, 'LX0004', 'LXJJ8DST5'),
       (662, '2VS', 'LXJJ8DAT5'),
       (663, 'DUP', 'LXJJ8DAT5'),
       (664, 'BIC', 'LXJJ8DAT5'),
       (665, 'PA1', 'LXJJ8DAT5'),
       (666, 'CO1', 'LXJJ8DAT5'),
       (667, 'CVP', 'LXJJ8DAT5'),
       (668, 'LX3232', 'LXJJ8DAT5'),
       (669, 'LX3220', 'LXJJ8DAT5'),
       (670, 'LX0009', 'LXJJ8DAT5'),
       (671, 'LX0010', 'LXJJ8DAT5'),
       (672, 'LX0004', 'LXJJ8DAT5'),
       (673, 'DUP', 'LXJJ8DBT5'),
       (674, 'BIC', 'LXJJ8DBT5'),
       (675, 'LST', 'LXJJ8DBT5'),
       (676, 'TRP', 'LXJJ8DBT5'),
       (678, 'HSS', 'LXJJ8DBT5'),
       (679, 'PA2', 'LXJJ8DBT5'),
       (680, 'CO2', 'LXJJ8DBT5'),
       (681, 'KRE', 'LXJJ8DBT5'),
       (682, 'LX3227', 'LXJJ8DBT5'),
       (683, 'LX3228', 'LXJJ8DBT5'),
       (684, 'LX3226', 'LXJJ8DBT5'),
       (685, 'LX3229', 'LXJJ8DBT5'),
       (686, 'LX3232', 'LXJJ8DBT5'),
       (687, 'LX3220', 'LXJJ8DBT5'),
       (688, 'LX0009', 'LXJJ8DBT5'),
       (689, 'LX3233', 'LXJJ8DBT5'),
       (690, 'LX0010', 'LXJJ8DBT5'),
       (691, 'LX0004', 'LXJJ8DBT5'),
       (692, 'DUP', 'LXJJ8DCT5'),
       (693, 'BIC', 'LXJJ8DCT5'),
       (694, 'LST', 'LXJJ8DCT5'),
       (695, 'TRP', 'LXJJ8DCT5'),
       (697, 'LX3227', 'LXJJ8DCT5'),
       (698, 'LX3228', 'LXJJ8DCT5'),
       (699, 'LX3226', 'LXJJ8DCT5'),
       (700, 'LX3229', 'LXJJ8DCT5'),
       (701, 'LX3232', 'LXJJ8DCT5'),
       (702, 'LX3220', 'LXJJ8DCT5'),
       (703, 'LX0009', 'LXJJ8DCT5'),
       (704, 'LX3233', 'LXJJ8DCT5'),
       (705, 'LX0010', 'LXJJ8DCT5'),
       (706, 'LX0004', 'LXJJ8DCT5'),
       (707, '2VS', 'LXJJ8MST5'),
       (708, 'DUP', 'LXJJ8MST5'),
       (709, 'BIC', 'LXJJ8MST5'),
       (710, 'HSS', 'LXJJ8MST5'),
       (711, 'PA2', 'LXJJ8MST5'),
       (712, 'CO2', 'LXJJ8MST5'),
       (713, 'LX3227', 'LXJJ8MST5'),
       (714, 'LX3228', 'LXJJ8MST5'),
       (715, 'LX3226', 'LXJJ8MST5'),
       (716, 'LX3220', 'LXJJ8MST5'),
       (717, 'LX0009', 'LXJJ8MST5'),
       (718, 'LX3233', 'LXJJ8MST5'),
       (719, 'LX0010', 'LXJJ8MST5'),
       (720, 'LX0004', 'LXJJ8MST5'),
       (721, '2VS', 'LXJJ7DSA5'),
       (722, 'DUP', 'LXJJ7DSA5'),
       (723, 'BIC', 'LXJJ7DSA5'),
       (724, 'HSS', 'LXJJ7DSA5'),
       (725, 'PA2', 'LXJJ7DSA5'),
       (726, 'CO2', 'LXJJ7DSA5'),
       (727, 'LX3227', 'LXJJ7DSA5'),
       (728, 'LX3228', 'LXJJ7DSA5'),
       (729, 'LX3226', 'LXJJ7DSA5'),
       (730, 'LX3232', 'LXJJ7DSA5'),
       (731, 'LX3220', 'LXJJ7DSA5'),
       (732, 'LX0009', 'LXJJ7DSA5'),
       (733, 'LX3233', 'LXJJ7DSA5'),
       (734, 'LX0010', 'LXJJ7DSA5'),
       (735, 'LX0004', 'LXJJ7DSA5'),
       (736, '2VS', 'LXJJ7DAA5'),
       (737, 'DUP', 'LXJJ7DAA5'),
       (738, 'BIC', 'LXJJ7DAA5'),
       (739, 'PA1', 'LXJJ7DAA5'),
       (740, 'CO1', 'LXJJ7DAA5'),
       (741, 'CVP', 'LXJJ7DAA5'),
       (742, 'LX3232', 'LXJJ7DAA5'),
       (743, 'LX3220', 'LXJJ7DAA5'),
       (744, 'LX0009', 'LXJJ7DAA5'),
       (745, 'LX0010', 'LXJJ7DAA5'),
       (746, 'LX0004', 'LXJJ7DAA5'),
       (747, 'DUP', 'LXJJ7DBA5'),
       (748, 'BIC', 'LXJJ7DBA5'),
       (749, 'LST', 'LXJJ7DBA5'),
       (750, 'TRP', 'LXJJ7DBA5'),
       (752, 'HSS', 'LXJJ7DBA5'),
       (753, 'PA2', 'LXJJ7DBA5'),
       (754, 'CO2', 'LXJJ7DBA5'),
       (755, 'KRE', 'LXJJ7DBA5'),
       (756, 'LX3227', 'LXJJ7DBA5'),
       (757, 'LX3228', 'LXJJ7DBA5'),
       (758, 'LX3226', 'LXJJ7DBA5'),
       (759, 'LX3229', 'LXJJ7DBA5'),
       (760, 'LX3232', 'LXJJ7DBA5'),
       (761, 'LX3220', 'LXJJ7DBA5'),
       (762, 'LX0009', 'LXJJ7DBA5'),
       (763, 'LX3233', 'LXJJ7DBA5'),
       (764, 'LX0010', 'LXJJ7DBA5'),
       (765, 'LX0004', 'LXJJ7DBA5'),
       (766, 'DUP', 'LXJJ7DCA5'),
       (767, 'BIC', 'LXJJ7DCA5'),
       (768, 'VI2', 'LXJJ7DCA5'),
       (769, 'LST', 'LXJJ7DCA5'),
       (770, 'TRP', 'LXJJ7DCA5'),
       (774, 'LX3227', 'LXJJ7DCA5'),
       (775, 'LX3228', 'LXJJ7DCA5'),
       (776, 'LX3226', 'LXJJ7DCA5'),
       (777, 'LX3229', 'LXJJ7DCA5'),
       (778, 'LX3232', 'LXJJ7DCA5'),
       (779, 'LX3220', 'LXJJ7DCA5'),
       (780, 'LX0009', 'LXJJ7DCA5'),
       (781, 'LX3233', 'LXJJ7DCA5'),
       (782, 'LX0010', 'LXJJ7DCA5'),
       (783, 'LX0004', 'LXJJ7DCA5'),
       (784, '2VS', 'LXJJ8DSA5'),
       (785, 'DUP', 'LXJJ8DSA5'),
       (786, 'BIC', 'LXJJ8DSA5'),
       (787, 'HSS', 'LXJJ8DSA5'),
       (788, 'PA2', 'LXJJ8DSA5'),
       (789, 'CO2', 'LXJJ8DSA5'),
       (790, 'LX3227', 'LXJJ8DSA5'),
       (791, 'LX3228', 'LXJJ8DSA5'),
       (792, 'LX3226', 'LXJJ8DSA5'),
       (793, 'LX3232', 'LXJJ8DSA5'),
       (794, 'LX3220', 'LXJJ8DSA5'),
       (795, 'LX0009', 'LXJJ8DSA5'),
       (796, 'LX3233', 'LXJJ8DSA5'),
       (797, 'LX0010', 'LXJJ8DSA5'),
       (798, 'LX0004', 'LXJJ8DSA5'),
       (799, '2VS', 'LXJJ8DAA5'),
       (800, 'DUP', 'LXJJ8DAA5'),
       (801, 'BIC', 'LXJJ8DAA5'),
       (802, 'PA1', 'LXJJ8DAA5'),
       (803, 'CO1', 'LXJJ8DAA5'),
       (804, 'CVP', 'LXJJ8DAA5'),
       (805, 'LX3232', 'LXJJ8DAA5'),
       (806, 'LX3220', 'LXJJ8DAA5'),
       (807, 'LX0009', 'LXJJ8DAA5'),
       (808, 'LX0010', 'LXJJ8DAA5'),
       (809, 'LX0004', 'LXJJ8DAA5'),
       (810, 'DUP', 'LXJJ8DBA5'),
       (811, 'BIC', 'LXJJ8DBA5'),
       (812, 'LST', 'LXJJ8DBA5'),
       (813, 'TRP', 'LXJJ8DBA5'),
       (815, 'HSS', 'LXJJ8DBA5'),
       (816, 'PA2', 'LXJJ8DBA5'),
       (817, 'CO2', 'LXJJ8DBA5'),
       (818, 'KRE', 'LXJJ8DBA5'),
       (819, 'LX3227', 'LXJJ8DBA5'),
       (820, 'LX3228', 'LXJJ8DBA5'),
       (821, 'LX3226', 'LXJJ8DBA5'),
       (822, 'LX3229', 'LXJJ8DBA5'),
       (823, 'LX3232', 'LXJJ8DBA5'),
       (824, 'LX3220', 'LXJJ8DBA5'),
       (825, 'LX0009', 'LXJJ8DBA5'),
       (826, 'LX3233', 'LXJJ8DBA5'),
       (827, 'LX0010', 'LXJJ8DBA5'),
       (828, 'LX0004', 'LXJJ8DBA5'),
       (829, 'DUP', 'LXJJ8DCA5'),
       (830, 'BIC', 'LXJJ8DCA5'),
       (831, 'LST', 'LXJJ8DCA5'),
       (832, 'TRP', 'LXJJ8DCA5'),
       (834, 'LX3227', 'LXJJ8DCA5'),
       (835, 'LX3228', 'LXJJ8DCA5'),
       (836, 'LX3226', 'LXJJ8DCA5'),
       (837, 'LX3229', 'LXJJ8DCA5'),
       (838, 'LX3232', 'LXJJ8DCA5'),
       (839, 'LX3220', 'LXJJ8DCA5'),
       (840, 'LX0009', 'LXJJ8DCA5'),
       (841, 'LX3233', 'LXJJ8DCA5'),
       (842, 'LX0010', 'LXJJ8DCA5'),
       (843, 'LX0004', 'LXJJ8DCA5'),
       (844, '2VS', 'LXJJ8MSA5'),
       (845, 'DUP', 'LXJJ8MSA5'),
       (846, 'BIC', 'LXJJ8MSA5'),
       (847, 'HSS', 'LXJJ8MSA5'),
       (848, 'PA2', 'LXJJ8MSA5'),
       (849, 'CO2', 'LXJJ8MSA5'),
       (850, 'LX3227', 'LXJJ8MSA5'),
       (851, 'LX3228', 'LXJJ8MSA5'),
       (852, 'LX3226', 'LXJJ8MSA5'),
       (853, 'LX3220', 'LXJJ8MSA5'),
       (854, 'LX0009', 'LXJJ8MSA5'),
       (855, 'LX3233', 'LXJJ8MSA5'),
       (856, 'LX0010', 'LXJJ8MSA5'),
       (857, 'LX0004', 'LXJJ8MSA5'),
       (858, '2VS', 'LXJJ8MAA5'),
       (859, 'DUP', 'LXJJ8MAA5'),
       (860, 'BIC', 'LXJJ8MAA5'),
       (861, 'PA1', 'LXJJ8MAA5'),
       (862, 'CO1', 'LXJJ8MAA5'),
       (863, 'CVP', 'LXJJ8MAA5'),
       (864, 'LX3220', 'LXJJ8MAA5'),
       (865, 'LX0009', 'LXJJ8MAA5'),
       (866, 'LX0010', 'LXJJ8MAA5'),
       (867, 'LX0004', 'LXJJ8MAA5'),
       (868, 'DUP', 'LXJJ8MBA5'),
       (869, 'BIC', 'LXJJ8MBA5'),
       (870, 'LST', 'LXJJ8MBA5'),
       (871, 'TRP', 'LXJJ8MBA5'),
       (873, 'HSS', 'LXJJ8MBA5'),
       (874, 'PA2', 'LXJJ8MBA5'),
       (875, 'CO2', 'LXJJ8MBA5'),
       (876, 'KRE', 'LXJJ8MBA5'),
       (877, 'LX3227', 'LXJJ8MBA5'),
       (878, 'LX3228', 'LXJJ8MBA5'),
       (879, 'LX3226', 'LXJJ8MBA5'),
       (880, 'LX3229', 'LXJJ8MBA5'),
       (881, 'LX3220', 'LXJJ8MBA5'),
       (882, 'LX0009', 'LXJJ8MBA5'),
       (883, 'LX3233', 'LXJJ8MBA5'),
       (884, 'LX0010', 'LXJJ8MBA5'),
       (885, 'LX0004', 'LXJJ8MBA5'),
       (886, 'DUP', 'LXJJ8MCA5'),
       (887, 'BIC', 'LXJJ8MCA5'),
       (888, 'LST', 'LXJJ8MCA5'),
       (889, 'TRP', 'LXJJ8MCA5'),
       (891, 'LX3227', 'LXJJ8MCA5'),
       (892, 'LX3228', 'LXJJ8MCA5'),
       (893, 'LX3226', 'LXJJ8MCA5'),
       (894, 'LX3229', 'LXJJ8MCA5'),
       (895, 'LX3220', 'LXJJ8MCA5'),
       (896, 'LX0009', 'LXJJ8MCA5'),
       (897, 'LX3233', 'LXJJ8MCA5'),
       (898, 'LX0010', 'LXJJ8MCA5'),
       (899, 'LX0004', 'LXJJ8MCA5'),
       (900, '2VS', 'LXJJ7MSA5'),
       (901, 'DUP', 'LXJJ7MSA5'),
       (902, 'BIC', 'LXJJ7MSA5'),
       (903, 'HSS', 'LXJJ7MSA5'),
       (904, 'PA2', 'LXJJ7MSA5'),
       (905, 'CO2', 'LXJJ7MSA5'),
       (906, 'LX3227', 'LXJJ7MSA5'),
       (907, 'LX3228', 'LXJJ7MSA5'),
       (908, 'LX3226', 'LXJJ7MSA5'),
       (909, 'LX3220', 'LXJJ7MSA5'),
       (910, 'LX0009', 'LXJJ7MSA5'),
       (911, 'LX3233', 'LXJJ7MSA5'),
       (912, 'LX0010', 'LXJJ7MSA5'),
       (913, 'LX0004', 'LXJJ7MSA5'),
       (914, '2VS', 'LXJJ7MAA5'),
       (915, 'DUP', 'LXJJ7MAA5'),
       (916, 'BIC', 'LXJJ7MAA5'),
       (917, 'PA1', 'LXJJ7MAA5'),
       (918, 'CO1', 'LXJJ7MAA5'),
       (919, 'CVP', 'LXJJ7MAA5'),
       (920, 'LX3220', 'LXJJ7MAA5'),
       (921, 'LX0009', 'LXJJ7MAA5'),
       (922, 'LX0010', 'LXJJ7MAA5'),
       (923, 'LX0004', 'LXJJ7MAA5'),
       (924, 'DUP', 'LXJJ7MBA5'),
       (925, 'BIC', 'LXJJ7MBA5'),
       (926, 'LST', 'LXJJ7MBA5'),
       (927, 'TRP', 'LXJJ7MBA5'),
       (929, 'HSS', 'LXJJ7MBA5'),
       (930, 'PA2', 'LXJJ7MBA5'),
       (931, 'CO2', 'LXJJ7MBA5'),
       (932, 'KRE', 'LXJJ7MBA5'),
       (933, 'LX3227', 'LXJJ7MBA5'),
       (934, 'LX3228', 'LXJJ7MBA5'),
       (935, 'LX3226', 'LXJJ7MBA5'),
       (936, 'LX3229', 'LXJJ7MBA5'),
       (937, 'LX3220', 'LXJJ7MBA5'),
       (938, 'LX0009', 'LXJJ7MBA5'),
       (939, 'LX3233', 'LXJJ7MBA5'),
       (940, 'LX0010', 'LXJJ7MBA5'),
       (941, 'LX0004', 'LXJJ7MBA5'),
       (942, 'DUP', 'LXJJ7MCA5'),
       (943, 'BIC', 'LXJJ7MCA5'),
       (944, 'VI2', 'LXJJ7MCA5'),
       (945, 'LST', 'LXJJ7MCA5'),
       (946, 'TRP', 'LXJJ7MCA5'),
       (950, 'LX3227', 'LXJJ7MCA5'),
       (951, 'LX3228', 'LXJJ7MCA5'),
       (952, 'LX3226', 'LXJJ7MCA5'),
       (953, 'LX3229', 'LXJJ7MCA5'),
       (954, 'LX3220', 'LXJJ7MCA5'),
       (955, 'LX0009', 'LXJJ7MCA5'),
       (956, 'LX3233', 'LXJJ7MCA5'),
       (957, 'LX0010', 'LXJJ7MCA5'),
       (958, 'LX0004', 'LXJJ7MCA5'),
       (959, '2VS', 'LXJJ8MAT5'),
       (960, 'DUP', 'LXJJ8MAT5'),
       (961, 'BIC', 'LXJJ8MAT5'),
       (962, 'PA1', 'LXJJ8MAT5'),
       (963, 'CO1', 'LXJJ8MAT5'),
       (964, 'CVP', 'LXJJ8MAT5'),
       (965, 'LX3220', 'LXJJ8MAT5'),
       (966, 'LX0009', 'LXJJ8MAT5'),
       (967, 'LX0010', 'LXJJ8MAT5'),
       (968, 'LX0004', 'LXJJ8MAT5'),
       (969, 'DUP', 'LXJJ8MBT5'),
       (970, 'BIC', 'LXJJ8MBT5'),
       (971, 'HSS', 'LXJJ8MBT5'),
       (972, 'PA2', 'LXJJ8MBT5'),
       (973, 'CO2', 'LXJJ8MBT5'),
       (974, 'KRE', 'LXJJ8MBT5'),
       (975, 'LST', 'LXJJ8MBT5'),
       (976, 'TRP', 'LXJJ8MBT5'),
       (978, 'LX3227', 'LXJJ8MBT5'),
       (979, 'LX3228', 'LXJJ8MBT5'),
       (980, 'LX3226', 'LXJJ8MBT5'),
       (981, 'LX3229', 'LXJJ8MBT5'),
       (982, 'LX3220', 'LXJJ8MBT5'),
       (983, 'LX0009', 'LXJJ8MBT5'),
       (984, 'LX3233', 'LXJJ8MBT5'),
       (985, 'LX0010', 'LXJJ8MBT5'),
       (986, 'LX0004', 'LXJJ8MBT5'),
       (987, 'DUP', 'LXJJ8MCT5'),
       (988, 'BIC', 'LXJJ8MCT5'),
       (989, 'LST', 'LXJJ8MCT5'),
       (990, 'TRP', 'LXJJ8MCT5'),
       (992, 'LX3227', 'LXJJ8MCT5'),
       (993, 'LX3228', 'LXJJ8MCT5'),
       (994, 'LX3226', 'LXJJ8MCT5'),
       (995, 'LX3229', 'LXJJ8MCT5'),
       (996, 'LX3220', 'LXJJ8MCT5'),
       (997, 'LX0009', 'LXJJ8MCT5'),
       (998, 'LX3233', 'LXJJ8MCT5'),
       (999, 'LX0010', 'LXJJ8MCT5'),
       (1000, 'LX0004', 'LXJJ8MCT5');
/*!40000 ALTER TABLE `selectOption_carTrims`
    ENABLE KEYS */;
UNLOCK TABLES;

--
-- Table structure for table `selectOption_selectedTag`
--

DROP TABLE IF EXISTS `selectOption_selectedTag`;
/*!40101 SET @saved_cs_client = @@character_set_client */;
/*!50503 SET character_set_client = utf8mb4 */;
CREATE TABLE `selectOption_selectedTag`
(
    `id`                        int NOT NULL AUTO_INCREMENT,
    `archiving_selectOption_id` int NOT NULL,
    `tag_id`                    int NOT NULL,
    PRIMARY KEY (`id`),
    KEY `FK_tag_TO_selectOption_selectedTag_1` (`tag_id`),
    KEY `FK_archiving_selectOption_TO_selectOption_selectedTag_1` (`archiving_selectOption_id`),
    CONSTRAINT `FK_archiving_selectOption_TO_selectOption_selectedTag_1` FOREIGN KEY (`archiving_selectOption_id`) REFERENCES `archiving_selectOption` (`id`) ON DELETE CASCADE,
    CONSTRAINT `FK_tag_TO_selectOption_selectedTag_1` FOREIGN KEY (`tag_id`) REFERENCES `tag` (`id`)
) ENGINE = InnoDB
  AUTO_INCREMENT = 1543
  DEFAULT CHARSET = utf8mb4
  COLLATE = utf8mb4_0900_ai_ci;
/*!40101 SET character_set_client = @saved_cs_client */;

--
-- Dumping data for table `selectOption_selectedTag`
--

LOCK TABLES `selectOption_selectedTag` WRITE;
/*!40000 ALTER TABLE `selectOption_selectedTag`
    DISABLE KEYS */;
INSERT INTO `selectOption_selectedTag`
VALUES (43, 10, 60),
       (44, 10, 12),
       (45, 10, 45),
       (46, 11, 45),
       (47, 11, 61),
       (48, 11, 47),
       (49, 12, 29),
       (50, 12, 11),
       (51, 12, 62),
       (52, 13, 14),
       (53, 13, 36),
       (54, 13, 58),
       (55, 14, 65),
       (56, 14, 30),
       (57, 14, 67),
       (58, 15, 45),
       (59, 15, 46),
       (60, 15, 17),
       (61, 16, 24),
       (62, 16, 46),
       (63, 16, 30),
       (64, 17, 60),
       (65, 17, 26),
       (66, 17, 31),
       (67, 18, 40),
       (68, 18, 27),
       (69, 18, 26),
       (70, 19, 36),
       (71, 19, 25),
       (72, 19, 38),
       (73, 20, 7),
       (74, 20, 38),
       (75, 20, 47),
       (76, 21, 34),
       (77, 21, 26),
       (78, 21, 21),
       (79, 22, 50),
       (80, 22, 36),
       (81, 22, 51),
       (82, 23, 49),
       (83, 23, 53),
       (84, 23, 21),
       (85, 24, 42),
       (86, 24, 34),
       (87, 24, 27),
       (88, 25, 27),
       (89, 25, 42),
       (90, 25, 48),
       (91, 26, 47),
       (92, 26, 26),
       (93, 26, 61),
       (94, 27, 19),
       (95, 27, 5),
       (96, 27, 61),
       (97, 28, 14),
       (98, 28, 20),
       (99, 28, 1),
       (100, 29, 37),
       (101, 29, 66),
       (102, 29, 8),
       (103, 30, 62),
       (104, 30, 46),
       (105, 30, 9),
       (106, 31, 44),
       (107, 31, 33),
       (108, 31, 6),
       (109, 32, 18),
       (110, 32, 9),
       (111, 32, 42),
       (112, 33, 46),
       (113, 33, 65),
       (114, 33, 8),
       (115, 34, 37),
       (116, 34, 58),
       (117, 34, 7),
       (118, 35, 15),
       (119, 35, 43),
       (120, 35, 34),
       (121, 36, 35),
       (122, 36, 33),
       (123, 36, 25),
       (124, 37, 62),
       (125, 37, 61),
       (126, 37, 63),
       (127, 38, 31),
       (128, 38, 46),
       (129, 38, 64),
       (130, 39, 30),
       (131, 39, 1),
       (132, 39, 27),
       (133, 40, 10),
       (134, 40, 51),
       (135, 40, 53),
       (136, 41, 35),
       (137, 41, 4),
       (138, 41, 2),
       (139, 42, 49),
       (140, 42, 39),
       (141, 42, 13),
       (142, 43, 61),
       (143, 43, 53),
       (144, 43, 27),
       (145, 44, 22),
       (146, 44, 31),
       (147, 44, 40),
       (148, 45, 13),
       (149, 45, 5),
       (150, 45, 31),
       (151, 46, 13),
       (152, 46, 37),
       (153, 46, 53),
       (154, 47, 40),
       (155, 47, 58),
       (156, 47, 47),
       (157, 48, 52),
       (158, 48, 39),
       (159, 48, 5),
       (160, 49, 37),
       (161, 49, 62),
       (162, 49, 54),
       (163, 50, 16),
       (164, 50, 40),
       (165, 50, 30),
       (166, 51, 63),
       (167, 51, 17),
       (168, 51, 18),
       (169, 52, 44),
       (170, 52, 30),
       (171, 52, 46),
       (172, 53, 29),
       (173, 53, 41),
       (174, 53, 12),
       (175, 54, 48),
       (176, 54, 46),
       (177, 54, 49),
       (178, 55, 50),
       (179, 55, 56),
       (180, 55, 28),
       (181, 56, 22),
       (182, 56, 6),
       (183, 56, 15),
       (184, 57, 41),
       (185, 57, 2),
       (186, 57, 32),
       (187, 58, 25),
       (188, 58, 61),
       (189, 58, 58),
       (190, 59, 62),
       (191, 59, 31),
       (192, 59, 13),
       (193, 60, 17),
       (194, 60, 39),
       (195, 60, 54),
       (196, 61, 7),
       (197, 61, 65),
       (198, 61, 6),
       (199, 62, 19),
       (200, 62, 20),
       (201, 62, 15),
       (202, 63, 44),
       (203, 63, 54),
       (204, 63, 56),
       (205, 64, 25),
       (206, 64, 7),
       (207, 64, 11),
       (208, 65, 54),
       (209, 65, 45),
       (210, 65, 51),
       (211, 66, 30),
       (212, 66, 67),
       (213, 66, 25),
       (214, 67, 66),
       (215, 67, 64),
       (216, 67, 48),
       (217, 68, 5),
       (218, 68, 11),
       (219, 68, 20),
       (220, 69, 17),
       (221, 69, 55),
       (222, 69, 14),
       (223, 70, 64),
       (224, 70, 5),
       (225, 70, 37),
       (226, 71, 40),
       (227, 71, 3),
       (228, 71, 66),
       (229, 72, 2),
       (230, 72, 67),
       (231, 72, 54),
       (232, 73, 52),
       (233, 73, 18),
       (234, 73, 27),
       (235, 74, 24),
       (236, 74, 19),
       (237, 74, 60),
       (238, 75, 60),
       (239, 75, 46),
       (240, 75, 25),
       (241, 76, 4),
       (242, 76, 66),
       (243, 76, 11),
       (244, 77, 55),
       (245, 77, 36),
       (246, 77, 10),
       (247, 78, 64),
       (248, 78, 30),
       (249, 78, 33),
       (250, 79, 66),
       (251, 79, 64),
       (252, 79, 62),
       (253, 80, 39),
       (254, 80, 24),
       (255, 80, 63),
       (256, 81, 29),
       (257, 81, 58),
       (258, 81, 22),
       (259, 82, 26),
       (260, 82, 62),
       (261, 82, 34),
       (262, 83, 35),
       (263, 83, 50),
       (264, 83, 59),
       (265, 84, 59),
       (266, 84, 4),
       (267, 84, 54),
       (268, 85, 10),
       (269, 85, 36),
       (270, 85, 63),
       (271, 86, 12),
       (272, 86, 43),
       (273, 86, 1),
       (274, 87, 57),
       (275, 87, 13),
       (276, 87, 43),
       (277, 88, 41),
       (278, 88, 10),
       (279, 88, 4),
       (280, 89, 15),
       (281, 89, 11),
       (282, 89, 46),
       (283, 90, 27),
       (284, 90, 43),
       (285, 90, 4),
       (286, 91, 10),
       (287, 91, 8),
       (288, 91, 40),
       (289, 92, 51),
       (290, 92, 10),
       (291, 92, 45),
       (292, 93, 46),
       (293, 93, 31),
       (294, 93, 17),
       (295, 94, 14),
       (296, 94, 64),
       (297, 94, 47),
       (298, 95, 9),
       (299, 95, 41),
       (300, 95, 18),
       (301, 96, 62),
       (302, 96, 46),
       (303, 96, 58),
       (304, 97, 21),
       (305, 97, 4),
       (306, 97, 27),
       (307, 98, 66),
       (308, 98, 67),
       (309, 98, 25),
       (310, 99, 33),
       (311, 99, 5),
       (312, 99, 27),
       (313, 100, 41),
       (314, 100, 63),
       (315, 100, 3),
       (316, 101, 61),
       (317, 101, 48),
       (318, 101, 56),
       (319, 102, 9),
       (320, 102, 43),
       (321, 102, 61),
       (322, 103, 6),
       (323, 103, 44),
       (324, 103, 23),
       (325, 104, 49),
       (326, 104, 46),
       (327, 104, 5),
       (328, 105, 45),
       (329, 105, 37),
       (330, 105, 22),
       (331, 106, 20),
       (332, 106, 57),
       (333, 106, 5),
       (334, 107, 24),
       (335, 107, 33),
       (336, 107, 8),
       (337, 108, 14),
       (338, 108, 29),
       (339, 108, 26),
       (340, 109, 10),
       (341, 109, 29),
       (342, 109, 35),
       (343, 110, 53),
       (344, 110, 4),
       (345, 110, 10),
       (346, 111, 41),
       (347, 111, 51),
       (348, 111, 9),
       (349, 112, 51),
       (350, 112, 25),
       (351, 112, 39),
       (352, 113, 61),
       (353, 113, 62),
       (354, 113, 21),
       (355, 114, 22),
       (356, 114, 51),
       (357, 114, 12),
       (358, 115, 7),
       (359, 115, 10),
       (360, 115, 57),
       (361, 116, 42),
       (362, 116, 44),
       (363, 116, 7),
       (364, 117, 44),
       (365, 117, 25),
       (366, 117, 2),
       (367, 118, 29),
       (368, 118, 67),
       (369, 118, 48),
       (370, 119, 19),
       (371, 119, 14),
       (372, 119, 11),
       (373, 120, 30),
       (374, 120, 5),
       (375, 120, 18),
       (376, 121, 28),
       (377, 121, 2),
       (378, 121, 63),
       (379, 122, 37),
       (380, 122, 64),
       (381, 122, 52),
       (382, 123, 27),
       (383, 123, 1),
       (384, 123, 26),
       (385, 124, 29),
       (386, 124, 40),
       (387, 124, 44),
       (388, 125, 62),
       (389, 125, 26),
       (390, 125, 5),
       (391, 126, 33),
       (392, 126, 3),
       (393, 126, 30),
       (394, 127, 32),
       (395, 127, 9),
       (396, 127, 18),
       (397, 128, 65),
       (398, 128, 23),
       (399, 128, 16),
       (400, 129, 44),
       (401, 129, 65),
       (402, 129, 1),
       (403, 130, 4),
       (404, 130, 41),
       (405, 130, 35),
       (406, 131, 23),
       (407, 131, 21),
       (408, 131, 7),
       (409, 132, 52),
       (410, 132, 42),
       (411, 132, 11),
       (412, 133, 37),
       (413, 133, 41),
       (414, 133, 44),
       (415, 134, 6),
       (416, 134, 54),
       (417, 134, 2),
       (418, 135, 42),
       (419, 135, 35),
       (420, 135, 58),
       (421, 136, 38),
       (422, 136, 11),
       (423, 136, 58),
       (424, 137, 17),
       (425, 137, 32),
       (426, 137, 65),
       (427, 138, 11),
       (428, 138, 52),
       (429, 138, 66),
       (430, 139, 52),
       (431, 139, 44),
       (432, 139, 28),
       (433, 140, 62),
       (434, 140, 65),
       (435, 140, 23),
       (436, 141, 7),
       (437, 141, 1),
       (438, 141, 55),
       (439, 142, 15),
       (440, 142, 8),
       (441, 142, 38),
       (442, 143, 30),
       (443, 143, 49),
       (444, 143, 48),
       (445, 144, 40),
       (446, 144, 28),
       (447, 144, 42),
       (448, 145, 12),
       (449, 145, 20),
       (450, 145, 29),
       (451, 146, 15),
       (452, 146, 12),
       (453, 146, 47),
       (454, 147, 5),
       (455, 147, 13),
       (456, 147, 14),
       (457, 148, 6),
       (458, 148, 60),
       (459, 148, 4),
       (460, 149, 56),
       (461, 149, 51),
       (462, 149, 40),
       (463, 150, 44),
       (464, 150, 58),
       (465, 150, 10),
       (466, 151, 9),
       (467, 151, 59),
       (468, 151, 33),
       (469, 152, 6),
       (470, 152, 66),
       (471, 152, 12),
       (472, 153, 24),
       (473, 153, 48),
       (474, 153, 54),
       (475, 154, 62),
       (476, 154, 20),
       (477, 154, 40),
       (478, 155, 4),
       (479, 155, 66),
       (480, 155, 28),
       (481, 156, 49),
       (482, 156, 19),
       (483, 156, 43),
       (484, 157, 67),
       (485, 157, 52),
       (486, 157, 43),
       (487, 158, 60),
       (488, 158, 61),
       (489, 158, 4),
       (490, 159, 5),
       (491, 159, 48),
       (492, 159, 6),
       (493, 160, 36),
       (494, 160, 64),
       (495, 160, 17),
       (496, 161, 58),
       (497, 161, 63),
       (498, 161, 8),
       (499, 162, 38),
       (500, 162, 10),
       (501, 162, 50),
       (502, 163, 47),
       (503, 163, 4),
       (504, 163, 26),
       (505, 164, 44),
       (506, 164, 3),
       (507, 164, 5),
       (508, 165, 29),
       (509, 165, 17),
       (510, 165, 66),
       (511, 166, 21),
       (512, 166, 27),
       (513, 166, 15),
       (514, 167, 37),
       (515, 167, 59),
       (516, 167, 63),
       (517, 168, 26),
       (518, 168, 65),
       (519, 168, 52),
       (520, 169, 58),
       (521, 169, 1),
       (522, 169, 36),
       (523, 170, 31),
       (524, 170, 62),
       (525, 170, 11),
       (526, 171, 13),
       (527, 171, 67),
       (528, 171, 6),
       (529, 172, 61),
       (530, 172, 17),
       (531, 172, 59),
       (532, 173, 22),
       (533, 173, 15),
       (534, 173, 20),
       (535, 174, 59),
       (536, 174, 17),
       (537, 174, 45),
       (538, 175, 33),
       (539, 175, 42),
       (540, 175, 61),
       (541, 176, 67),
       (542, 176, 53),
       (543, 176, 19),
       (544, 177, 31),
       (545, 177, 67),
       (546, 177, 21),
       (547, 178, 65),
       (548, 178, 8),
       (549, 178, 39),
       (550, 179, 55),
       (551, 179, 59),
       (552, 179, 67),
       (553, 180, 54),
       (554, 180, 50),
       (555, 180, 57),
       (556, 181, 31),
       (557, 181, 19),
       (558, 181, 24),
       (559, 182, 9),
       (560, 182, 34),
       (561, 182, 3),
       (562, 183, 17),
       (563, 183, 31),
       (564, 183, 44),
       (565, 184, 54),
       (566, 184, 48),
       (567, 184, 53),
       (568, 185, 21),
       (569, 185, 57),
       (570, 185, 55),
       (571, 186, 57),
       (572, 186, 24),
       (573, 186, 48),
       (574, 187, 56),
       (575, 187, 21),
       (576, 187, 26),
       (577, 188, 16),
       (578, 188, 21),
       (579, 188, 4),
       (580, 189, 3),
       (581, 189, 42),
       (582, 189, 43),
       (583, 190, 65),
       (584, 190, 62),
       (585, 190, 55),
       (586, 191, 51),
       (587, 191, 44),
       (588, 191, 37),
       (589, 192, 54),
       (590, 192, 22),
       (591, 192, 62),
       (592, 193, 45),
       (593, 193, 63),
       (594, 193, 67),
       (595, 194, 29),
       (596, 194, 50),
       (597, 194, 56),
       (598, 195, 11),
       (599, 195, 55),
       (600, 195, 60),
       (601, 196, 53),
       (602, 196, 16),
       (603, 196, 19),
       (604, 197, 20),
       (605, 197, 58),
       (606, 197, 47),
       (607, 198, 52),
       (608, 198, 13),
       (609, 198, 22),
       (610, 199, 67),
       (611, 199, 4),
       (612, 199, 33),
       (613, 200, 40),
       (614, 200, 4),
       (615, 200, 47),
       (616, 201, 9),
       (617, 201, 2),
       (618, 201, 43),
       (619, 202, 66),
       (620, 202, 52),
       (621, 202, 18),
       (622, 203, 30),
       (623, 203, 10),
       (624, 203, 67),
       (625, 204, 60),
       (626, 204, 61),
       (627, 204, 39),
       (628, 205, 4),
       (629, 205, 37),
       (630, 205, 2),
       (631, 206, 52),
       (632, 206, 6),
       (633, 206, 7),
       (634, 207, 41),
       (635, 207, 32),
       (636, 207, 62),
       (637, 208, 37),
       (638, 208, 30),
       (639, 208, 16),
       (640, 209, 59),
       (641, 209, 6),
       (642, 209, 20),
       (643, 210, 13),
       (644, 210, 12),
       (645, 210, 63),
       (646, 211, 54),
       (647, 211, 64),
       (648, 211, 19),
       (649, 212, 64),
       (650, 212, 47),
       (651, 212, 39),
       (652, 213, 61),
       (653, 213, 36),
       (654, 213, 11),
       (655, 214, 29),
       (656, 214, 53),
       (657, 214, 26),
       (658, 215, 39),
       (659, 215, 30),
       (660, 215, 44),
       (661, 216, 47),
       (662, 216, 26),
       (663, 216, 36),
       (664, 217, 44),
       (665, 217, 51),
       (666, 217, 67),
       (667, 218, 67),
       (668, 218, 7),
       (669, 218, 25),
       (670, 219, 60),
       (671, 219, 41),
       (672, 219, 17),
       (673, 220, 57),
       (674, 220, 54),
       (675, 220, 10),
       (676, 221, 61),
       (677, 221, 24),
       (678, 221, 49),
       (679, 222, 48),
       (680, 222, 58),
       (681, 222, 50),
       (682, 223, 31),
       (683, 223, 27),
       (684, 223, 12),
       (685, 224, 15),
       (686, 224, 55),
       (687, 224, 57),
       (688, 225, 56),
       (689, 225, 14),
       (690, 225, 9),
       (691, 226, 47),
       (692, 226, 36),
       (693, 226, 1),
       (694, 227, 44),
       (695, 227, 38),
       (696, 227, 21),
       (697, 228, 14),
       (698, 228, 66),
       (699, 228, 53),
       (700, 229, 9),
       (701, 229, 51),
       (702, 229, 53),
       (703, 230, 64),
       (704, 230, 55),
       (705, 230, 60),
       (706, 231, 40),
       (707, 231, 45),
       (708, 231, 26),
       (709, 232, 21),
       (710, 232, 33),
       (711, 232, 63),
       (712, 233, 9),
       (713, 233, 29),
       (714, 233, 3),
       (715, 234, 22),
       (716, 234, 27),
       (717, 234, 7),
       (718, 235, 50),
       (719, 235, 7),
       (720, 235, 30),
       (721, 236, 27),
       (722, 236, 22),
       (723, 236, 35),
       (724, 237, 20),
       (725, 237, 3),
       (726, 237, 36),
       (727, 238, 58),
       (728, 238, 41),
       (729, 238, 6),
       (730, 239, 38),
       (731, 239, 11),
       (732, 239, 3),
       (733, 240, 1),
       (734, 240, 4),
       (735, 240, 3),
       (736, 241, 38),
       (737, 241, 30),
       (738, 241, 23),
       (739, 242, 65),
       (740, 242, 24),
       (741, 242, 61),
       (742, 243, 15),
       (743, 243, 41),
       (744, 243, 11),
       (745, 244, 61),
       (746, 244, 20),
       (747, 244, 60),
       (748, 245, 43),
       (749, 245, 66),
       (750, 245, 16),
       (751, 246, 42),
       (752, 246, 53),
       (753, 246, 52),
       (754, 247, 23),
       (755, 247, 18),
       (756, 247, 10),
       (757, 248, 5),
       (758, 248, 24),
       (759, 248, 8),
       (760, 249, 57),
       (761, 249, 52),
       (762, 249, 45),
       (763, 250, 39),
       (764, 250, 14),
       (765, 250, 58),
       (766, 251, 11),
       (767, 251, 27),
       (768, 251, 43),
       (769, 252, 3),
       (770, 252, 19),
       (771, 252, 44),
       (772, 253, 53),
       (773, 253, 32),
       (774, 253, 33),
       (775, 254, 52),
       (776, 254, 23),
       (777, 254, 47),
       (778, 255, 60),
       (779, 255, 51),
       (780, 255, 18),
       (781, 256, 39),
       (782, 256, 42),
       (783, 256, 30),
       (784, 257, 55),
       (785, 257, 28),
       (786, 257, 41),
       (787, 258, 44),
       (788, 258, 20),
       (789, 258, 54),
       (790, 259, 51),
       (791, 259, 17),
       (792, 259, 60),
       (793, 260, 24),
       (794, 260, 45),
       (795, 260, 15),
       (796, 261, 4),
       (797, 261, 3),
       (798, 261, 20),
       (799, 262, 67),
       (800, 262, 36),
       (801, 262, 56),
       (802, 263, 42),
       (803, 263, 4),
       (804, 263, 40),
       (805, 264, 45),
       (806, 264, 63),
       (807, 264, 51),
       (808, 265, 48),
       (809, 265, 45),
       (810, 265, 46),
       (811, 266, 32),
       (812, 266, 20),
       (813, 266, 5),
       (814, 267, 57),
       (815, 267, 23),
       (816, 267, 63),
       (817, 268, 63),
       (818, 268, 28),
       (819, 268, 31),
       (820, 269, 59),
       (821, 269, 32),
       (822, 269, 60),
       (823, 270, 6),
       (824, 270, 40),
       (825, 270, 15),
       (826, 271, 19),
       (827, 271, 14),
       (828, 271, 9),
       (829, 272, 17),
       (830, 272, 7),
       (831, 272, 37),
       (832, 273, 40),
       (833, 273, 26),
       (834, 273, 3),
       (835, 274, 39),
       (836, 274, 52),
       (837, 274, 6),
       (838, 275, 53),
       (839, 275, 48),
       (840, 275, 64),
       (841, 276, 55),
       (842, 276, 10),
       (843, 276, 30),
       (844, 277, 59),
       (845, 277, 22),
       (846, 277, 53),
       (847, 278, 54),
       (848, 278, 19),
       (849, 278, 45),
       (850, 279, 56),
       (851, 279, 61),
       (852, 279, 54),
       (853, 280, 1),
       (854, 280, 13),
       (855, 280, 65),
       (856, 281, 22),
       (857, 281, 51),
       (858, 281, 27),
       (859, 282, 40),
       (860, 282, 48),
       (861, 282, 33),
       (862, 283, 67),
       (863, 283, 8),
       (864, 283, 58),
       (865, 284, 1),
       (866, 284, 57),
       (867, 284, 63),
       (868, 285, 46),
       (869, 285, 10),
       (870, 285, 67),
       (871, 286, 41),
       (872, 286, 45),
       (873, 286, 14),
       (874, 287, 27),
       (875, 287, 10),
       (876, 287, 60),
       (877, 288, 26),
       (878, 288, 18),
       (879, 288, 9),
       (880, 289, 6),
       (881, 289, 52),
       (882, 289, 60),
       (883, 290, 46),
       (884, 290, 13),
       (885, 290, 14),
       (886, 291, 61),
       (887, 291, 17),
       (888, 291, 10),
       (889, 292, 3),
       (890, 292, 20),
       (891, 292, 24),
       (892, 293, 31),
       (893, 293, 21),
       (894, 293, 36),
       (895, 294, 26),
       (896, 294, 67),
       (897, 294, 35),
       (898, 295, 50),
       (899, 295, 25),
       (900, 295, 48),
       (901, 296, 26),
       (902, 296, 65),
       (903, 296, 24),
       (904, 297, 31),
       (905, 297, 7),
       (906, 297, 34),
       (907, 298, 21),
       (908, 298, 24),
       (909, 298, 56),
       (910, 299, 6),
       (911, 299, 60),
       (912, 299, 5),
       (913, 300, 4),
       (914, 300, 65),
       (915, 300, 18),
       (916, 301, 4),
       (917, 301, 24),
       (918, 301, 67),
       (919, 302, 4),
       (920, 302, 26),
       (921, 302, 12),
       (922, 303, 50),
       (923, 303, 52),
       (924, 303, 43),
       (925, 304, 8),
       (926, 304, 41),
       (927, 304, 53),
       (928, 305, 53),
       (929, 305, 26),
       (930, 305, 24),
       (931, 306, 60),
       (932, 306, 19),
       (933, 306, 26),
       (934, 307, 1),
       (935, 307, 61),
       (936, 307, 29),
       (937, 308, 34),
       (938, 308, 33),
       (939, 308, 52),
       (940, 309, 42),
       (941, 309, 5),
       (942, 309, 58),
       (943, 310, 24),
       (944, 310, 27),
       (945, 310, 40),
       (946, 311, 21),
       (947, 311, 20),
       (948, 311, 34),
       (949, 312, 40),
       (950, 312, 51),
       (951, 312, 36),
       (952, 313, 1),
       (953, 313, 29),
       (954, 313, 58),
       (955, 314, 63),
       (956, 314, 58),
       (957, 314, 16),
       (958, 315, 14),
       (959, 315, 3),
       (960, 315, 66),
       (961, 316, 19),
       (962, 316, 2),
       (963, 316, 49),
       (964, 317, 31),
       (965, 317, 52),
       (966, 317, 30),
       (967, 318, 22),
       (968, 318, 9),
       (969, 318, 32),
       (970, 319, 23),
       (971, 319, 21),
       (972, 319, 41),
       (973, 320, 33),
       (974, 320, 13),
       (975, 320, 62),
       (976, 321, 47),
       (977, 321, 21),
       (978, 321, 52),
       (979, 322, 46),
       (980, 322, 16),
       (981, 322, 48),
       (982, 323, 9),
       (983, 323, 17),
       (984, 323, 29),
       (985, 324, 62),
       (986, 324, 66),
       (987, 324, 26),
       (988, 325, 60),
       (989, 325, 41),
       (990, 325, 29),
       (991, 326, 56),
       (992, 326, 8),
       (993, 326, 26),
       (994, 327, 57),
       (995, 327, 52),
       (996, 327, 35),
       (997, 328, 66),
       (998, 328, 56),
       (999, 328, 43),
       (1000, 329, 33),
       (1001, 329, 20),
       (1002, 329, 36),
       (1003, 330, 3),
       (1004, 330, 57),
       (1005, 330, 16),
       (1006, 331, 9),
       (1007, 331, 29),
       (1008, 331, 44),
       (1009, 332, 60),
       (1010, 332, 64),
       (1011, 332, 33),
       (1012, 333, 22),
       (1013, 333, 61),
       (1014, 333, 33),
       (1015, 334, 55),
       (1016, 334, 64),
       (1017, 334, 54),
       (1018, 335, 4),
       (1019, 335, 52),
       (1020, 335, 14),
       (1021, 336, 4),
       (1022, 336, 57),
       (1023, 336, 29),
       (1024, 337, 15),
       (1025, 337, 19),
       (1026, 337, 37),
       (1027, 338, 36),
       (1028, 338, 30),
       (1029, 338, 59),
       (1030, 339, 29),
       (1031, 339, 18),
       (1032, 339, 25),
       (1033, 340, 2),
       (1034, 340, 12),
       (1035, 340, 19),
       (1036, 341, 35),
       (1037, 341, 47),
       (1038, 341, 61),
       (1039, 342, 23),
       (1040, 342, 61),
       (1041, 342, 44),
       (1042, 343, 42),
       (1043, 343, 43),
       (1044, 343, 19),
       (1045, 344, 13),
       (1046, 344, 14),
       (1047, 344, 49),
       (1048, 345, 52),
       (1049, 345, 12),
       (1050, 345, 63),
       (1051, 346, 56),
       (1052, 346, 63),
       (1053, 346, 57),
       (1054, 347, 2),
       (1055, 347, 1),
       (1056, 347, 10),
       (1057, 348, 28),
       (1058, 348, 42),
       (1059, 348, 32),
       (1060, 349, 12),
       (1061, 349, 55),
       (1062, 349, 51),
       (1063, 350, 50),
       (1064, 350, 40),
       (1065, 350, 28),
       (1066, 351, 61),
       (1067, 351, 55),
       (1068, 351, 4),
       (1069, 352, 57),
       (1070, 352, 59),
       (1071, 352, 65),
       (1072, 353, 42),
       (1073, 353, 46),
       (1074, 353, 29),
       (1075, 354, 7),
       (1076, 354, 35),
       (1077, 354, 64),
       (1078, 355, 27),
       (1079, 355, 66),
       (1080, 355, 34),
       (1081, 356, 4),
       (1082, 356, 44),
       (1083, 356, 30),
       (1084, 357, 9),
       (1085, 357, 12),
       (1086, 357, 54),
       (1087, 358, 18),
       (1088, 358, 43),
       (1089, 358, 1),
       (1090, 359, 62),
       (1091, 359, 18),
       (1092, 359, 33),
       (1093, 360, 13),
       (1094, 360, 47),
       (1095, 360, 1),
       (1096, 361, 37),
       (1097, 361, 36),
       (1098, 361, 31),
       (1099, 362, 3),
       (1100, 362, 18),
       (1101, 362, 9),
       (1102, 363, 6),
       (1103, 363, 30),
       (1104, 363, 66),
       (1105, 364, 52),
       (1106, 364, 64),
       (1107, 364, 47),
       (1108, 365, 20),
       (1109, 365, 54),
       (1110, 365, 37),
       (1111, 366, 17),
       (1112, 366, 39),
       (1113, 366, 43),
       (1114, 367, 54),
       (1115, 367, 26),
       (1116, 367, 34),
       (1117, 368, 40),
       (1118, 368, 8),
       (1119, 368, 25),
       (1120, 369, 28),
       (1121, 369, 63),
       (1122, 369, 21),
       (1123, 370, 25),
       (1124, 370, 33),
       (1125, 370, 28),
       (1126, 371, 6),
       (1127, 371, 4),
       (1128, 371, 45),
       (1129, 372, 63),
       (1130, 372, 15),
       (1131, 372, 61),
       (1132, 373, 40),
       (1133, 373, 36),
       (1134, 373, 41),
       (1135, 374, 52),
       (1136, 374, 27),
       (1137, 374, 61),
       (1138, 375, 61),
       (1139, 375, 33),
       (1140, 375, 37),
       (1141, 376, 10),
       (1142, 376, 20),
       (1143, 376, 16),
       (1144, 377, 11),
       (1145, 377, 22),
       (1146, 377, 30),
       (1147, 378, 32),
       (1148, 378, 39),
       (1149, 378, 52),
       (1150, 379, 32),
       (1151, 379, 35),
       (1152, 379, 36),
       (1153, 380, 2),
       (1154, 380, 58),
       (1155, 380, 62),
       (1156, 381, 47),
       (1157, 381, 67),
       (1158, 381, 15),
       (1159, 382, 65),
       (1160, 382, 43),
       (1161, 382, 16),
       (1162, 383, 49),
       (1163, 383, 52),
       (1164, 383, 8),
       (1165, 384, 38),
       (1166, 384, 62),
       (1167, 384, 63),
       (1168, 385, 67),
       (1169, 385, 10),
       (1170, 385, 6),
       (1171, 386, 43),
       (1172, 386, 52),
       (1173, 386, 28),
       (1174, 387, 12),
       (1175, 387, 22),
       (1176, 387, 59),
       (1177, 388, 52),
       (1178, 388, 48),
       (1179, 388, 61),
       (1180, 389, 39),
       (1181, 389, 21),
       (1182, 389, 9),
       (1183, 390, 61),
       (1184, 390, 54),
       (1185, 390, 17),
       (1186, 391, 38),
       (1187, 391, 39),
       (1188, 391, 65),
       (1189, 392, 16),
       (1190, 392, 48),
       (1191, 392, 56),
       (1192, 393, 45),
       (1193, 393, 13),
       (1194, 393, 67),
       (1195, 394, 31),
       (1196, 394, 7),
       (1197, 394, 30),
       (1198, 395, 65),
       (1199, 395, 66),
       (1200, 395, 57),
       (1201, 396, 8),
       (1202, 396, 9),
       (1203, 396, 57),
       (1204, 397, 31),
       (1205, 397, 50),
       (1206, 397, 6),
       (1207, 398, 15),
       (1208, 398, 30),
       (1209, 398, 31),
       (1210, 399, 50),
       (1211, 399, 22),
       (1212, 399, 67),
       (1213, 400, 42),
       (1214, 400, 25),
       (1215, 400, 17),
       (1216, 401, 52),
       (1217, 401, 30),
       (1218, 401, 57),
       (1219, 402, 61),
       (1220, 402, 37),
       (1221, 402, 46),
       (1222, 403, 52),
       (1223, 403, 40),
       (1224, 403, 20),
       (1225, 404, 20),
       (1226, 404, 24),
       (1227, 404, 23),
       (1228, 405, 34),
       (1229, 405, 8),
       (1230, 405, 10),
       (1231, 406, 20),
       (1232, 406, 14),
       (1233, 406, 28),
       (1234, 407, 35),
       (1235, 407, 51),
       (1236, 407, 56),
       (1237, 408, 41),
       (1238, 408, 49),
       (1239, 408, 61),
       (1240, 409, 12),
       (1241, 409, 56),
       (1242, 409, 57),
       (1243, 410, 48),
       (1244, 410, 33),
       (1245, 410, 64),
       (1246, 411, 57),
       (1247, 411, 62),
       (1248, 411, 28),
       (1249, 412, 12),
       (1250, 412, 50),
       (1251, 412, 11),
       (1252, 413, 63),
       (1253, 413, 14),
       (1254, 413, 38),
       (1255, 414, 24),
       (1256, 414, 14),
       (1257, 414, 10),
       (1258, 415, 28),
       (1259, 415, 23),
       (1260, 415, 39),
       (1261, 416, 50),
       (1262, 416, 16),
       (1263, 416, 64),
       (1264, 417, 51),
       (1265, 417, 62),
       (1266, 417, 45),
       (1267, 418, 19),
       (1268, 418, 26),
       (1269, 418, 28),
       (1270, 419, 19),
       (1271, 419, 3),
       (1272, 419, 12),
       (1273, 420, 45),
       (1274, 420, 56),
       (1275, 420, 40),
       (1276, 421, 11),
       (1277, 421, 30),
       (1278, 421, 60),
       (1279, 422, 36),
       (1280, 422, 59),
       (1281, 422, 49),
       (1282, 423, 14),
       (1283, 423, 8),
       (1284, 423, 38),
       (1285, 424, 7),
       (1286, 424, 6),
       (1287, 424, 38),
       (1288, 425, 67),
       (1289, 425, 2),
       (1290, 425, 7),
       (1291, 426, 55),
       (1292, 426, 20),
       (1293, 426, 67),
       (1294, 427, 12),
       (1295, 427, 11),
       (1296, 427, 64),
       (1297, 428, 11),
       (1298, 428, 66),
       (1299, 428, 8),
       (1300, 429, 44),
       (1301, 429, 37),
       (1302, 429, 25),
       (1303, 430, 53),
       (1304, 430, 14),
       (1305, 430, 60),
       (1306, 431, 11),
       (1307, 431, 43),
       (1308, 431, 29),
       (1309, 432, 25),
       (1310, 432, 20),
       (1311, 432, 8),
       (1312, 433, 47),
       (1313, 433, 62),
       (1314, 433, 19),
       (1315, 434, 52),
       (1316, 434, 2),
       (1317, 434, 27),
       (1318, 435, 15),
       (1319, 435, 30),
       (1320, 435, 22),
       (1321, 436, 12),
       (1322, 436, 39),
       (1323, 436, 21),
       (1324, 437, 16),
       (1325, 437, 7),
       (1326, 437, 53),
       (1327, 438, 56),
       (1328, 438, 19),
       (1329, 438, 59),
       (1330, 439, 34),
       (1331, 439, 16),
       (1332, 439, 15),
       (1333, 440, 49),
       (1334, 440, 2),
       (1335, 440, 42),
       (1336, 441, 14),
       (1337, 441, 15),
       (1338, 441, 36),
       (1339, 442, 31),
       (1340, 442, 25),
       (1341, 442, 18),
       (1342, 443, 40),
       (1343, 443, 14),
       (1344, 443, 64),
       (1345, 444, 4),
       (1346, 444, 33),
       (1347, 444, 52),
       (1348, 445, 39),
       (1349, 445, 23),
       (1350, 445, 6),
       (1351, 446, 62),
       (1352, 446, 16),
       (1353, 446, 31),
       (1354, 447, 25),
       (1355, 447, 22),
       (1356, 447, 9),
       (1357, 448, 34),
       (1358, 448, 28),
       (1359, 448, 9),
       (1360, 449, 17),
       (1361, 449, 36),
       (1362, 449, 3),
       (1363, 450, 11),
       (1364, 450, 36),
       (1365, 450, 27),
       (1366, 451, 50),
       (1367, 451, 61),
       (1368, 451, 29),
       (1369, 452, 13),
       (1370, 452, 24),
       (1371, 452, 10),
       (1372, 453, 15),
       (1373, 453, 35),
       (1374, 453, 46),
       (1375, 454, 51),
       (1376, 454, 62),
       (1377, 454, 18),
       (1378, 455, 49),
       (1379, 455, 32),
       (1380, 455, 14),
       (1381, 456, 45),
       (1382, 456, 4),
       (1383, 456, 11),
       (1384, 457, 40),
       (1385, 457, 47),
       (1386, 457, 21),
       (1387, 458, 8),
       (1388, 458, 65),
       (1389, 458, 62),
       (1390, 459, 9),
       (1391, 459, 22),
       (1392, 459, 26),
       (1393, 460, 53),
       (1394, 460, 31),
       (1395, 460, 63),
       (1396, 461, 2),
       (1397, 461, 26),
       (1398, 461, 25),
       (1399, 462, 63),
       (1400, 462, 28),
       (1401, 462, 38),
       (1402, 463, 31),
       (1403, 463, 19),
       (1404, 463, 45),
       (1405, 464, 28),
       (1406, 464, 64),
       (1407, 464, 14),
       (1408, 465, 19),
       (1409, 465, 42),
       (1410, 465, 30),
       (1411, 466, 46),
       (1412, 466, 25),
       (1413, 466, 56),
       (1414, 467, 67),
       (1415, 467, 9),
       (1416, 467, 7),
       (1417, 468, 16),
       (1418, 468, 49),
       (1419, 468, 64),
       (1420, 469, 6),
       (1421, 469, 8),
       (1422, 469, 51),
       (1423, 470, 16),
       (1424, 470, 10),
       (1425, 470, 4),
       (1426, 471, 32),
       (1427, 471, 3),
       (1428, 471, 34),
       (1429, 472, 5),
       (1430, 472, 38),
       (1431, 472, 61),
       (1432, 473, 56),
       (1433, 473, 65),
       (1434, 473, 19),
       (1435, 474, 33),
       (1436, 474, 24),
       (1437, 474, 23),
       (1438, 475, 36),
       (1439, 475, 25),
       (1440, 475, 64),
       (1441, 476, 4),
       (1442, 476, 11),
       (1443, 476, 63),
       (1444, 477, 17),
       (1445, 477, 19),
       (1446, 477, 62),
       (1447, 478, 25),
       (1448, 478, 3),
       (1449, 478, 44),
       (1450, 479, 5),
       (1451, 479, 1),
       (1452, 479, 43),
       (1453, 480, 53),
       (1454, 480, 59),
       (1455, 480, 46),
       (1456, 481, 13),
       (1457, 481, 20),
       (1458, 481, 8),
       (1459, 482, 4),
       (1460, 482, 32),
       (1461, 482, 40),
       (1462, 483, 57),
       (1463, 483, 1),
       (1464, 483, 21),
       (1465, 484, 21),
       (1466, 484, 6),
       (1467, 484, 20),
       (1468, 485, 13),
       (1469, 485, 58),
       (1470, 485, 6),
       (1471, 486, 18),
       (1472, 486, 9),
       (1473, 486, 41),
       (1474, 487, 39),
       (1475, 487, 44),
       (1476, 487, 56),
       (1477, 488, 61),
       (1478, 488, 18),
       (1479, 488, 19),
       (1480, 489, 20),
       (1481, 489, 2),
       (1482, 489, 25),
       (1483, 490, 13),
       (1484, 490, 60),
       (1485, 490, 34),
       (1486, 491, 54),
       (1487, 491, 49),
       (1488, 491, 26),
       (1489, 492, 55),
       (1490, 492, 29),
       (1491, 492, 41),
       (1492, 493, 32),
       (1493, 493, 27),
       (1494, 493, 66),
       (1495, 494, 10),
       (1496, 494, 49),
       (1497, 494, 1),
       (1498, 495, 36),
       (1499, 495, 67),
       (1500, 495, 8),
       (1501, 496, 17),
       (1502, 496, 32),
       (1503, 496, 9),
       (1504, 497, 19),
       (1505, 497, 26),
       (1506, 497, 1),
       (1507, 498, 37),
       (1508, 498, 42),
       (1509, 498, 9),
       (1510, 499, 40),
       (1511, 499, 34),
       (1512, 499, 19),
       (1513, 500, 67),
       (1514, 500, 16),
       (1515, 500, 22),
       (1516, 501, 66),
       (1517, 501, 35),
       (1518, 501, 27);
/*!40000 ALTER TABLE `selectOption_selectedTag`
    ENABLE KEYS */;
UNLOCK TABLES;

--
-- Table structure for table `selectOption_subOption`
--

DROP TABLE IF EXISTS `selectOption_subOption`;
/*!40101 SET @saved_cs_client = @@character_set_client */;
/*!50503 SET character_set_client = utf8mb4 */;
CREATE TABLE `selectOption_subOption`
(
    `id`               int         NOT NULL AUTO_INCREMENT,
    `sub_option_id`    varchar(50) NOT NULL,
    `select_option_id` varchar(50) NOT NULL,
    PRIMARY KEY (`id`),
    KEY `FK_select_option_TO_sub_option_map_1` (`select_option_id`),
    KEY `FK_sub_option_TO_sub_option_map_1` (`sub_option_id`),
    CONSTRAINT `FK_select_option_TO_sub_option_map_1` FOREIGN KEY (`select_option_id`) REFERENCES `selectOption` (`id`),
    CONSTRAINT `FK_sub_option_TO_sub_option_map_1` FOREIGN KEY (`sub_option_id`) REFERENCES `subOption` (`id`)
) ENGINE = InnoDB
  AUTO_INCREMENT = 158
  DEFAULT CHARSET = utf8mb4
  COLLATE = utf8mb4_0900_ai_ci;
/*!40101 SET character_set_client = @saved_cs_client */;

--
-- Dumping data for table `selectOption_subOption`
--

LOCK TABLES `selectOption_subOption` WRITE;
/*!40000 ALTER TABLE `selectOption_subOption`
    DISABLE KEYS */;
INSERT INTO `selectOption_subOption`
VALUES (75, 'LX00023', 'HSS'),
       (76, 'LX00024', 'HSS'),
       (77, 'LX00025', 'HSS'),
       (78, 'LX00026', 'PA2'),
       (79, 'LX00027', 'PA2'),
       (80, 'LX00028', 'CO2'),
       (81, 'LX00070', 'CO2'),
       (82, 'LX00071', 'CO2'),
       (83, 'LX00098', 'CO2'),
       (84, 'LX00101', 'CO2'),
       (85, 'LX00131', 'CO2'),
       (86, 'LX00019', 'PA1'),
       (87, 'LX00020', 'PA1'),
       (88, 'LX00021', 'PA1'),
       (89, 'LX00022', 'PA1'),
       (90, 'LX00026', 'PA1'),
       (91, 'LX00027', 'PA1'),
       (92, 'LX00126', 'PA1'),
       (93, 'LX00088', 'CO1'),
       (94, 'LX00090', 'CO1'),
       (95, 'LX00122', 'CO1'),
       (96, 'LX00057', 'CVP'),
       (97, 'LX00123', 'CVP'),
       (98, 'LX00124', 'CVP'),
       (99, 'LX00147', 'LST'),
       (100, 'LX00148', 'LST'),
       (101, 'LX00149', 'LST'),
       (102, 'LX00150', 'LST'),
       (103, 'LX00151', 'LST'),
       (104, 'LX00152', 'LST'),
       (105, 'LX00153', 'LST'),
       (106, 'LX00144', 'TRP'),
       (107, 'LX00145', 'TRP'),
       (108, 'LX00146', 'TRP'),
       (117, 'LX00141', 'KRE'),
       (118, 'LX00142', 'KRE'),
       (119, 'LX00061', 'VI2'),
       (120, 'LX00078', 'VI2'),
       (121, 'LX00100', 'VI2'),
       (122, 'LX00125', 'VI2'),
       (123, 'LX00143', 'VI2'),
       (143, 'LX00163', 'LX3227'),
       (144, 'LX00162', 'LX3228'),
       (145, 'LX00161', 'LX3226'),
       (146, 'LX00162', 'LX3226'),
       (147, 'LX00149', 'LX0004'),
       (148, 'LX00160', 'LX0004'),
       (149, 'BIC', 'BIC'),
       (150, 'LX3233', 'LX3233'),
       (151, 'LX3232', 'LX3232'),
       (152, 'DUP', 'DUP'),
       (153, 'LX3229', 'LX3229'),
       (154, '2VS', '2VS'),
       (155, 'LX0009', 'LX0009'),
       (156, 'LX0010', 'LX0010'),
       (157, 'LX3220', 'LX3220');
/*!40000 ALTER TABLE `selectOption_subOption`
    ENABLE KEYS */;
UNLOCK TABLES;

--
-- Table structure for table `subOption`
--

DROP TABLE IF EXISTS `subOption`;
/*!40101 SET @saved_cs_client = @@character_set_client */;
/*!50503 SET character_set_client = utf8mb4 */;
CREATE TABLE `subOption`
(
    `id`          varchar(50)  NOT NULL,
    `name`        varchar(100) NOT NULL,
    `image_url`   varchar(255) NOT NULL,
    `description` text         NOT NULL,
    PRIMARY KEY (`id`)
) ENGINE = InnoDB
  DEFAULT CHARSET = utf8mb4
  COLLATE = utf8mb4_0900_ai_ci;
/*!40101 SET character_set_client = @saved_cs_client */;

--
-- Dumping data for table `subOption`
--

LOCK TABLES `subOption` WRITE;
/*!40000 ALTER TABLE `subOption`
    DISABLE KEYS */;
INSERT INTO `subOption`
VALUES ('2VS', '2열 통풍시트', 'https://88hey-bucket.s3.amazonaws.com/88hey/select-option/2_cooling.jpg',
        '시동이 걸린 상태에서 해당 좌석의 통풍 스위치를 누르면 표시등이 켜지면서 해당 좌석에 바람이 나오는 편의장치입니다.'),
       ('BIC', '빌트인 캠(보조배터리 포함)', 'https://88hey-bucket.s3.amazonaws.com/88hey/select-option/builtincam.jpg',
        '빌트인 적용된 영상기록장치로, 내비게이션 화면을 통해 영상 확인 및 앱 연동을 통해 영상 확인 및 SNS 공유가 가능합니다.'),
       ('DUP', '듀얼 와이드 선루프', 'https://88hey-bucket.s3.amazonaws.com/88hey/select-option/dualwidesunroof.jpg',
        '후석에 고정 글라스를 적용한 듀얼 파노라믹 선루프로 2/3열의 탑승객에게도 넓은 개방감을 선사합니다.'),
       ('LX00019', '후측방 충돌 경고(주행)', 'https://88hey-bucket.s3.amazonaws.com/88hey/sub-option/bcw.jpg',
        '차로 변경을 위하여 방향지시등 스위치 조작 시, 후측방 충돌 위험이 감지되면 경고를 해줍니다.'),
       ('LX00020', '후측방 충돌방지 보조(전진 출차)', 'https://88hey-bucket.s3.amazonaws.com/88hey/sub-option/bca.jpg',
        '평행 주차상태에서 전진 출차 중, 후측방 차량과 충돌 위험이 감지되면 자동으로 제동을 도와줍니다.'),
       ('LX00021', '안전 하차 보조', 'https://88hey-bucket.s3.amazonaws.com/88hey/sub-option/sea.jpg',
        '정차 후 탑승자가 차에서 내리려고 도어를 열 때, 후측방에서 접근하는 차량이 감지되면 경고를 해줍니다. 또한 전자식 차일드 락이 작동하여 문이 열리지 않도록 도와줍니다.'),
       ('LX00022', '후방 교차 충돌방지 보조', 'https://88hey-bucket.s3.amazonaws.com/88hey/sub-option/rcca.jpg',
        '후진 출차 시 후방 교차 차량을 감지하여 운전자에게 경고하고 필요 시에는 브레이크 제어를 통해 후방 교차 충돌방지를 보조합니다.'),
       ('LX00023', '전방 충돌방지 보조', 'https://88hey-bucket.s3.amazonaws.com/88hey/sub-option/fca2.jpg',
        '선행 차량이 갑자기 속도를 줄이거나, 앞에 정지 차량 혹은 보행자가 나타나는 등 전방 충돌 위험이 감지되면 경고를 해줍니다. 경고 후에도 충돌 위험이 높아지면 자동으로 제동을 도와줍니다. 주행 중 전방의 자전거 탑승자 및 교차로에서 좌회전 시 맞은편에서 다가오는 차량과 충돌 위험이 있다면 자동으로 제동을 도와줍니다.'),
       ('LX00024', '내비게이션 기반 스마트 크루즈 컨트롤(진출입로)', 'https://88hey-bucket.s3.amazonaws.com/88hey/sub-option/ncss2.jpg',
        '스마트 크루즈 작동 중 고속도로/도시고속도로/자동차전용 도로 내 고속도로 진출입로 주행 시 차로를 판단하여 사전감속 또는 최적 속도에 맞추어 감속을 진행합니다.'),
       ('LX00025', '고속도로 주행 보조 2', 'https://88hey-bucket.s3.amazonaws.com/88hey/sub-option/hda2.jpg',
        '고속도로 / 자동차 전용도로에서 앞차와의 거리와 설정 속도를 유지하며 주행할 뿐 아니라, 곡선로에서도 차로의 중앙을 유지하며 주행할 수 있도록 도와줍니다. 일정 속도 이상으로 주행 시, 스티어링 휠을 잡은 상태에서 방향지시등 스위치를 변경하고자 하는 차로 방향으로 움직이면 자동으로 차로를 변경해 줍니다.'),
       ('LX00026', '후방 주차 충돌방지 보조', 'https://88hey-bucket.s3.amazonaws.com/88hey/sub-option/pca.jpg',
        '주차 또는 출차 시 저속 후진 중 후방카메라와 센서로 정후면에 위치한 보행자 및 장애물과의 충돌이 예상되면 운전자에게 경고하고 차량의 제동을 제어하여 충돌방지를 보조합니다.'),
       ('LX00027', '원격 스마트 주차 보조', 'https://88hey-bucket.s3.amazonaws.com/88hey/sub-option/rspa.jpg',
        '주차 보조 기능을 활성화 한 후 주차공간을 발견하게 되면 차량 내 안내에 따라 하차한 다음, 스마트키의 작동 버튼을 누르고만 있으면 차가 스스로 주차합니다. 직각주차 및 평행주차 모두 가능하며, 운전자 탑승 시에도 차량 내부의 작동 버튼을 누르고 있으면 자동 주차 보조를 지원합니다.'),
       ('LX00028', '후석 승객 알림', 'https://88hey-bucket.s3.amazonaws.com/88hey/sub-option/roa.jpg',
        '초음파 센서를 통해 뒷좌석에 남아있는 승객의 움직임을 감지하여 운전자에게 경고함으로써 부주의에 의한 유아 또는 반려 동물 등의 방치 사고를 예방하는 신기술입니다.'),
       ('LX00057', '발수 도어(1열)', 'https://88hey-bucket.s3.amazonaws.com/88hey/sub-option/frontdoorwindow.jpg',
        '빗물 맺힘이나 서리, 성에 등을 막아주는 발수 적용 유리를 앞도어에 장착하여 운전자의 시계를 확보합니다.'),
       ('LX00061', '2열 센터 콘솔', 'https://88hey-bucket.s3.amazonaws.com/88hey/sub-option/2_centerconsol.jpg',
        '양문형 2열 센터 콘솔 암레스트로 콘솔 개폐시 편의성이 우수합니다. 또한 2열 콘솔 부위에 앰비언트 무드램프를 더하여 2열 차별화와 고급감을 향상시켰습니다.<br>- 공기청정기 : H13등급 헤파 필터와 활성탄 및 제올라이트 필터를 적용하여 미세먼지와 유해가스를 효과적으로 필터링하여 2열 좌석 중심으로 신선한 공기를 공급합니다. 미세먼지 센서로(PM2.5 레이저) 실내 미세먼지를 측정하여 풍량을 자동 제어합니다.<br>- 터치 스위치 : 콘솔 공기청정기, 2열 냉온컵홀더, 후석엔터테인먼트 시스템을 제어 가능합니다.'),
       ('LX00070', '메탈 리어범퍼스텝', 'https://88hey-bucket.s3.amazonaws.com/88hey/sub-option/metalrearbumper.jpg',
        '러기지 룸 앞쪽 하단부를 메탈로 만들어 물건을 싣고 내릴 때나 사람이 올라갈 때 차체를 보호해줍니다.'),
       ('LX00071', '메탈 도어스커프', 'https://88hey-bucket.s3.amazonaws.com/88hey/sub-option/metaldoorscuff.jpg',
        '자동차를 타고 내리는 도어의 문틈 하부를 보호하는 도어스커프 부분을 메탈로 만들어 차체를 보호하고 메탈 디자인으로 고급스러운 감성을 전달합니다.'),
       ('LX00078', 'VIP 전용 고급형 카매트(1/2/3열)', 'https://88hey-bucket.s3.amazonaws.com/88hey/sub-option/vipcarmat.jpg',
        '두터운 두께와 더욱 촘촘한 융 원단을 적용하여 보다 고급스러운 인테리어 감성을 제공합니다.'),
       ('LX00088', '천연가죽 시트(블랙)', 'https://88hey-bucket.s3.amazonaws.com/88hey/sub-option/realleatherblack.jpg',
        '팰리세이드는 옵션에 따라 인조가죽, 가죽, 나파가죽, 퀼팅 나파가죽 시트를 선택할 수 있습니다.<br>- 인조가죽 시트 : 합성섬유를 이용하여 가죽의 질감을 구현한 인조가죽으로 제작된 시트입니다.<br>- 가죽 시트 : 실제 가죽으로 제작되어 편안하며 고급스러운 착좌감을 제공합니다.<br>- 나파가죽 시트 : 가죽 표면을 코팅처리하여 가죽의 내구성은 높이면서도 부드러운 감촉을 선사하는 시트입니다.'),
       ('LX0009', '사이드스텝', 'https://88hey-bucket.s3.amazonaws.com/88hey/select-option/sidestep.jpg', '-'),
       ('LX00090', '운전석 전동시트', 'https://88hey-bucket.s3.amazonaws.com/88hey/sub-option/10_driverseat.jpg',
        '운전석의 시트 포지션을 조정하여 운전자의 체형에 맞는 편안한 자세를 유지할 수 있도록 돕는 기능입니다. <br>- 10way 전동시트 : 운전석 좌하단에 위치한 조작부로 8방향으로 조절 기능(시트백 기울기, 시트 앞/뒤 이동, 쿠션부 앞/뒤 높이 조절)과 허리 지지대 조절 기능을 전동 방식으로 조절합니다.<br>- 4way 럼버서포트 : 허리 지지대 조절 기능을 4 방향으로 조절합니다.<br>- 쿠션 익스텐션 : 운전자의 허벅지 길이에 맞게 시트 하단부를 조절하는 쿠션 익스텐션이 적용되었습니다.<br>- 자세 메모리 시스템 : 운전자가 설정한 자세를 2개까지 기억하는 운전석 자세 메모리 시스템을 적용하여 편의성을 높였습니다.'),
       ('LX00098', '3열 파워폴딩시트', 'https://88hey-bucket.s3.amazonaws.com/88hey/sub-option/powerfolding.jpg',
        '러기지 사이드에 있는 버튼으로 3열 시트를 접었다 펼 수 있으며, 2열 시트도 조작할 수 있어 화물 적재시나 3열 이용시 사용자의 편의성을 높였습니다.'),
       ('LX0010', '차량 보호 필름', 'https://88hey-bucket.s3.amazonaws.com/88hey/select-option/carprotector.jpg', '-'),
       ('LX00100', '스피커 내장형 윙타입 헤드레스트(2열)',
        'https://88hey-bucket.s3.amazonaws.com/88hey/sub-option/speakerwingtypeheadrest.jpg',
        '저음역을 강화하고 플랫 주파수 응답 성능을 확보하여 풍부한 베이스와 고퀄리티 사운드 감상이 가능합니다. 또한\'후석 엔터테인먼트 시스템’과 연동되어 좌/우 헤드레스트 각각 개별적인 사운드 감상이 가능합니다.'),
       ('LX00101', '3열 열선시트', 'https://88hey-bucket.s3.amazonaws.com/88hey/sub-option/3_heated.jpg',
        '시동이 걸린 상태에서 해당 좌석 히터 스위치를 누르면 강약조절 표시등이 켜져 사용 중임을 나타내고 해당 좌석이 따뜻해집니다.'),
       ('LX00122', '전동식 틸트 & 텔레스코픽 스티어링 휠', 'https://88hey-bucket.s3.amazonaws.com/88hey/sub-option/autosteering.jpg',
        '조절 스위치를 이용하여 스티어링 휠의 높낮이와 전/후 위치를 조절할 수 있습니다.'),
       ('LX00123', '스마트 파워 테일게이트', 'https://88hey-bucket.s3.amazonaws.com/88hey/sub-option/powertailgate.jpg',
        '스위치 및 스마트키 버튼으로 테일게이트 개방이 가능하며, 설정을 통해 개폐 속도 조절 및 열림 높이 조절이 가능합니다.'),
       ('LX00124', '스마트폰 무선충전', 'https://88hey-bucket.s3.amazonaws.com/88hey/sub-option/wirelesscharging.jpg',
        '중앙 콘솔에 휴대폰 무선 충전을 위한 시스템이 적용되어 있습니다. 또한 엔진에 시동을 끈 후 충전 패드에 휴대폰이 놓여있는 상태에서 운전석 또는 동승석 도어를 열면 게시판에 \'휴대폰이 무선 충전기에 있습니다\'라는 경고문 및 경고음(음성안내 적용 차량)으로 알려줍니다.<br>* 무선 충전 시스템은 Qi를 지원하는 휴대폰 한 대를 대상으로 무선충전을 지원하며, Qi를 지원하는 휴대폰은 휴대폰 제조사를 통해 확인 가능합니다.'),
       ('LX00125', '도어트림 스마트폰 무선충전기(2열)',
        'https://88hey-bucket.s3.amazonaws.com/88hey/sub-option/doorwirelesscharger.jpg',
        '뒷좌석 도어에 별도의 케이블 없이 무선으로 스마트폰 충전이 가능한 무선 충전기를 장착하여 뒷좌석 탑승객의 편의를 높였습니다.'),
       ('LX00126', '서라운드 뷰 모니터', 'https://88hey-bucket.s3.amazonaws.com/88hey/sub-option/svm.jpg',
        '차량 앞/뒤/좌/우 360도 모든 상황을 AVN화면을 통해 볼 수 있는 장치로 고화질 카메라 및 디지털 영상 전송 방식을 적용하여 영상 경계선 없이 선명하고 깨끗한 화질을 제공합니다.'),
       ('LX00131', '헤드업 디스플레이', 'https://88hey-bucket.s3.amazonaws.com/88hey/sub-option/headupdisplay.jpg',
        '주요 주행 정보를 전면 윈드실드에 표시하며, 밝기가 최적화되어 주간에도 시인성이 뛰어납니다.'),
       ('LX00141', 'KRELL 프리미엄 사운드(12스피커, 외장앰프)',
        'https://88hey-bucket.s3.amazonaws.com/88hey/sub-option/krellsound.jpg',
        '음향의 세밀함과 공간감, 다이내믹함을 추구하며 세계 유수의 사운드 어워드를 수상한 세계적인 하이앤드 오디오 시스템 브랜드인 크렐 사운드 시스템을 적용하였습니다.'),
       ('LX00142', '액티브 노이즈 컨트롤', 'https://88hey-bucket.s3.amazonaws.com/88hey/sub-option/activenoisecontrol.jpg',
        '실시간으로 차량 내부의 엔진 소음을 분석해 반대 위상의 음파를 출력하여 소음을 저감하고 보다 정숙한 실내 공간을 만들어줍니다.'),
       ('LX00143', '후석 엔터테인먼트 시스템(2열)', 'https://88hey-bucket.s3.amazonaws.com/88hey/sub-option/rearentertain.jpg',
        '-'),
       ('LX00144', '견인력(750kg → 2,000kg)', 'https://88hey-bucket.s3.amazonaws.com/88hey/sub-option/tractionpower.jpg',
        '※ 트레일러 패키지 선택 시 연결장치 견인 능력은 750kg에서 2,000kg으로 증대됩니다.<br>※ 트레일러 패키지의 최대 견인 중량은 2,000kg(피견인장치관성브레이크 적용 시), 수직하중은 100kg입니다.<br>※ 트레일러 패키지의 커넥터는 유럽식 13PIN(ISO 11446) 적용되어 있으며 토우볼 지름은 50mm입니다.<br>※ 트레일러 패키지의 토우모드는 가솔린 3.8 HTRAC 사양에 한하여 적용됩니다.'),
       ('LX00145', '셀프레벨라이저', 'https://88hey-bucket.s3.amazonaws.com/88hey/sub-option/selflevelizer.jpg',
        '※ 트레일러 패키지 선택 시 연결장치 견인 능력은 750kg에서 2,000kg으로 증대됩니다.<br>※ 트레일러 패키지의 최대 견인 중량은 2,000kg(피견인장치관성브레이크 적용 시), 수직하중은 100kg입니다.<br>※ 트레일러 패키지의 커넥터는 유럽식 13PIN(ISO 11446) 적용되어 있으며 토우볼 지름은 50mm입니다.<br>※ 트레일러 패키지의 토우모드는 가솔린 3.8 HTRAC 사양에 한하여 적용됩니다.'),
       ('LX00146', '토우히치', 'https://88hey-bucket.s3.amazonaws.com/88hey/sub-option/towhitch.jpg',
        '※ 트레일러 패키지 선택 시 연결장치 견인 능력은 750kg에서 2,000kg으로 증대됩니다.<br>※ 트레일러 패키지의 최대 견인 중량은 2,000kg(피견인장치관성브레이크 적용 시), 수직하중은 100kg입니다.<br>※ 트레일러 패키지의 커넥터는 유럽식 13PIN(ISO 11446) 적용되어 있으며 토우볼 지름은 50mm입니다.<br>※ 트레일러 패키지의 토우모드는 가솔린 3.8 HTRAC 사양에 한하여 적용됩니다.'),
       ('LX00147', '220V 인버터', 'https://88hey-bucket.s3.amazonaws.com/88hey/sub-option/220inverter.jpg', '-'),
       ('LX00148', 'LED 테일게이트 램프', 'https://88hey-bucket.s3.amazonaws.com/88hey/sub-option/ledtailramp.jpg', '-'),
       ('LX00149', '러기지 프로텍션 매트', 'https://88hey-bucket.s3.amazonaws.com/88hey/sub-option/luggageprotectmat.jpg', '-'),
       ('LX00150', '러기지 스크린', 'https://88hey-bucket.s3.amazonaws.com/88hey/sub-option/luggagescreen.jpg', '-'),
       ('LX00151', '러기지 네트', 'https://88hey-bucket.s3.amazonaws.com/88hey/sub-option/luggagenet.jpg', '-'),
       ('LX00152', 'LED 도어 스팟 램프', 'https://88hey-bucket.s3.amazonaws.com/88hey/sub-option/doorspotlamp.jpg', '-'),
       ('LX00153', 'LED 풋무드 램프', 'https://88hey-bucket.s3.amazonaws.com/88hey/sub-option/footmoodlamp.jpg', '-'),
       ('LX00155', '사이드 스텝', 'https://88hey-bucket.s3.amazonaws.com/88hey/sub-option/sidestep.jpg', '-'),
       ('LX00160', '플로어매트1, 2열', 'https://88hey-bucket.s3.amazonaws.com/88hey/sub-option/floormat.jpg',
        '※ 프로텍션 매트 패키지는 사용자의 신발 재질에 따라 일부 미끄러짐이 발생할 수 있습니다.'),
       ('LX00161', '알콘(alcon) 단조 브레이크', 'https://88hey-bucket.s3.amazonaws.com/88hey/sub-option/alconbreak.jpg', '-'),
       ('LX00162', '20인치 블랙톤 전면 가공 휠', 'https://88hey-bucket.s3.amazonaws.com/88hey/sub-option/20inchwheel.jpg', '-'),
       ('LX00163', '20인치 다크 스퍼터링 휠', 'https://88hey-bucket.s3.amazonaws.com/88hey/sub-option/20_darkwheel.jpg', '-'),
       ('LX3220', '빌트인 공기청정기', 'https://88hey-bucket.s3.amazonaws.com/88hey/select-option/builtinaircleaner.jpg',
        '※ 빌트인 공기청정기 전용 에어필터의 권장 사용기간은 6개월이며(하루 2시간 사용 기준), 에어필터는 현대 Shop(Shop.Hyundai.com) 현대브랜드관을 통해 개별 품목 단위로 구매 가능합니다.'),
       ('LX3229', '냉온장 컵홀더', 'https://88hey-bucket.s3.amazonaws.com/88hey/select-option/cupholder.jpg', '-'),
       ('LX3232', '듀얼 머플러 패키지', 'https://88hey-bucket.s3.amazonaws.com/88hey/select-option/dualmufflerpackage.jpg',
        '-'),
       ('LX3233', '적외선 무릎워머', 'https://88hey-bucket.s3.amazonaws.com/88hey/select-option/kneewarmer.jpg',
        '※ 적외선 무릎 워머 상품은 사용자의 자세와 체형에 따라 효과가 상이할 수 있습니다.<br>※ 적외선 무릎 워머 상품의 발열부는 고온으로 신체 접촉 시 화상 위험이 있으므로 닿지 않도록 주의바랍니다.<br>※ 적외선 무릎 워머 상품은 실내온도에 따라 발열 온도가 조절되며, 30분 연속 작동 됩니다.<br>※ 적외선 무릎 워머는 전동식 틸트 & 텔레스코픽 스티어링 휠 적용 시 선택이 가능합니다.');
/*!40000 ALTER TABLE `subOption`
    ENABLE KEYS */;
UNLOCK TABLES;

--
-- Table structure for table `tag`
--

DROP TABLE IF EXISTS `tag`;
/*!40101 SET @saved_cs_client = @@character_set_client */;
/*!50503 SET character_set_client = utf8mb4 */;
CREATE TABLE `tag`
(
    `id`      int NOT NULL AUTO_INCREMENT,
    `content` varchar(255) CHARACTER SET utf8mb4 COLLATE utf8mb4_unicode_ci DEFAULT NULL,
    PRIMARY KEY (`id`)
) ENGINE = InnoDB
  AUTO_INCREMENT = 68
  DEFAULT CHARSET = utf8mb4
  COLLATE = utf8mb4_unicode_ci;
/*!40101 SET character_set_client = @saved_cs_client */;

--
-- Dumping data for table `tag`
--

LOCK TABLES `tag` WRITE;
/*!40000 ALTER TABLE `tag`
    DISABLE KEYS */;
INSERT INTO `tag`
VALUES (1, '트렌디해요😎'),
       (2, '모두가 좋아하는 색상🥰'),
       (3, '흔하지 않은 색🤭'),
       (4, '깔끔해요👍'),
       (5, '밝고화사해요✨'),
       (6, '무게감있는 톤🌑'),
       (7, '청소하기 좋아요🧹'),
       (8, '무난한 색상😙'),
       (9, '마음에 들어요😄'),
       (10, '이것만 있으면 나도 주차고수🚘'),
       (11, '가격이 합리적이에요👍'),
       (12, '안전사고 예방🚨'),
       (13, '처음보는 옵션😲'),
       (14, '편리해요☺️'),
       (15, '믿을 수 있는 성능🤝'),
       (16, '주행이 편안해요🚙'),
       (17, '어린이👶'),
       (18, '깨끗하게 유지할 수 있어요🧹'),
       (19, '큰 짐도 OK🧳'),
       (20, '가족들도 좋은 옵션👨‍👩‍👧‍👦'),
       (21, '겨울에 쓰기 좋아요❄️'),
       (22, '대형견도 문제 없어요🐶'),
       (23, '여름에 쓰기 좋아요☀️'),
       (24, '멋진 하늘뷰☁️'),
       (25, '시원한 공기🪟'),
       (26, '방전걱정없어요🔋'),
       (27, '빠른영상공유📷'),
       (28, '고화질👀'),
       (29, '스포티한⚽️'),
       (30, '웅장한 사운드🔊'),
       (31, '내 차의 완성✨'),
       (32, '독보적인 디자인⭐️'),
       (33, '블랙⬛️'),
       (34, '펠리세이드 전용'),
       (35, '스포티'),
       (36, '안정적인 제동🏎'),
       (37, '모터 스포츠'),
       (38, '연비효율이 좋아요🛢'),
       (39, '친환경🌳'),
       (40, '소음이 적어요🔇'),
       (41, '주행을 편안하게 해요🚙'),
       (42, '뒷좌석도 편안해요'),
       (43, '조용한 드라이빙'),
       (44, '부드러운 승차감🚘'),
       (45, '편리한 승하차🚶'),
       (46, '많은 인원도 걱정없어요👍'),
       (47, '여유로운 실내공간🛋️'),
       (48, '만족스러워요😌'),
       (49, '옵션값 뽑았어요👍'),
       (50, '험한 길도 OK👌'),
       (51, '역시 풀옵션 없는 게 없어요👍'),
       (52, '필요한 건 다 있어요😎'),
       (53, '안전을 위한 옵션이 많아요🚨'),
       (54, '마음에 쏙 드는 색상💕'),
       (55, '부드러운 주행🪶'),
       (56, '외관이 멋져요🤩'),
       (57, '초보자에게 좋은 차🚘'),
       (58, '가족👨‍👩‍👦‍👦'),
       (59, '사회초년생🧑‍🎓'),
       (60, '드라이빙🚗'),
       (61, '출퇴근용🚶'),
       (62, '반려동물🐱'),
       (63, '관리하기 편해요🧹'),
       (64, '모터스포츠🏎'),
       (65, '깨끗한 실내공기🌱'),
       (66, '나를 위한 옵션💪'),
       (67, '따뜻해요😚');
/*!40000 ALTER TABLE `tag`
    ENABLE KEYS */;
UNLOCK TABLES;

--
-- Table structure for table `trim`
--

DROP TABLE IF EXISTS `trim`;
/*!40101 SET @saved_cs_client = @@character_set_client */;
/*!50503 SET character_set_client = utf8mb4 */;
CREATE TABLE `trim`
(
    `id`       int          NOT NULL AUTO_INCREMENT,
    `name`     varchar(255) NOT NULL,
    `price`    varchar(255) NOT NULL,
    `model_id` int          NOT NULL,
    PRIMARY KEY (`id`),
    KEY `FK_model_TO_trim_1` (`model_id`),
    CONSTRAINT `FK_model_TO_trim_1` FOREIGN KEY (`model_id`) REFERENCES `model` (`id`)
) ENGINE = InnoDB
  AUTO_INCREMENT = 5
  DEFAULT CHARSET = utf8mb4
  COLLATE = utf8mb4_0900_ai_ci;
/*!40101 SET character_set_client = @saved_cs_client */;

--
-- Dumping data for table `trim`
--

LOCK TABLES `trim` WRITE;
/*!40000 ALTER TABLE `trim`
    DISABLE KEYS */;
INSERT INTO `trim`
VALUES (1, 'Le Blanc', '41980000', 1),
       (2, 'Exclusive', '38960000', 1),
       (3, 'Prestige', '46240000', 1),
       (4, 'Calligraphy', '51060000', 1);
/*!40000 ALTER TABLE `trim`
    ENABLE KEYS */;
UNLOCK TABLES;

--
-- Table structure for table `trim_feature`
--

DROP TABLE IF EXISTS `trim_feature`;
/*!40101 SET @saved_cs_client = @@character_set_client */;
/*!50503 SET character_set_client = utf8mb4 */;
CREATE TABLE `trim_feature`
(
    `id`        int          NOT NULL AUTO_INCREMENT,
    `trim_id`   int          NOT NULL,
    `name`      varchar(50)  NOT NULL,
    `image_url` varchar(255) NOT NULL,
    PRIMARY KEY (`id`),
    KEY `FK_trim_TO_trim_feature_1` (`trim_id`),
    CONSTRAINT `FK_trim_TO_trim_feature_1` FOREIGN KEY (`trim_id`) REFERENCES `trim` (`id`)
) ENGINE = InnoDB
  AUTO_INCREMENT = 13
  DEFAULT CHARSET = utf8mb4
  COLLATE = utf8mb4_0900_ai_ci;
/*!40101 SET character_set_client = @saved_cs_client */;

--
-- Dumping data for table `trim_feature`
--

LOCK TABLES `trim_feature` WRITE;
/*!40000 ALTER TABLE `trim_feature`
    DISABLE KEYS */;
INSERT INTO `trim_feature`
VALUES (1, 1, '20인치 알로이 휠', 'https://88hey-bucket.s3.ap-northeast-2.amazonaws.com/88hey/trim-feature/ic_Leblanc_1.png'),
       (2, 1, '서라운드 뷰 모니터', 'https://88hey-bucket.s3.ap-northeast-2.amazonaws.com/88hey/trim-feature/ic_Leblanc_2.png'),
       (3, 1, '클러스터 (12.3인치 컬러 LCD)',
        'https://88hey-bucket.s3.ap-northeast-2.amazonaws.com/88hey/trim-feature/ic_Leblanc_3.png'),
       (4, 2, '12.3인치 내비게이션',
        'https://88hey-bucket.s3.ap-northeast-2.amazonaws.com/88hey/trim-feature/ic_Exclusive_1.png'),
       (5, 2, '네비게이션 기반 스마트 크루즈 컨트롤',
        'https://88hey-bucket.s3.ap-northeast-2.amazonaws.com/88hey/trim-feature/ic_Exclusive_2.png'),
       (6, 2, '베젤리스 인사이드 미러',
        'https://88hey-bucket.s3.ap-northeast-2.amazonaws.com/88hey/trim-feature/ic_Exclusive_3.png'),
       (7, 3, '2열 수동식 도어 커튼',
        'https://88hey-bucket.s3.ap-northeast-2.amazonaws.com/88hey/trim-feature/ic_Prestige_1.png'),
       (8, 3, '스마트 자세제어', 'https://88hey-bucket.s3.ap-northeast-2.amazonaws.com/88hey/trim-feature/ic_Prestige_2.png'),
       (9, 3, '전후석 통합 터치 공조 컨트롤',
        'https://88hey-bucket.s3.ap-northeast-2.amazonaws.com/88hey/trim-feature/ic_Prestige_3.png'),
       (10, 4, 'KRELL 프리미엄 사운드',
        'https://88hey-bucket.s3.ap-northeast-2.amazonaws.com/88hey/trim-feature/ic_Calligraphy_1.png'),
       (11, 4, '원격 스마트 주차보조',
        'https://88hey-bucket.s3.ap-northeast-2.amazonaws.com/88hey/trim-feature/ic_Calligraphy_2.png'),
       (12, 4, '캘리그래피 전용 디자인',
        'https://88hey-bucket.s3.ap-northeast-2.amazonaws.com/88hey/trim-feature/ic_Calligraphy_3.png');
/*!40000 ALTER TABLE `trim_feature`
    ENABLE KEYS */;
UNLOCK TABLES;

--
-- Table structure for table `user`
--

DROP TABLE IF EXISTS `user`;
/*!40101 SET @saved_cs_client = @@character_set_client */;
/*!50503 SET character_set_client = utf8mb4 */;
CREATE TABLE `user`
(
    `id`         int          NOT NULL AUTO_INCREMENT,
    `email`      varchar(255) NOT NULL,
    `name`       varchar(50) DEFAULT NULL,
    `password`   varchar(255) NOT NULL,
    `created_at` datetime     NOT NULL,
    PRIMARY KEY (`id`)
) ENGINE = InnoDB
  AUTO_INCREMENT = 412
  DEFAULT CHARSET = utf8mb4
  COLLATE = utf8mb4_0900_ai_ci;
/*!40101 SET character_set_client = @saved_cs_client */;

--
-- Dumping data for table `user`
--

LOCK TABLES `user` WRITE;
/*!40000 ALTER TABLE `user`
    DISABLE KEYS */;
INSERT INTO `user`
VALUES (0, 'abc@test.com', '테스트맨', '테스트맨', '2023-08-22 11:08:23'),
       (1, 'test@email.com', '홍길동', '43d9517781bee0f5b623f73ef08ac99f6074d028755c43cf106baa85be9c4790',
        '2023-08-17 02:52:57'),
       (109, 'android@email.com', 'donghyeon', '43d9517781bee0f5b623f73ef08ac99f6074d028755c43cf106baa85be9c4790',
        '2023-08-21 23:30:26'),
       (144, 'abcdef3asdf@abc.com', '김길동', '43d9517781bee0f5b623f73ef08ac99f6074d028755c43cf106baa85be9c4790',
        '2023-08-22 05:07:21'),
       (145, 'abcdefggh@abc.com', '김길동', '43d9517781bee0f5b623f73ef08ac99f6074d028755c43cf106baa85be9c4790',
        '2023-08-22 05:09:54'),
       (146, 'abcdefㅁㄹggh@abc.com', '김길동', '43d9517781bee0f5b623f73ef08ac99f6074d028755c43cf106baa85be9c4790',
        '2023-08-22 05:13:29'),
       (147, 'adasfasdfsdafads@abc.com', '김길동', '43d9517781bee0f5b623f73ef08ac99f6074d028755c43cf106baa85be9c4790',
        '2023-08-22 05:15:54');
/*!40000 ALTER TABLE `user`
    ENABLE KEYS */;
UNLOCK TABLES;

--
-- Table structure for table `wheelType`
--

DROP TABLE IF EXISTS `wheelType`;
/*!40101 SET @saved_cs_client = @@character_set_client */;
/*!50503 SET character_set_client = utf8mb4 */;
CREATE TABLE `wheelType`
(
    `id`               int          NOT NULL AUTO_INCREMENT,
    `name`             varchar(255) NOT NULL,
    `description`      text         NOT NULL,
    `additional_price` int          NOT NULL,
    `image_url`        varchar(255) NOT NULL,
    `model_id`         int          NOT NULL,
    PRIMARY KEY (`id`),
    KEY `FK_model_TO_wheel_type_1` (`model_id`),
    CONSTRAINT `FK_model_TO_wheel_type_1` FOREIGN KEY (`model_id`) REFERENCES `model` (`id`)
) ENGINE = InnoDB
  AUTO_INCREMENT = 3
  DEFAULT CHARSET = utf8mb4
  COLLATE = utf8mb4_0900_ai_ci;
/*!40101 SET character_set_client = @saved_cs_client */;

--
-- Dumping data for table `wheelType`
--

LOCK TABLES `wheelType` WRITE;
/*!40000 ALTER TABLE `wheelType`
    DISABLE KEYS */;
INSERT INTO `wheelType`
VALUES (1, '2WD', '엔진에서 전달되는 동력이 전/후륜 바퀴 중 한쪽으로만 전달되어 차량을 움직이는 방식입니다\n차체가 가벼워 연료 효율이 높습니다', 0,
        'https://88hey-bucket.s3.ap-northeast-2.amazonaws.com/88hey/wheel-drive/2wd.jpg', 1),
       (2, '4WD', '전자식 상시 4륜 구동 시스템 입니다\n도로의 상황이나 주행 환경에 맞춰 전후륜 구동력을 자동배분하여 주행 안전성을 높여줍니다', 2370000,
        'https://88hey-bucket.s3.ap-northeast-2.amazonaws.com/88hey/wheel-drive/4wd.jpg', 1);
/*!40000 ALTER TABLE `wheelType`
    ENABLE KEYS */;
UNLOCK TABLES;
/*!40103 SET TIME_ZONE = @OLD_TIME_ZONE */;

/*!40101 SET SQL_MODE = @OLD_SQL_MODE */;
/*!40014 SET FOREIGN_KEY_CHECKS = @OLD_FOREIGN_KEY_CHECKS */;
/*!40014 SET UNIQUE_CHECKS = @OLD_UNIQUE_CHECKS */;
/*!40101 SET CHARACTER_SET_CLIENT = @OLD_CHARACTER_SET_CLIENT */;
/*!40101 SET CHARACTER_SET_RESULTS = @OLD_CHARACTER_SET_RESULTS */;
/*!40101 SET COLLATION_CONNECTION = @OLD_COLLATION_CONNECTION */;
/*!40111 SET SQL_NOTES = @OLD_SQL_NOTES */;

-- Dump completed on 2023-08-23 14:21:40
